risk_source,risk_threshold,eta_null,kappa,lambda_penalty,beta_base,beta_collapse,null_key_scale,null_value_scale,normalize_hidden,benign_collapse,benign_complex_collapse,direct_jailbreak_collapse,obfuscated_jailbreak_collapse,long_context_jailbreak_collapse,jailbreak_collapse,score,mean_m_null_benign_complex,mean_m_null_jailbreak
surface,0.1,4.0,8.0,0.0,1.0,2.5,0.0,0.0,1,0.7857142857142857,0.5,1.0,1.0,1.0,1.0,0.3035714285714286,0.6056511644024942,0.9179881337880093
surface,0.1,4.0,8.0,0.0,1.0,4.0,0.0,0.0,1,0.9285714285714286,0.75,1.0,1.0,1.0,1.0,0.01785714285714285,0.7752570520421426,0.9736123247309173
surface,0.1,4.0,8.0,0.1,1.0,2.5,0.0,0.0,1,0.7857142857142857,0.5,1.0,1.0,1.0,1.0,0.3035714285714286,0.6079205576469071,0.9193539447980298
surface,0.1,4.0,8.0,0.1,1.0,4.0,0.0,0.0,1,0.9285714285714286,0.75,1.0,1.0,1.0,1.0,0.01785714285714285,0.7766174427970565,0.9740867905788734
surface,0.1,4.0,8.0,0.25,1.0,2.5,0.0,0.0,1,0.7857142857142857,0.5,1.0,1.0,1.0,1.0,0.3035714285714286,0.61127602172129,0.9213207710633792
surface,0.1,4.0,8.0,0.25,1.0,4.0,0.0,0.0,1,0.9285714285714286,0.75,1.0,1.0,1.0,1.0,0.01785714285714285,0.7786197227952469,0.9747804054285162
surface,0.1,4.0,18.0,0.0,1.0,2.5,0.0,0.0,1,0.5714285714285714,0.5,1.0,1.0,1.0,0.875,0.23214285714285715,0.5323107475052835,0.9241146024469429
surface,0.1,4.0,18.0,0.0,1.0,4.0,0.0,0.0,1,0.8571428571428571,0.75,1.0,1.0,1.0,1.0,0.035714285714285726,0.6397276527194643,0.958956329580298
surface,0.1,4.0,18.0,0.1,1.0,2.5,0.0,0.0,1,0.5714285714285714,0.5,1.0,1.0,1.0,0.875,0.23214285714285715,0.5339302061638346,0.9247421468236842
surface,0.1,4.0,18.0,0.1,1.0,4.0,0.0,0.0,1,0.8571428571428571,0.75,1.0,1.0,1.0,1.0,0.035714285714285726,0.6411810109563645,0.959453870377524
surface,0.1,4.0,18.0,0.25,1.0,2.5,0.0,0.0,1,0.5714285714285714,0.5,1.0,1.0,1.0,0.875,0.23214285714285715,0.5363449875032644,0.9256561557944959
surface,0.1,4.0,18.0,0.25,1.0,4.0,0.0,0.0,1,0.8571428571428571,0.75,1.0,1.0,1.0,1.0,0.035714285714285726,0.6433397862107448,0.9601935571262882
surface,0.1,4.0,30.0,0.0,1.0,2.5,0.0,0.0,1,0.35714285714285715,0.5,1.0,1.0,1.0,0.875,0.2857142857142857,0.488707244412923,0.9133397690029796
surface,0.1,4.0,30.0,0.0,1.0,4.0,0.0,0.0,1,0.7857142857142857,0.5,1.0,1.0,1.0,0.9583333333333334,0.261904761904762,0.566721734361993,0.9368980833382264
surface,0.1,4.0,30.0,0.1,1.0,2.5,0.0,0.0,1,0.35714285714285715,0.5,1.0,1.0,1.0,0.875,0.2857142857142857,0.49007541187644943,0.9137885908034145
surface,0.1,4.0,30.0,0.1,1.0,4.0,0.0,0.0,1,0.7857142857142857,0.5,1.0,1.0,1.0,0.9583333333333334,0.261904761904762,0.5679604168010928,0.9374144515052097
surface,0.1,4.0,30.0,0.25,1.0,2.5,0.0,0.0,1,0.35714285714285715,0.5,1.0,1.0,1.0,0.875,0.2857142857142857,0.49211980960865154,0.9144438062248521
surface,0.1,4.0,30.0,0.25,1.0,4.0,0.0,0.0,1,0.7857142857142857,0.5,1.0,1.0,1.0,0.9583333333333334,0.261904761904762,0.5698039527574831,0.9381888202731806
surface,0.1,8.0,8.0,0.0,1.0,2.5,0.0,0.0,1,1.0,1.0,1.0,1.0,1.0,1.0,-0.25,0.9199532139468594,0.9953403046289471
surface,0.1,8.0,8.0,0.0,1.0,4.0,0.0,0.0,1,1.0,1.0,1.0,1.0,1.0,1.0,-0.25,0.9741217829092559,0.9996230622770822
surface,0.1,8.0,8.0,0.1,1.0,2.5,0.0,0.0,1,1.0,1.0,1.0,1.0,1.0,1.0,-0.25,0.9201634529391919,0.9954038682061231
surface,0.1,8.0,8.0,0.1,1.0,4.0,0.0,0.0,1,1.0,1.0,1.0,1.0,1.0,1.0,-0.25,0.9741498715775192,0.9996301944748457
surface,0.1,8.0,8.0,0.25,1.0,2.5,0.0,0.0,1,1.0,1.0,1.0,1.0,1.0,1.0,-0.25,0.9204739633429562,0.9954975230679867
surface,0.1,8.0,8.0,0.25,1.0,4.0,0.0,0.0,1,1.0,1.0,1.0,1.0,1.0,1.0,-0.25,0.9741911142106808,0.9996406391505371
surface,0.1,8.0,18.0,0.0,1.0,2.5,0.0,0.0,1,0.8571428571428571,0.75,1.0,1.0,1.0,1.0,0.035714285714285726,0.7610013032625921,0.9894615967070415
surface,0.1,8.0,18.0,0.0,1.0,4.0,0.0,0.0,1,0.8571428571428571,0.75,1.0,1.0,1.0,1.0,0.035714285714285726,0.8099390871296358,0.9984699654466834
surface,0.1,8.0,18.0,0.1,1.0,2.5,0.0,0.0,1,0.8571428571428571,0.75,1.0,1.0,1.0,1.0,0.035714285714285726,0.7614547721290569,0.9895858558118729
surface,0.1,8.0,18.0,0.1,1.0,4.0,0.0,0.0,1,0.8571428571428571,0.75,1.0,1.0,1.0,1.0,0.035714285714285726,0.8100959024613834,0.9984967275209472
surface,0.1,8.0,18.0,0.25,1.0,2.5,0.0,0.0,1,0.8571428571428571,0.75,1.0,1.0,1.0,1.0,0.035714285714285726,0.7621280724171237,0.9897697403863882
surface,0.1,8.0,18.0,0.25,1.0,4.0,0.0,0.0,1,0.8571428571428571,0.75,1.0,1.0,1.0,1.0,0.035714285714285726,0.8103272317856653,0.9985360058940521
surface,0.1,8.0,30.0,0.0,1.0,2.5,0.0,0.0,1,0.8571428571428571,0.75,1.0,1.0,1.0,1.0,0.035714285714285726,0.6615754682792778,0.9755964588326722
surface,0.1,8.0,30.0,0.0,1.0,4.0,0.0,0.0,1,0.8571428571428571,0.75,1.0,1.0,1.0,1.0,0.035714285714285726,0.7167778763018252,0.9935054926216313
surface,0.1,8.0,30.0,0.1,1.0,2.5,0.0,0.0,1,0.8571428571428571,0.75,1.0,1.0,1.0,1.0,0.035714285714285726,0.662244216457293,0.9758360924578335
surface,0.1,8.0,30.0,0.1,1.0,4.0,0.0,0.0,1,0.8571428571428571,0.75,1.0,1.0,1.0,1.0,0.035714285714285726,0.7173573225122444,0.9936063484811827
surface,0.1,8.0,30.0,0.25,1.0,2.5,0.0,0.0,1,0.8571428571428571,0.75,1.0,1.0,1.0,1.0,0.035714285714285726,0.6632439019372565,0.9761921810393263
surface,0.1,8.0,30.0,0.25,1.0,4.0,0.0,0.0,1,0.8571428571428571,0.75,1.0,1.0,1.0,1.0,0.035714285714285726,0.7182192086321321,0.9937548579556296
surface,0.1,12.0,8.0,0.0,1.0,2.5,0.0,0.0,1,1.0,1.0,1.0,1.0,1.0,1.0,-0.25,0.9862121008637104,0.9997912925743241
surface,0.1,12.0,8.0,0.0,1.0,4.0,0.0,0.0,1,1.0,1.0,1.0,1.0,1.0,1.0,-0.25,0.9975511440207324,0.9999952865775873
surface,0.1,12.0,8.0,0.1,1.0,2.5,0.0,0.0,1,1.0,1.0,1.0,1.0,1.0,1.0,-0.25,0.98622308503822,0.9997941142494501
surface,0.1,12.0,8.0,0.1,1.0,4.0,0.0,0.0,1,1.0,1.0,1.0,1.0,1.0,1.0,-0.25,0.997551594085069,0.9999953755170315
surface,0.1,12.0,8.0,0.25,1.0,2.5,0.0,0.0,1,1.0,1.0,1.0,1.0,1.0,1.0,-0.25,0.9862393098513835,0.9997982747515693
surface,0.1,12.0,8.0,0.25,1.0,4.0,0.0,0.0,1,1.0,1.0,1.0,1.0,1.0,1.0,-0.25,0.9975522554705739,0.9999955057877535
surface,0.1,12.0,18.0,0.0,1.0,2.5,0.0,0.0,1,0.9285714285714286,0.75,1.0,1.0,1.0,1.0,0.01785714285714285,0.8406236385433532,0.999198298169982
surface,0.1,12.0,18.0,0.0,1.0,4.0,0.0,0.0,1,0.9285714285714286,0.75,1.0,1.0,1.0,1.0,0.01785714285714285,0.8676460953851205,0.9999605678726834
surface,0.1,12.0,18.0,0.1,1.0,2.5,0.0,0.0,1,0.9285714285714286,0.75,1.0,1.0,1.0,1.0,0.01785714285714285,0.8406852453517205,0.9992085335308621
surface,0.1,12.0,18.0,0.1,1.0,4.0,0.0,0.0,1,0.9285714285714286,0.75,1.0,1.0,1.0,1.0,0.01785714285714285,0.867654273191134,0.9999612657791626
surface,0.1,12.0,18.0,0.25,1.0,2.5,0.0,0.0,1,0.9285714285714286,0.75,1.0,1.0,1.0,1.0,0.01785714285714285,0.8407764740224284,0.999223643600136
surface,0.1,12.0,18.0,0.25,1.0,4.0,0.0,0.0,1,0.9285714285714286,0.75,1.0,1.0,1.0,1.0,0.01785714285714285,0.8676663238557044,0.9999622895539672
surface,0.1,12.0,30.0,0.0,1.0,2.5,0.0,0.0,1,0.8571428571428571,0.75,1.0,1.0,1.0,1.0,0.035714285714285726,0.7467484384455874,0.9966319480627565
surface,0.1,12.0,30.0,0.0,1.0,4.0,0.0,0.0,1,0.8571428571428571,0.75,1.0,1.0,1.0,1.0,0.035714285714285726,0.7733696585415368,0.9996330674472819
surface,0.1,12.0,30.0,0.1,1.0,2.5,0.0,0.0,1,0.8571428571428571,0.75,1.0,1.0,1.0,1.0,0.035714285714285726,0.7470434841451873,0.9966718671467389
surface,0.1,12.0,30.0,0.1,1.0,4.0,0.0,0.0,1,0.8571428571428571,0.75,1.0,1.0,1.0,1.0,0.035714285714285726,0.773487982147236,0.9996390563002521
surface,0.1,12.0,30.0,0.25,1.0,2.5,0.0,0.0,1,0.8571428571428571,0.75,1.0,1.0,1.0,1.0,0.035714285714285726,0.7474821606037841,0.9967308842646981
surface,0.1,12.0,30.0,0.25,1.0,4.0,0.0,0.0,1,0.8571428571428571,0.75,1.0,1.0,1.0,1.0,0.035714285714285726,0.7736629184294133,0.9996478573225401
surface,0.1,20.0,8.0,0.0,1.0,2.5,0.0,0.0,1,1.0,1.0,1.0,1.0,1.0,1.0,-0.25,0.9996394944068089,0.9999995870940724
surface,0.1,20.0,8.0,0.0,1.0,4.0,0.0,0.0,1,1.0,1.0,1.0,1.0,1.0,1.0,-0.25,0.9999796117876132,0.9999999992614619
surface,0.1,20.0,8.0,0.1,1.0,2.5,0.0,0.0,1,1.0,1.0,1.0,1.0,1.0,1.0,-0.25,0.9996395241827647,0.9999995926411329
surface,0.1,20.0,8.0,0.1,1.0,4.0,0.0,0.0,1,1.0,1.0,1.0,1.0,1.0,1.0,-0.25,0.999979611918504,0.9999999992753922
surface,0.1,20.0,8.0,0.25,1.0,2.5,0.0,0.0,1,1.0,1.0,1.0,1.0,1.0,1.0,-0.25,0.9996395681996603,0.9999996008222586
surface,0.1,20.0,8.0,0.25,1.0,4.0,0.0,0.0,1,1.0,1.0,1.0,1.0,1.0,1.0,-0.25,0.9999796121109786,0.9999999992957965
surface,0.1,20.0,18.0,0.0,1.0,2.5,0.0,0.0,1,1.0,1.0,1.0,1.0,1.0,1.0,-0.25,0.9283373305344322,0.9999960298285865
surface,0.1,20.0,18.0,0.0,1.0,4.0,0.0,0.0,1,1.0,1.0,1.0,1.0,1.0,1.0,-0.25,0.9547349200305568,0.9999999744236149
surface,0.1,20.0,18.0,0.1,1.0,2.5,0.0,0.0,1,1.0,1.0,1.0,1.0,1.0,1.0,-0.25,0.928338055581795,0.9999960808367865
surface,0.1,20.0,18.0,0.1,1.0,4.0,0.0,0.0,1,1.0,1.0,1.0,1.0,1.0,1.0,-0.25,0.9547349398614646,0.9999999748764302
surface,0.1,20.0,18.0,0.25,1.0,2.5,0.0,0.0,1,1.0,1.0,1.0,1.0,1.0,1.0,-0.25,0.928339128909522,0.9999961561229856
surface,0.1,20.0,18.0,0.25,1.0,4.0,0.0,0.0,1,1.0,1.0,1.0,1.0,1.0,1.0,-0.25,0.9547349690833453,0.999999975540666
surface,0.1,20.0,30.0,0.0,1.0,2.5,0.0,0.0,1,0.8571428571428571,0.75,1.0,1.0,1.0,1.0,0.035714285714285726,0.7936372856164915,0.9999549552647479
surface,0.1,20.0,30.0,0.0,1.0,4.0,0.0,0.0,1,0.8571428571428571,0.75,1.0,1.0,1.0,1.0,0.035714285714285726,0.7976515509362768,0.9999989382258332
surface,0.1,20.0,30.0,0.1,1.0,2.5,0.0,0.0,1,0.8571428571428571,0.75,1.0,1.0,1.0,1.0,0.035714285714285726,0.7936537856100636,0.9999555035954591
surface,0.1,20.0,30.0,0.1,1.0,4.0,0.0,0.0,1,0.8571428571428571,0.75,1.0,1.0,1.0,1.0,0.035714285714285726,0.7976536763611016,0.9999989556056562
surface,0.1,20.0,30.0,0.25,1.0,2.5,0.0,0.0,1,0.8571428571428571,0.75,1.0,1.0,1.0,1.0,0.035714285714285726,0.7936782416785201,0.9999563136060035
surface,0.1,20.0,30.0,0.25,1.0,4.0,0.0,0.0,1,0.8571428571428571,0.75,1.0,1.0,1.0,1.0,0.035714285714285726,0.7976568149646424,0.999998981143445
surface,0.1,32.0,8.0,0.0,1.0,2.5,0.0,0.0,1,1.0,1.0,1.0,1.0,1.0,1.0,-0.25,0.9999984602703154,0.9999999999634204
surface,0.1,32.0,8.0,0.0,1.0,4.0,0.0,0.0,1,1.0,1.0,1.0,1.0,1.0,1.0,-0.25,0.9999999844833641,0.9999999999999986
surface,0.1,32.0,8.0,0.1,1.0,2.5,0.0,0.0,1,1.0,1.0,1.0,1.0,1.0,1.0,-0.25,0.9999984602751066,0.9999999999639116
surface,0.1,32.0,8.0,0.1,1.0,4.0,0.0,0.0,1,1.0,1.0,1.0,1.0,1.0,1.0,-0.25,0.9999999844833648,0.9999999999999986
surface,0.1,32.0,8.0,0.25,1.0,2.5,0.0,0.0,1,1.0,1.0,1.0,1.0,1.0,1.0,-0.25,0.9999984602821922,0.9999999999646363
surface,0.1,32.0,8.0,0.25,1.0,4.0,0.0,0.0,1,1.0,1.0,1.0,1.0,1.0,1.0,-0.25,0.9999999844833658,0.9999999999999987
surface,0.1,32.0,18.0,0.0,1.0,2.5,0.0,0.0,1,1.0,1.0,1.0,1.0,1.0,1.0,-0.25,0.9878862966449227,0.9999999986296012
surface,0.1,32.0,18.0,0.0,1.0,4.0,0.0,0.0,1,1.0,1.0,1.0,1.0,1.0,1.0,-0.25,0.9952110718756954,0.9999999999995777
surface,0.1,32.0,18.0,0.1,1.0,2.5,0.0,0.0,1,1.0,1.0,1.0,1.0,1.0,1.0,-0.25,0.9878862975497577,0.9999999986472085
surface,0.1,32.0,18.0,0.1,1.0,4.0,0.0,0.0,1,1.0,1.0,1.0,1.0,1.0,1.0,-0.25,0.995211071878064,0.9999999999995852
surface,0.1,32.0,18.0,0.25,1.0,2.5,0.0,0.0,1,1.0,1.0,1.0,1.0,1.0,1.0,-0.25,0.9878862988892589,0.999999998673196
surface,0.1,32.0,18.0,0.25,1.0,4.0,0.0,0.0,1,1.0,1.0,1.0,1.0,1.0,1.0,-0.25,0.9952110718815543,0.9999999999995962
surface,0.1,32.0,30.0,0.0,1.0,2.5,0.0,0.0,1,0.9285714285714286,0.75,1.0,1.0,1.0,1.0,0.01785714285714285,0.8223999604959205,0.99999993307465
surface,0.1,32.0,30.0,0.0,1.0,4.0,0.0,0.0,1,0.9285714285714286,0.75,1.0,1.0,1.0,1.0,0.01785714285714285,0.827957092552922,0.9999999998354531
surface,0.1,32.0,30.0,0.1,1.0,2.5,0.0,0.0,1,0.9285714285714286,0.75,1.0,1.0,1.0,1.0,0.01785714285714285,0.8224001056764321,0.9999999338896245
surface,0.1,32.0,30.0,0.1,1.0,4.0,0.0,0.0,1,0.9285714285714286,0.75,1.0,1.0,1.0,1.0,0.01785714285714285,0.8279570971091633,0.9999999998381465
surface,0.1,32.0,30.0,0.25,1.0,2.5,0.0,0.0,1,0.9285714285714286,0.75,1.0,1.0,1.0,1.0,0.01785714285714285,0.8224003208262111,0.9999999350935161
surface,0.1,32.0,30.0,0.25,1.0,4.0,0.0,0.0,1,0.9285714285714286,0.75,1.0,1.0,1.0,1.0,0.01785714285714285,0.8279571038371994,0.9999999998421042
surface,0.18,4.0,8.0,0.0,1.0,2.5,0.0,0.0,1,0.2857142857142857,0.25,1.0,1.0,1.0,0.875,0.5535714285714286,0.36038206180644655,0.8155678777159768
surface,0.18,4.0,8.0,0.0,1.0,4.0,0.0,0.0,1,0.35714285714285715,0.5,1.0,1.0,1.0,0.875,0.2857142857142857,0.4889847786468721,0.8947507119304148
surface,0.18,4.0,8.0,0.1,1.0,2.5,0.0,0.0,1,0.2857142857142857,0.25,1.0,1.0,1.0,0.875,0.5535714285714286,0.363403302652439,0.8183055931156815
surface,0.18,4.0,8.0,0.1,1.0,4.0,0.0,0.0,1,0.35714285714285715,0.5,1.0,1.0,1.0,0.875,0.2857142857142857,0.49181018221208217,0.8961483987661364
surface,0.18,4.0,8.0,0.25,1.0,2.5,0.0,0.0,1,0.2857142857142857,0.25,1.0,1.0,1.0,0.875,0.5535714285714286,0.36790175234654143,0.8222708327925129
surface,0.18,4.0,8.0,0.25,1.0,4.0,0.0,0.0,1,0.35714285714285715,0.5,1.0,1.0,1.0,0.875,0.2857142857142857,0.4959864376328478,0.8981843561915227
surface,0.18,4.0,18.0,0.0,1.0,2.5,0.0,0.0,1,0.2857142857142857,0.25,1.0,1.0,1.0,0.7916666666666666,0.47023809523809523,0.26558485109064334,0.8142092753575615
surface,0.18,4.0,18.0,0.0,1.0,4.0,0.0,0.0,1,0.2857142857142857,0.25,1.0,1.0,1.0,0.875,0.5535714285714286,0.3240960234214493,0.8527903549011282
surface,0.18,4.0,18.0,0.1,1.0,2.5,0.0,0.0,1,0.2857142857142857,0.25,1.0,1.0,1.0,0.7916666666666666,0.47023809523809523,0.26776944493559246,0.8155391278496956
surface,0.18,4.0,18.0,0.1,1.0,4.0,0.0,0.0,1,0.2857142857142857,0.25,1.0,1.0,1.0,0.875,0.5535714285714286,0.32553307266514114,0.8538155387630465
surface,0.18,4.0,18.0,0.25,1.0,2.5,0.0,0.0,1,0.2857142857142857,0.25,1.0,1.0,1.0,0.7916666666666666,0.47023809523809523,0.2710043101411989,0.8174879586228041
surface,0.18,4.0,18.0,0.25,1.0,4.0,0.0,0.0,1,0.2857142857142857,0.25,1.0,1.0,1.0,0.875,0.5535714285714286,0.32764791297915014,0.8553268709382555
surface,0.18,4.0,30.0,0.0,1.0,2.5,0.0,0.0,1,0.2857142857142857,0.25,1.0,1.0,1.0,0.7916666666666666,0.47023809523809523,0.2525651350158083,0.8051236476915533
surface,0.18,4.0,30.0,0.0,1.0,4.0,0.0,0.0,1,0.2857142857142857,0.25,1.0,1.0,1.0,0.8333333333333334,0.511904761904762,0.29650902973751253,0.8318207379127284
surface,0.18,4.0,30.0,0.1,1.0,2.5,0.0,0.0,1,0.2857142857142857,0.25,1.0,1.0,1.0,0.7916666666666666,0.47023809523809523,0.25432812093865037,0.8060681293607527
surface,0.18,4.0,30.0,0.1,1.0,4.0,0.0,0.0,1,0.2857142857142857,0.25,1.0,1.0,1.0,0.8333333333333334,0.511904761904762,0.29734477717024266,0.8327649737347135
surface,0.18,4.0,30.0,0.25,1.0,2.5,0.0,0.0,1,0.2857142857142857,0.25,1.0,1.0,1.0,0.7916666666666666,0.47023809523809523,0.2569232761430351,0.8074644156786662
surface,0.18,4.0,30.0,0.25,1.0,4.0,0.0,0.0,1,0.2857142857142857,0.25,1.0,1.0,1.0,0.8333333333333334,0.511904761904762,0.29856400686683515,0.8341694741065755
surface,0.18,8.0,8.0,0.0,1.0,2.5,0.0,0.0,1,0.8571428571428571,0.75,1.0,1.0,1.0,1.0,0.035714285714285726,0.6902024714143058,0.9544347025460067
surface,0.18,8.0,8.0,0.0,1.0,4.0,0.0,0.0,1,0.9285714285714286,0.75,1.0,1.0,1.0,1.0,0.01785714285714285,0.8033353761705997,0.98264125129884
surface,0.18,8.0,8.0,0.1,1.0,2.5,0.0,0.0,1,0.8571428571428571,0.75,1.0,1.0,1.0,1.0,0.035714285714285726,0.69145035720098,0.9548779486008833
surface,0.18,8.0,8.0,0.1,1.0,4.0,0.0,0.0,1,0.9285714285714286,0.75,1.0,1.0,1.0,1.0,0.01785714285714285,0.8041064239378738,0.9828796740238109
surface,0.18,8.0,8.0,0.25,1.0,2.5,0.0,0.0,1,0.8571428571428571,0.75,1.0,1.0,1.0,1.0,0.035714285714285726,0.6933047810932663,0.9555341364551685
surface,0.18,8.0,8.0,0.25,1.0,4.0,0.0,0.0,1,0.9285714285714286,0.75,1.0,1.0,1.0,1.0,0.01785714285714285,0.8052466862300404,0.9832316672324674
surface,0.18,8.0,18.0,0.0,1.0,2.5,0.0,0.0,1,0.2857142857142857,0.25,1.0,1.0,1.0,0.875,0.5535714285714286,0.38713400307420487,0.8878258193045144
surface,0.18,8.0,18.0,0.0,1.0,4.0,0.0,0.0,1,0.2857142857142857,0.25,1.0,1.0,1.0,0.875,0.5535714285714286,0.41794048285305385,0.9002203906314238
surface,0.18,8.0,18.0,0.1,1.0,2.5,0.0,0.0,1,0.2857142857142857,0.25,1.0,1.0,1.0,0.875,0.5535714285714286,0.3881185660118708,0.888215852529899
surface,0.18,8.0,18.0,0.1,1.0,4.0,0.0,0.0,1,0.2857142857142857,0.25,1.0,1.0,1.0,0.875,0.5535714285714286,0.41918558477345097,0.9005105380158686
surface,0.18,8.0,18.0,0.25,1.0,2.5,0.0,0.0,1,0.2857142857142857,0.25,1.0,1.0,1.0,0.875,0.5535714285714286,0.38960020301531756,0.888794646262335
surface,0.18,8.0,18.0,0.25,1.0,4.0,0.0,0.0,1,0.2857142857142857,0.25,1.0,1.0,1.0,0.875,0.5535714285714286,0.4210612050865861,0.9009456569332698
surface,0.18,8.0,30.0,0.0,1.0,2.5,0.0,0.0,1,0.2857142857142857,0.25,1.0,1.0,1.0,0.875,0.5535714285714286,0.3154734858811065,0.863577867838769
surface,0.18,8.0,30.0,0.0,1.0,4.0,0.0,0.0,1,0.2857142857142857,0.25,1.0,1.0,1.0,0.875,0.5535714285714286,0.3186809408197961,0.8776154194277742
surface,0.18,8.0,30.0,0.1,1.0,2.5,0.0,0.0,1,0.2857142857142857,0.25,1.0,1.0,1.0,0.875,0.5535714285714286,0.31591888774680177,0.8640204674599445
surface,0.18,8.0,30.0,0.1,1.0,4.0,0.0,0.0,1,0.2857142857142857,0.25,1.0,1.0,1.0,0.875,0.5535714285714286,0.31914782425876437,0.8778871335301207
surface,0.18,8.0,30.0,0.25,1.0,2.5,0.0,0.0,1,0.2857142857142857,0.25,1.0,1.0,1.0,0.875,0.5535714285714286,0.31659065139994297,0.8646763480659488
surface,0.18,8.0,30.0,0.25,1.0,4.0,0.0,0.0,1,0.2857142857142857,0.25,1.0,1.0,1.0,0.875,0.5535714285714286,0.3198553542095173,0.8782873640605663
surface,0.18,12.0,8.0,0.0,1.0,2.5,0.0,0.0,1,1.0,1.0,1.0,1.0,1.0,1.0,-0.25,0.865960756480777,0.990564910008961
surface,0.18,12.0,8.0,0.0,1.0,4.0,0.0,0.0,1,1.0,1.0,1.0,1.0,1.0,1.0,-0.25,0.9287919351982842,0.9982217644067695
surface,0.18,12.0,8.0,0.1,1.0,2.5,0.0,0.0,1,1.0,1.0,1.0,1.0,1.0,1.0,-0.25,0.866310404093476,0.9906698319052425
surface,0.18,12.0,8.0,0.1,1.0,4.0,0.0,0.0,1,1.0,1.0,1.0,1.0,1.0,1.0,-0.25,0.9288948160747795,0.9982487238237515
surface,0.18,12.0,8.0,0.25,1.0,2.5,0.0,0.0,1,1.0,1.0,1.0,1.0,1.0,1.0,-0.25,0.8668285751546629,0.9908250967365929
surface,0.18,12.0,8.0,0.25,1.0,4.0,0.0,0.0,1,1.0,1.0,1.0,1.0,1.0,1.0,-0.25,0.9290465690219489,0.9982884051982069
surface,0.18,12.0,18.0,0.0,1.0,2.5,0.0,0.0,1,0.35714285714285715,0.5,1.0,1.0,1.0,0.875,0.2857142857142857,0.4705070412612029,0.9116923880995073
surface,0.18,12.0,18.0,0.0,1.0,4.0,0.0,0.0,1,0.35714285714285715,0.5,1.0,1.0,1.0,0.875,0.2857142857142857,0.5185560681037548,0.9223318570995924
surface,0.18,12.0,18.0,0.1,1.0,2.5,0.0,0.0,1,0.35714285714285715,0.5,1.0,1.0,1.0,0.875,0.2857142857142857,0.47163429994093936,0.9119666071053238
surface,0.18,12.0,18.0,0.1,1.0,4.0,0.0,0.0,1,0.35714285714285715,0.5,1.0,1.0,1.0,0.875,0.2857142857142857,0.519824284002819,0.9226693026051539
surface,0.18,12.0,18.0,0.25,1.0,2.5,0.0,0.0,1,0.35714285714285715,0.5,1.0,1.0,1.0,0.875,0.2857142857142857,0.47332616160234275,0.9123788984488859
surface,0.18,12.0,18.0,0.25,1.0,4.0,0.0,0.0,1,0.35714285714285715,0.5,1.0,1.0,1.0,0.875,0.2857142857142857,0.5217211233429901,0.9231770605950218
surface,0.18,12.0,30.0,0.0,1.0,2.5,0.0,0.0,1,0.2857142857142857,0.25,1.0,1.0,1.0,0.875,0.5535714285714286,0.3301200875631294,0.8826000146713953
surface,0.18,12.0,30.0,0.0,1.0,4.0,0.0,0.0,1,0.2857142857142857,0.25,1.0,1.0,1.0,0.875,0.5535714285714286,0.33440729934261365,0.8861641857030489
surface,0.18,12.0,30.0,0.1,1.0,2.5,0.0,0.0,1,0.2857142857142857,0.25,1.0,1.0,1.0,0.875,0.5535714285714286,0.3306299575252221,0.8827709063219796
surface,0.18,12.0,30.0,0.1,1.0,4.0,0.0,0.0,1,0.2857142857142857,0.25,1.0,1.0,1.0,0.875,0.5535714285714286,0.3349970504907919,0.8862814170703287
surface,0.18,12.0,30.0,0.25,1.0,2.5,0.0,0.0,1,0.2857142857142857,0.25,1.0,1.0,1.0,0.875,0.5535714285714286,0.3314014421131867,0.8830253316465319
surface,0.18,12.0,30.0,0.25,1.0,4.0,0.0,0.0,1,0.2857142857142857,0.25,1.0,1.0,1.0,0.875,0.5535714285714286,0.3358898839150054,0.8864576002647797
surface,0.18,20.0,8.0,0.0,1.0,2.5,0.0,0.0,1,1.0,1.0,1.0,1.0,1.0,1.0,-0.25,0.9779895103193751,0.9997363255295882
surface,0.18,20.0,8.0,0.0,1.0,4.0,0.0,0.0,1,1.0,1.0,1.0,1.0,1.0,1.0,-0.25,0.992519320815366,0.999984997977576
surface,0.18,20.0,8.0,0.1,1.0,2.5,0.0,0.0,1,1.0,1.0,1.0,1.0,1.0,1.0,-0.25,0.9780021836294447,0.9997393971081272
surface,0.18,20.0,8.0,0.1,1.0,4.0,0.0,0.0,1,1.0,1.0,1.0,1.0,1.0,1.0,-0.25,0.9925205521107854,0.9999852278289175
surface,0.18,20.0,8.0,0.25,1.0,2.5,0.0,0.0,1,1.0,1.0,1.0,1.0,1.0,1.0,-0.25,0.9780209475896049,0.9997439374978998
surface,0.18,20.0,8.0,0.25,1.0,4.0,0.0,0.0,1,1.0,1.0,1.0,1.0,1.0,1.0,-0.25,0.9925223688850656,0.9999855660198532
surface,0.18,20.0,18.0,0.0,1.0,2.5,0.0,0.0,1,0.7857142857142857,0.5,1.0,1.0,1.0,1.0,0.3035714285714286,0.6262581936996615,0.9536021926428887
surface,0.18,20.0,18.0,0.0,1.0,4.0,0.0,0.0,1,0.8571428571428571,0.75,1.0,1.0,1.0,1.0,0.035714285714285726,0.6700969623050489,0.969321357051609
surface,0.18,20.0,18.0,0.1,1.0,2.5,0.0,0.0,1,0.7857142857142857,0.5,1.0,1.0,1.0,1.0,0.3035714285714286,0.6270619391683151,0.9538848422940095
surface,0.18,20.0,18.0,0.1,1.0,4.0,0.0,0.0,1,0.8571428571428571,0.75,1.0,1.0,1.0,1.0,0.035714285714285726,0.670816429389555,0.9695844593238383
surface,0.18,20.0,18.0,0.25,1.0,2.5,0.0,0.0,1,0.7857142857142857,0.5,1.0,1.0,1.0,1.0,0.3035714285714286,0.6282624936709738,0.954307463127858
surface,0.18,20.0,18.0,0.25,1.0,4.0,0.0,0.0,1,0.8571428571428571,0.75,1.0,1.0,1.0,1.0,0.035714285714285726,0.6718903289758735,0.9699762348057112
surface,0.18,20.0,30.0,0.0,1.0,2.5,0.0,0.0,1,0.2857142857142857,0.25,1.0,1.0,1.0,0.875,0.5535714285714286,0.367094665903197,0.8912960391070989
surface,0.18,20.0,30.0,0.0,1.0,4.0,0.0,0.0,1,0.2857142857142857,0.25,1.0,1.0,1.0,0.875,0.5535714285714286,0.37770483955279877,0.892333522036623
surface,0.18,20.0,30.0,0.1,1.0,2.5,0.0,0.0,1,0.2857142857142857,0.25,1.0,1.0,1.0,0.875,0.5535714285714286,0.36782109645473915,0.8914205582151483
surface,0.18,20.0,30.0,0.1,1.0,4.0,0.0,0.0,1,0.2857142857142857,0.25,1.0,1.0,1.0,0.875,0.5535714285714286,0.37854970133457766,0.892470547536541
surface,0.18,20.0,30.0,0.25,1.0,2.5,0.0,0.0,1,0.2857142857142857,0.25,1.0,1.0,1.0,0.875,0.5535714285714286,0.3689173601558653,0.8916086993972141
surface,0.18,20.0,30.0,0.25,1.0,4.0,0.0,0.0,1,0.2857142857142857,0.25,1.0,1.0,1.0,0.875,0.5535714285714286,0.3798241202763575,0.8926777724583165
surface,0.18,32.0,8.0,0.0,1.0,2.5,0.0,0.0,1,1.0,1.0,1.0,1.0,1.0,1.0,-0.25,0.9988228069952391,0.9999988668672609
surface,0.18,32.0,8.0,0.0,1.0,4.0,0.0,0.0,1,1.0,1.0,1.0,1.0,1.0,1.0,-0.25,0.9997960719435768,0.99999998857814
surface,0.18,32.0,8.0,0.1,1.0,2.5,0.0,0.0,1,1.0,1.0,1.0,1.0,1.0,1.0,-0.25,0.9988228846112793,0.9999988800708738
surface,0.18,32.0,8.0,0.1,1.0,4.0,0.0,0.0,1,1.0,1.0,1.0,1.0,1.0,1.0,-0.25,0.9997960736705738,0.9999999887531459
surface,0.18,32.0,8.0,0.25,1.0,2.5,0.0,0.0,1,1.0,1.0,1.0,1.0,1.0,1.0,-0.25,0.9988229995847137,0.9999988995883676
surface,0.18,32.0,8.0,0.25,1.0,4.0,0.0,0.0,1,1.0,1.0,1.0,1.0,1.0,1.0,-0.25,0.9997960762197916,0.99999998901064
surface,0.18,32.0,18.0,0.0,1.0,2.5,0.0,0.0,1,0.8571428571428571,0.75,1.0,1.0,1.0,1.0,0.035714285714285726,0.7591697547134919,0.9912841373142715
surface,0.18,32.0,18.0,0.0,1.0,4.0,0.0,0.0,1,0.8571428571428571,0.75,1.0,1.0,1.0,1.0,0.035714285714285726,0.7830492707602936,0.9965067060231035
surface,0.18,32.0,18.0,0.1,1.0,2.5,0.0,0.0,1,0.8571428571428571,0.75,1.0,1.0,1.0,1.0,0.035714285714285726,0.7594865194702609,0.9913624622575107
surface,0.18,32.0,18.0,0.1,1.0,4.0,0.0,0.0,1,0.8571428571428571,0.75,1.0,1.0,1.0,1.0,0.035714285714285726,0.7832639887188788,0.9965452209558894
surface,0.18,32.0,18.0,0.25,1.0,2.5,0.0,0.0,1,0.8571428571428571,0.75,1.0,1.0,1.0,1.0,0.035714285714285726,0.7599583158097333,0.9914787286968979
surface,0.18,32.0,18.0,0.25,1.0,4.0,0.0,0.0,1,0.8571428571428571,0.75,1.0,1.0,1.0,1.0,0.035714285714285726,0.7835830290232562,0.9966022208990765
surface,0.18,32.0,30.0,0.0,1.0,2.5,0.0,0.0,1,0.35714285714285715,0.5,1.0,1.0,1.0,0.875,0.2857142857142857,0.44250930009731604,0.9021586083773387
surface,0.18,32.0,30.0,0.0,1.0,4.0,0.0,0.0,1,0.35714285714285715,0.5,1.0,1.0,1.0,0.875,0.2857142857142857,0.4623745740280727,0.9044663913185369
surface,0.18,32.0,30.0,0.1,1.0,2.5,0.0,0.0,1,0.35714285714285715,0.5,1.0,1.0,1.0,0.875,0.2857142857142857,0.4434131130428088,0.9023411374366814
surface,0.18,32.0,30.0,0.1,1.0,4.0,0.0,0.0,1,0.35714285714285715,0.5,1.0,1.0,1.0,0.875,0.2857142857142857,0.4633355297216071,0.9046725825297725
surface,0.18,32.0,30.0,0.25,1.0,2.5,0.0,0.0,1,0.35714285714285715,0.5,1.0,1.0,1.0,0.875,0.2857142857142857,0.44476969587869813,0.9026165826575759
surface,0.18,32.0,30.0,0.25,1.0,4.0,0.0,0.0,1,0.35714285714285715,0.5,1.0,1.0,1.0,0.875,0.2857142857142857,0.46477547915987893,0.9049837270920787
surface,0.26,4.0,8.0,0.0,1.0,2.5,0.0,0.0,1,0.21428571428571427,0.0,1.0,1.0,0.75,0.6666666666666666,0.613095238095238,0.19068189066162644,0.6780725563880883
surface,0.26,4.0,8.0,0.0,1.0,4.0,0.0,0.0,1,0.2857142857142857,0.25,1.0,1.0,1.0,0.75,0.4285714285714286,0.25433702166180383,0.7757286057071807
surface,0.26,4.0,8.0,0.1,1.0,2.5,0.0,0.0,1,0.21428571428571427,0.0,1.0,1.0,0.75,0.6666666666666666,0.613095238095238,0.1930406636273349,0.6823245651967244
surface,0.26,4.0,8.0,0.1,1.0,4.0,0.0,0.0,1,0.2857142857142857,0.25,1.0,1.0,1.0,0.75,0.4285714285714286,0.257767630362589,0.7789133029871421
surface,0.26,4.0,8.0,0.25,1.0,2.5,0.0,0.0,1,0.21428571428571427,0.0,1.0,1.0,0.75,0.7083333333333334,0.6547619047619048,0.19661438049977362,0.6885648372135028
surface,0.26,4.0,8.0,0.25,1.0,4.0,0.0,0.0,1,0.2857142857142857,0.25,1.0,1.0,1.0,0.75,0.4285714285714286,0.2629118722105812,0.7835399017053165
surface,0.26,4.0,18.0,0.0,1.0,2.5,0.0,0.0,1,0.07142857142857142,0.0,1.0,1.0,0.75,0.625,0.6071428571428571,0.09280358892777013,0.6601243642805209
surface,0.26,4.0,18.0,0.0,1.0,4.0,0.0,0.0,1,0.14285714285714285,0.0,1.0,1.0,1.0,0.75,0.7142857142857143,0.10284145354637621,0.7177830457497573
surface,0.26,4.0,18.0,0.1,1.0,2.5,0.0,0.0,1,0.07142857142857142,0.0,1.0,1.0,0.75,0.6666666666666666,0.6488095238095237,0.09392917020509217,0.6628816632564819
surface,0.26,4.0,18.0,0.1,1.0,4.0,0.0,0.0,1,0.14285714285714285,0.0,1.0,1.0,1.0,0.75,0.7142857142857143,0.10439006755984562,0.7201088830466004
surface,0.26,4.0,18.0,0.25,1.0,2.5,0.0,0.0,1,0.07142857142857142,0.0,1.0,1.0,0.75,0.6666666666666666,0.6488095238095237,0.09564866253362332,0.6669482984812923
surface,0.26,4.0,18.0,0.25,1.0,4.0,0.0,0.0,1,0.14285714285714285,0.0,1.0,1.0,1.0,0.75,0.7142857142857143,0.10676138567627864,0.7235218548765502
surface,0.26,4.0,30.0,0.0,1.0,2.5,0.0,0.0,1,0.07142857142857142,0.0,1.0,1.0,0.75,0.625,0.6071428571428571,0.07028592583303692,0.6508255198282279
surface,0.26,4.0,30.0,0.0,1.0,4.0,0.0,0.0,1,0.07142857142857142,0.0,1.0,1.0,0.75,0.6666666666666666,0.6488095238095237,0.07152168013227846,0.6898083953196488
surface,0.26,4.0,30.0,0.1,1.0,2.5,0.0,0.0,1,0.07142857142857142,0.0,1.0,1.0,0.75,0.625,0.6071428571428571,0.07096872980787261,0.6527960324387175
surface,0.26,4.0,30.0,0.1,1.0,4.0,0.0,0.0,1,0.07142857142857142,0.0,1.0,1.0,0.75,0.6666666666666666,0.6488095238095237,0.07229255309030562,0.6918710140111303
surface,0.26,4.0,30.0,0.25,1.0,2.5,0.0,0.0,1,0.07142857142857142,0.0,1.0,1.0,0.75,0.625,0.6071428571428571,0.07201143918395635,0.6557270825586637
surface,0.26,4.0,30.0,0.25,1.0,4.0,0.0,0.0,1,0.07142857142857142,0.0,1.0,1.0,0.75,0.6666666666666666,0.6488095238095237,0.07347252678535146,0.6949362839145743
surface,0.26,8.0,8.0,0.0,1.0,2.5,0.0,0.0,1,0.2857142857142857,0.25,1.0,1.0,1.0,0.875,0.5535714285714286,0.41522722428657133,0.8639027942987232
surface,0.26,8.0,8.0,0.0,1.0,4.0,0.0,0.0,1,0.35714285714285715,0.5,1.0,1.0,1.0,0.875,0.2857142857142857,0.5042209671953102,0.9057805333481093
surface,0.26,8.0,8.0,0.1,1.0,2.5,0.0,0.0,1,0.2857142857142857,0.25,1.0,1.0,1.0,0.875,0.5535714285714286,0.41740045986593355,0.8650860609749754
surface,0.26,8.0,8.0,0.1,1.0,4.0,0.0,0.0,1,0.35714285714285715,0.5,1.0,1.0,1.0,0.875,0.2857142857142857,0.5061719424691639,0.9065977873336885
surface,0.26,8.0,8.0,0.25,1.0,2.5,0.0,0.0,1,0.2857142857142857,0.25,1.0,1.0,1.0,0.875,0.5535714285714286,0.420631167528282,0.8668310791038362
surface,0.26,8.0,8.0,0.25,1.0,4.0,0.0,0.0,1,0.35714285714285715,0.5,1.0,1.0,1.0,0.875,0.2857142857142857,0.5090751146680266,0.9078042366250726
surface,0.26,8.0,18.0,0.0,1.0,2.5,0.0,0.0,1,0.21428571428571427,0.0,1.0,1.0,1.0,0.75,0.6964285714285714,0.15282224832435906,0.7688478452280919
surface,0.26,8.0,18.0,0.0,1.0,4.0,0.0,0.0,1,0.2857142857142857,0.25,1.0,1.0,1.0,0.75,0.4285714285714286,0.18709711867517614,0.7873286524040458
surface,0.26,8.0,18.0,0.1,1.0,2.5,0.0,0.0,1,0.21428571428571427,0.0,1.0,1.0,1.0,0.75,0.6964285714285714,0.15462100807223372,0.7698054780098769
surface,0.26,8.0,18.0,0.1,1.0,4.0,0.0,0.0,1,0.2857142857142857,0.25,1.0,1.0,1.0,0.75,0.4285714285714286,0.18940606250892475,0.788076285390129
surface,0.26,8.0,18.0,0.25,1.0,2.5,0.0,0.0,1,0.21428571428571427,0.0,1.0,1.0,1.0,0.75,0.6964285714285714,0.15734103883868122,0.7712241480651533
surface,0.26,8.0,18.0,0.25,1.0,4.0,0.0,0.0,1,0.2857142857142857,0.25,1.0,1.0,1.0,0.75,0.4285714285714286,0.19287238127961107,0.7892005626838006
surface,0.26,8.0,30.0,0.0,1.0,2.5,0.0,0.0,1,0.14285714285714285,0.0,1.0,1.0,1.0,0.75,0.7142857142857143,0.08283870122772889,0.7359241675814306
surface,0.26,8.0,30.0,0.0,1.0,4.0,0.0,0.0,1,0.14285714285714285,0.0,1.0,1.0,1.0,0.75,0.7142857142857143,0.08669177531358055,0.7570078501150798
surface,0.26,8.0,30.0,0.1,1.0,2.5,0.0,0.0,1,0.14285714285714285,0.0,1.0,1.0,1.0,0.75,0.7142857142857143,0.08372836465038379,0.736944722338039
surface,0.26,8.0,30.0,0.1,1.0,4.0,0.0,0.0,1,0.14285714285714285,0.0,1.0,1.0,1.0,0.75,0.7142857142857143,0.0877399493402114,0.7576501938424295
surface,0.26,8.0,30.0,0.25,1.0,2.5,0.0,0.0,1,0.14285714285714285,0.0,1.0,1.0,1.0,0.75,0.7142857142857143,0.08508564011599273,0.738452331454218
surface,0.26,8.0,30.0,0.25,1.0,4.0,0.0,0.0,1,0.14285714285714285,0.0,1.0,1.0,1.0,0.75,0.7142857142857143,0.08934175588056002,0.7585924201478046
surface,0.26,12.0,8.0,0.0,1.0,2.5,0.0,0.0,1,0.7857142857142857,0.5,1.0,1.0,1.0,0.9583333333333334,0.261904761904762,0.5924439027609766,0.9301218030385731
surface,0.26,12.0,8.0,0.0,1.0,4.0,0.0,0.0,1,0.8571428571428571,0.75,1.0,1.0,1.0,1.0,0.035714285714285726,0.6806711269928594,0.9567393171138746
surface,0.26,12.0,8.0,0.1,1.0,2.5,0.0,0.0,1,0.7857142857142857,0.5,1.0,1.0,1.0,0.9583333333333334,0.261904761904762,0.5938365263179578,0.9306391630796912
surface,0.26,12.0,8.0,0.1,1.0,4.0,0.0,0.0,1,0.8571428571428571,0.75,1.0,1.0,1.0,1.0,0.035714285714285726,0.6819081228942079,0.9571362264056136
surface,0.26,12.0,8.0,0.25,1.0,2.5,0.0,0.0,1,0.7857142857142857,0.5,1.0,1.0,1.0,0.9583333333333334,0.261904761904762,0.5959126960357344,0.9314071100237671
surface,0.26,12.0,8.0,0.25,1.0,4.0,0.0,0.0,1,0.8571428571428571,0.75,1.0,1.0,1.0,1.0,0.035714285714285726,0.6837486479947212,0.957726123663135
surface,0.26,12.0,18.0,0.0,1.0,2.5,0.0,0.0,1,0.2857142857142857,0.25,1.0,1.0,1.0,0.75,0.4285714285714286,0.23043965315947257,0.80187623475471
surface,0.26,12.0,18.0,0.0,1.0,4.0,0.0,0.0,1,0.2857142857142857,0.25,1.0,1.0,1.0,0.7916666666666666,0.47023809523809523,0.27195078824081453,0.8157592570022456
surface,0.26,12.0,18.0,0.1,1.0,2.5,0.0,0.0,1,0.2857142857142857,0.25,1.0,1.0,1.0,0.75,0.4285714285714286,0.2322549470224531,0.8025605262185174
surface,0.26,12.0,18.0,0.1,1.0,4.0,0.0,0.0,1,0.2857142857142857,0.25,1.0,1.0,1.0,0.7916666666666666,0.47023809523809523,0.2735788639324457,0.8165506375389063
surface,0.26,12.0,18.0,0.25,1.0,2.5,0.0,0.0,1,0.2857142857142857,0.25,1.0,1.0,1.0,0.75,0.4285714285714286,0.2349631382289124,0.8035905802113281
surface,0.26,12.0,18.0,0.25,1.0,4.0,0.0,0.0,1,0.2857142857142857,0.25,1.0,1.0,1.0,0.7916666666666666,0.47023809523809523,0.2759845385098759,0.8177397068100057
surface,0.26,12.0,30.0,0.0,1.0,2.5,0.0,0.0,1,0.14285714285714285,0.0,1.0,1.0,1.0,0.75,0.7142857142857143,0.10034997702413984,0.7639129816601811
surface,0.26,12.0,30.0,0.0,1.0,4.0,0.0,0.0,1,0.21428571428571427,0.0,1.0,1.0,1.0,0.75,0.6964285714285714,0.10851071242884068,0.769177255812952
surface,0.26,12.0,30.0,0.1,1.0,2.5,0.0,0.0,1,0.14285714285714285,0.0,1.0,1.0,1.0,0.75,0.7142857142857143,0.10148751743475487,0.7643441161562258
surface,0.26,12.0,30.0,0.1,1.0,4.0,0.0,0.0,1,0.21428571428571427,0.0,1.0,1.0,1.0,0.75,0.6964285714285714,0.10988458152290982,0.7695015398874454
surface,0.26,12.0,30.0,0.25,1.0,2.5,0.0,0.0,1,0.14285714285714285,0.0,1.0,1.0,1.0,0.75,0.7142857142857143,0.10321884410306195,0.7649870663786026
surface,0.26,12.0,30.0,0.25,1.0,4.0,0.0,0.0,1,0.21428571428571427,0.0,1.0,1.0,1.0,0.75,0.6964285714285714,0.11197623167586573,0.7699923288089298
surface,0.26,20.0,8.0,0.0,1.0,2.5,0.0,0.0,1,1.0,1.0,1.0,1.0,1.0,1.0,-0.25,0.8238851253341442,0.98505675790005
surface,0.26,20.0,8.0,0.0,1.0,4.0,0.0,0.0,1,1.0,1.0,1.0,1.0,1.0,1.0,-0.25,0.8793377527094403,0.994624614874633
surface,0.26,20.0,8.0,0.1,1.0,2.5,0.0,0.0,1,1.0,1.0,1.0,1.0,1.0,1.0,-0.25,0.8243409508707579,0.9851952991401117
surface,0.26,20.0,8.0,0.1,1.0,4.0,0.0,0.0,1,1.0,1.0,1.0,1.0,1.0,1.0,-0.25,0.879569614760181,0.9946892967647778
surface,0.26,20.0,8.0,0.25,1.0,2.5,0.0,0.0,1,1.0,1.0,1.0,1.0,1.0,1.0,-0.25,0.8250181371174128,0.985400914697974
surface,0.26,20.0,8.0,0.25,1.0,4.0,0.0,0.0,1,1.0,1.0,1.0,1.0,1.0,1.0,-0.25,0.8799129423733759,0.9947849176618023
surface,0.26,20.0,18.0,0.0,1.0,2.5,0.0,0.0,1,0.2857142857142857,0.25,1.0,1.0,1.0,0.875,0.5535714285714286,0.32541039387898846,0.8490607779999539
surface,0.26,20.0,18.0,0.0,1.0,4.0,0.0,0.0,1,0.2857142857142857,0.25,1.0,1.0,1.0,0.875,0.5535714285714286,0.33854342135262244,0.8634578053955843
surface,0.26,20.0,18.0,0.1,1.0,2.5,0.0,0.0,1,0.2857142857142857,0.25,1.0,1.0,1.0,0.875,0.5535714285714286,0.32624726560324757,0.8496548781920211
surface,0.26,20.0,18.0,0.1,1.0,4.0,0.0,0.0,1,0.2857142857142857,0.25,1.0,1.0,1.0,0.875,0.5535714285714286,0.3392354601959563,0.8639902391446578
surface,0.26,20.0,18.0,0.25,1.0,2.5,0.0,0.0,1,0.2857142857142857,0.25,1.0,1.0,1.0,0.875,0.5535714285714286,0.32749650811929204,0.8505408242372793
surface,0.26,20.0,18.0,0.25,1.0,4.0,0.0,0.0,1,0.2857142857142857,0.25,1.0,1.0,1.0,0.875,0.5535714285714286,0.34027539429139037,0.8647808742781811
surface,0.26,20.0,30.0,0.0,1.0,2.5,0.0,0.0,1,0.21428571428571427,0.0,1.0,1.0,1.0,0.75,0.6964285714285714,0.15126877515250922,0.7766226954133405
surface,0.26,20.0,30.0,0.0,1.0,4.0,0.0,0.0,1,0.21428571428571427,0.0,1.0,1.0,1.0,0.75,0.6964285714285714,0.17103543285390016,0.778730903208181
surface,0.26,20.0,30.0,0.1,1.0,2.5,0.0,0.0,1,0.21428571428571427,0.0,1.0,1.0,1.0,0.75,0.6964285714285714,0.15284041076168742,0.7769808653680513
surface,0.26,20.0,30.0,0.1,1.0,4.0,0.0,0.0,1,0.21428571428571427,0.0,1.0,1.0,1.0,0.75,0.6964285714285714,0.17284243879959107,0.7791353211135847
surface,0.26,20.0,30.0,0.25,1.0,2.5,0.0,0.0,1,0.21428571428571427,0.0,1.0,1.0,1.0,0.75,0.6964285714285714,0.1552115638693923,0.7775252724071994
surface,0.26,20.0,30.0,0.25,1.0,4.0,0.0,0.0,1,0.21428571428571427,0.0,1.0,1.0,1.0,0.75,0.6964285714285714,0.17555857782197581,0.7797504949122338
surface,0.26,32.0,8.0,0.0,1.0,2.5,0.0,0.0,1,1.0,1.0,1.0,1.0,1.0,1.0,-0.25,0.9548005130674595,0.9991400437312506
surface,0.26,32.0,8.0,0.0,1.0,4.0,0.0,0.0,1,1.0,1.0,1.0,1.0,1.0,1.0,-0.25,0.9743669219355351,0.9998500317989678
surface,0.26,32.0,8.0,0.1,1.0,2.5,0.0,0.0,1,1.0,1.0,1.0,1.0,1.0,1.0,-0.25,0.9548353555261095,0.9991488081272087
surface,0.26,32.0,8.0,0.1,1.0,4.0,0.0,0.0,1,1.0,1.0,1.0,1.0,1.0,1.0,-0.25,0.9743757775266201,0.9998519071038006
surface,0.26,32.0,8.0,0.25,1.0,2.5,0.0,0.0,1,1.0,1.0,1.0,1.0,1.0,1.0,-0.25,0.9548870287613046,0.9991617883303093
surface,0.26,32.0,8.0,0.25,1.0,4.0,0.0,0.0,1,1.0,1.0,1.0,1.0,1.0,1.0,-0.25,0.9743888817721001,0.9998546762281814
surface,0.26,32.0,18.0,0.0,1.0,2.5,0.0,0.0,1,0.2857142857142857,0.25,1.0,1.0,1.0,0.875,0.5535714285714286,0.3791011996948826,0.8876702789134286
surface,0.26,32.0,18.0,0.0,1.0,4.0,0.0,0.0,1,0.2857142857142857,0.25,1.0,1.0,1.0,0.875,0.5535714285714286,0.3874620006785151,0.893179704973864
surface,0.26,32.0,18.0,0.1,1.0,2.5,0.0,0.0,1,0.2857142857142857,0.25,1.0,1.0,1.0,0.875,0.5535714285714286,0.379862036045433,0.8879473565494096
surface,0.26,32.0,18.0,0.1,1.0,4.0,0.0,0.0,1,0.2857142857142857,0.25,1.0,1.0,1.0,0.875,0.5535714285714286,0.38829812840066313,0.8934095958944046
surface,0.26,32.0,18.0,0.25,1.0,2.5,0.0,0.0,1,0.2857142857142857,0.25,1.0,1.0,1.0,0.875,0.5535714285714286,0.381009321460788,0.8883606772066958
surface,0.26,32.0,18.0,0.25,1.0,4.0,0.0,0.0,1,0.2857142857142857,0.25,1.0,1.0,1.0,0.875,0.5535714285714286,0.3895592224903384,0.8937535712955323
surface,0.26,32.0,30.0,0.0,1.0,2.5,0.0,0.0,1,0.2857142857142857,0.25,1.0,1.0,1.0,0.75,0.4285714285714286,0.23831171101955,0.7934782018001814
surface,0.26,32.0,30.0,0.0,1.0,4.0,0.0,0.0,1,0.2857142857142857,0.25,1.0,1.0,1.0,0.7916666666666666,0.47023809523809523,0.26003247004157454,0.7980299725106198
surface,0.26,32.0,30.0,0.1,1.0,2.5,0.0,0.0,1,0.2857142857142857,0.25,1.0,1.0,1.0,0.75,0.4285714285714286,0.2396308052751815,0.7939721117322652
surface,0.26,32.0,30.0,0.1,1.0,4.0,0.0,0.0,1,0.2857142857142857,0.25,1.0,1.0,1.0,0.7916666666666666,0.47023809523809523,0.2611904956176469,0.798576595301762
surface,0.26,32.0,30.0,0.25,1.0,2.5,0.0,0.0,1,0.2857142857142857,0.25,1.0,1.0,1.0,0.75,0.4285714285714286,0.24159271248450565,0.7947185693042927
surface,0.26,32.0,30.0,0.25,1.0,4.0,0.0,0.0,1,0.2857142857142857,0.25,1.0,1.0,1.0,0.7916666666666666,0.47023809523809523,0.262904948896019,0.7994013392974924
surface,0.34,4.0,8.0,0.0,1.0,2.5,0.0,0.0,1,0.0,0.0,1.0,0.75,0.75,0.4583333333333333,0.4583333333333333,0.11364164395299803,0.5429429377275611
surface,0.34,4.0,8.0,0.0,1.0,4.0,0.0,0.0,1,0.07142857142857142,0.0,1.0,1.0,0.75,0.5833333333333334,0.5654761904761905,0.12916448390930352,0.6171187092431895
surface,0.34,4.0,8.0,0.1,1.0,2.5,0.0,0.0,1,0.0,0.0,1.0,0.75,0.75,0.4583333333333333,0.4583333333333333,0.11497377183085905,0.5471687737758103
surface,0.34,4.0,8.0,0.1,1.0,4.0,0.0,0.0,1,0.07142857142857142,0.0,1.0,1.0,0.75,0.5833333333333334,0.5654761904761905,0.13105586126513946,0.6219255301915213
surface,0.34,4.0,8.0,0.25,1.0,2.5,0.0,0.0,1,0.0,0.0,1.0,0.75,0.75,0.4583333333333333,0.4583333333333333,0.11700683646165089,0.5534497962588204
surface,0.34,4.0,8.0,0.25,1.0,4.0,0.0,0.0,1,0.07142857142857142,0.0,1.0,1.0,0.75,0.5833333333333334,0.5654761904761905,0.13394772744267058,0.629064195356512
surface,0.34,4.0,18.0,0.0,1.0,2.5,0.0,0.0,1,0.0,0.0,1.0,0.75,0.75,0.4166666666666667,0.4166666666666667,0.0669964842555768,0.4883789506898511
surface,0.34,4.0,18.0,0.0,1.0,4.0,0.0,0.0,1,0.0,0.0,1.0,0.75,0.75,0.4583333333333333,0.4583333333333333,0.06732725009641008,0.5162019904837588
surface,0.34,4.0,18.0,0.1,1.0,2.5,0.0,0.0,1,0.0,0.0,1.0,0.75,0.75,0.4166666666666667,0.4166666666666667,0.06759162486028066,0.49059068970480674
surface,0.34,4.0,18.0,0.1,1.0,4.0,0.0,0.0,1,0.0,0.0,1.0,0.75,0.75,0.4583333333333333,0.4583333333333333,0.06796241466091872,0.5192894818881931
surface,0.34,4.0,18.0,0.25,1.0,2.5,0.0,0.0,1,0.0,0.0,1.0,0.75,0.75,0.4166666666666667,0.4166666666666667,0.06849955702466895,0.4939529399968175
surface,0.34,4.0,18.0,0.25,1.0,4.0,0.0,0.0,1,0.0,0.0,1.0,1.0,0.75,0.5,0.5,0.06893274402664794,0.5239785379546468
surface,0.34,4.0,30.0,0.0,1.0,2.5,0.0,0.0,1,0.0,0.0,1.0,0.75,0.75,0.4166666666666667,0.4166666666666667,0.06233357207209517,0.46462491491831875
surface,0.34,4.0,30.0,0.0,1.0,4.0,0.0,0.0,1,0.0,0.0,1.0,0.75,0.75,0.4166666666666667,0.4166666666666667,0.06233432072283446,0.4748363133600088
surface,0.34,4.0,30.0,0.1,1.0,2.5,0.0,0.0,1,0.0,0.0,1.0,0.75,0.75,0.4166666666666667,0.4166666666666667,0.06283466117471329,0.46601569337946386
surface,0.34,4.0,30.0,0.1,1.0,4.0,0.0,0.0,1,0.0,0.0,1.0,0.75,0.75,0.4166666666666667,0.4166666666666667,0.0628398093326832,0.47673377351723295
surface,0.34,4.0,30.0,0.25,1.0,2.5,0.0,0.0,1,0.0,0.0,1.0,0.75,0.75,0.4166666666666667,0.4166666666666667,0.06359823051033883,0.4681451118837845
surface,0.34,4.0,30.0,0.25,1.0,4.0,0.0,0.0,1,0.0,0.0,1.0,0.75,0.75,0.4166666666666667,0.4166666666666667,0.06361025341736448,0.47967092614156814
surface,0.34,8.0,8.0,0.0,1.0,2.5,0.0,0.0,1,0.21428571428571427,0.0,1.0,1.0,1.0,0.75,0.6964285714285714,0.2097221339696852,0.7311579686056625
surface,0.34,8.0,8.0,0.0,1.0,4.0,0.0,0.0,1,0.2857142857142857,0.25,1.0,1.0,1.0,0.75,0.4285714285714286,0.25989126689870257,0.791987411992405
surface,0.34,8.0,8.0,0.1,1.0,2.5,0.0,0.0,1,0.21428571428571427,0.0,1.0,1.0,1.0,0.75,0.6964285714285714,0.21191103371610587,0.733766617969291
surface,0.34,8.0,8.0,0.1,1.0,4.0,0.0,0.0,1,0.2857142857142857,0.25,1.0,1.0,1.0,0.75,0.4285714285714286,0.2626743458187765,0.7939866897991793
surface,0.34,8.0,8.0,0.25,1.0,2.5,0.0,0.0,1,0.21428571428571427,0.0,1.0,1.0,1.0,0.75,0.6964285714285714,0.21521469644150637,0.7376170758768216
surface,0.34,8.0,8.0,0.25,1.0,4.0,0.0,0.0,1,0.2857142857142857,0.25,1.0,1.0,1.0,0.75,0.4285714285714286,0.2668433196281216,0.7969239819920518
surface,0.34,8.0,18.0,0.0,1.0,2.5,0.0,0.0,1,0.0,0.0,1.0,1.0,0.75,0.5416666666666666,0.5416666666666666,0.07343210091400504,0.5797032008302367
surface,0.34,8.0,18.0,0.0,1.0,4.0,0.0,0.0,1,0.07142857142857142,0.0,1.0,1.0,0.75,0.5833333333333334,0.5654761904761905,0.0743525927772285,0.615792880594315
surface,0.34,8.0,18.0,0.1,1.0,2.5,0.0,0.0,1,0.0,0.0,1.0,1.0,0.75,0.5416666666666666,0.5416666666666666,0.07412428797956758,0.5820079455779424
surface,0.34,8.0,18.0,0.1,1.0,4.0,0.0,0.0,1,0.07142857142857142,0.0,1.0,1.0,0.75,0.5833333333333334,0.5654761904761905,0.07510256122553673,0.6178996174905248
surface,0.34,8.0,18.0,0.25,1.0,2.5,0.0,0.0,1,0.0,0.0,1.0,1.0,0.75,0.5416666666666666,0.5416666666666666,0.07518009943669873,0.585448085531347
surface,0.34,8.0,18.0,0.25,1.0,4.0,0.0,0.0,1,0.07142857142857142,0.0,1.0,1.0,0.75,0.5833333333333334,0.5654761904761905,0.07624801880314665,0.6210396834349144
surface,0.34,8.0,30.0,0.0,1.0,2.5,0.0,0.0,1,0.0,0.0,1.0,1.0,0.75,0.5,0.5,0.06299591721058957,0.5115409973507926
surface,0.34,8.0,30.0,0.0,1.0,4.0,0.0,0.0,1,0.0,0.0,1.0,1.0,0.75,0.5416666666666666,0.5416666666666666,0.06300625946304861,0.5392493190539157
surface,0.34,8.0,30.0,0.1,1.0,2.5,0.0,0.0,1,0.0,0.0,1.0,1.0,0.75,0.5,0.5,0.06350767247803528,0.5135392400344075
surface,0.34,8.0,30.0,0.1,1.0,4.0,0.0,0.0,1,0.0,0.0,1.0,1.0,0.75,0.5416666666666666,0.5416666666666666,0.06352273745981685,0.541472509245765
surface,0.34,8.0,30.0,0.25,1.0,2.5,0.0,0.0,1,0.0,0.0,1.0,1.0,0.75,0.5,0.5,0.06428752218681541,0.5165588553958619
surface,0.34,8.0,30.0,0.25,1.0,4.0,0.0,0.0,1,0.0,0.0,1.0,1.0,0.75,0.5416666666666666,0.5416666666666666,0.0643099598093641,0.5447778924924466
surface,0.34,12.0,8.0,0.0,1.0,2.5,0.0,0.0,1,0.2857142857142857,0.25,1.0,1.0,1.0,0.8333333333333334,0.511904761904762,0.3330685422956315,0.8276832128841217
surface,0.34,12.0,8.0,0.0,1.0,4.0,0.0,0.0,1,0.2857142857142857,0.25,1.0,1.0,1.0,0.875,0.5535714285714286,0.39606497130465323,0.8639831557091213
surface,0.34,12.0,8.0,0.1,1.0,2.5,0.0,0.0,1,0.2857142857142857,0.25,1.0,1.0,1.0,0.8333333333333334,0.511904761904762,0.3352753955682694,0.828996318406849
surface,0.34,12.0,8.0,0.1,1.0,4.0,0.0,0.0,1,0.2857142857142857,0.25,1.0,1.0,1.0,0.875,0.5535714285714286,0.39816344973104195,0.8650231583473271
surface,0.34,12.0,8.0,0.25,1.0,2.5,0.0,0.0,1,0.2857142857142857,0.25,1.0,1.0,1.0,0.8333333333333334,0.511904761904762,0.3385677911409873,0.8309387751365298
surface,0.34,12.0,8.0,0.25,1.0,4.0,0.0,0.0,1,0.2857142857142857,0.25,1.0,1.0,1.0,0.875,0.5535714285714286,0.40127979302605954,0.8665630130541798
surface,0.34,12.0,18.0,0.0,1.0,2.5,0.0,0.0,1,0.07142857142857142,0.0,1.0,1.0,0.75,0.5833333333333334,0.5654761904761905,0.08114573852869918,0.641053633810848
surface,0.34,12.0,18.0,0.0,1.0,4.0,0.0,0.0,1,0.07142857142857142,0.0,1.0,1.0,0.75,0.625,0.6071428571428571,0.0829091284323838,0.6657762638815369
surface,0.34,12.0,18.0,0.1,1.0,2.5,0.0,0.0,1,0.07142857142857142,0.0,1.0,1.0,0.75,0.5833333333333334,0.5654761904761905,0.08195047731205597,0.6427437273512915
surface,0.34,12.0,18.0,0.1,1.0,4.0,0.0,0.0,1,0.07142857142857142,0.0,1.0,1.0,0.75,0.625,0.6071428571428571,0.0837934861535084,0.6675025342953785
surface,0.34,12.0,18.0,0.25,1.0,2.5,0.0,0.0,1,0.07142857142857142,0.0,1.0,1.0,0.75,0.5833333333333334,0.5654761904761905,0.08317738596222389,0.6452776624431945
surface,0.34,12.0,18.0,0.25,1.0,4.0,0.0,0.0,1,0.07142857142857142,0.0,1.0,1.0,0.75,0.6666666666666666,0.6488095238095237,0.08514333867860949,0.6700969783956198
surface,0.34,12.0,30.0,0.0,1.0,2.5,0.0,0.0,1,0.0,0.0,1.0,1.0,0.75,0.5416666666666666,0.5416666666666666,0.06368125801982973,0.5608676141832779
surface,0.34,12.0,30.0,0.0,1.0,4.0,0.0,0.0,1,0.0,0.0,1.0,1.0,0.75,0.5416666666666666,0.5416666666666666,0.0637019194774366,0.5823008033954982
surface,0.34,12.0,30.0,0.1,1.0,2.5,0.0,0.0,1,0.0,0.0,1.0,1.0,0.75,0.5416666666666666,0.5416666666666666,0.06420400745332147,0.5624983318476549
surface,0.34,12.0,30.0,0.1,1.0,4.0,0.0,0.0,1,0.0,0.0,1.0,1.0,0.75,0.5416666666666666,0.5416666666666666,0.06422973038172283,0.5836841138959875
surface,0.34,12.0,30.0,0.25,1.0,2.5,0.0,0.0,1,0.0,0.0,1.0,1.0,0.75,0.5416666666666666,0.5416666666666666,0.06500063420512119,0.5649301862031213
surface,0.34,12.0,30.0,0.25,1.0,4.0,0.0,0.0,1,0.0,0.0,1.0,1.0,0.75,0.5416666666666666,0.5416666666666666,0.06503425123212504,0.5857504247129701
surface,0.34,20.0,8.0,0.0,1.0,2.5,0.0,0.0,1,0.42857142857142855,0.5,1.0,1.0,1.0,0.875,0.26785714285714285,0.5357855921517816,0.9138277384529276
surface,0.34,20.0,8.0,0.0,1.0,4.0,0.0,0.0,1,0.7857142857142857,0.5,1.0,1.0,1.0,0.9583333333333334,0.261904761904762,0.5932848769496774,0.9340699788746796
surface,0.34,20.0,8.0,0.1,1.0,2.5,0.0,0.0,1,0.42857142857142855,0.5,1.0,1.0,1.0,0.875,0.26785714285714285,0.537158655947727,0.9143703559233382
surface,0.34,20.0,8.0,0.1,1.0,4.0,0.0,0.0,1,0.7857142857142857,0.5,1.0,1.0,1.0,0.9583333333333334,0.261904761904762,0.5946145238141991,0.9345179582022207
surface,0.34,20.0,8.0,0.25,1.0,2.5,0.0,0.0,1,0.5714285714285714,0.5,1.0,1.0,1.0,0.875,0.23214285714285715,0.5392084493302884,0.9151767257438301
surface,0.34,20.0,8.0,0.25,1.0,4.0,0.0,0.0,1,0.7857142857142857,0.5,1.0,1.0,1.0,0.9583333333333334,0.261904761904762,0.5965997815030364,0.9351847438989344
surface,0.34,20.0,18.0,0.0,1.0,2.5,0.0,0.0,1,0.14285714285714285,0.0,1.0,1.0,1.0,0.75,0.7142857142857143,0.10115787979873671,0.7129017326122598
surface,0.34,20.0,18.0,0.0,1.0,4.0,0.0,0.0,1,0.14285714285714285,0.0,1.0,1.0,1.0,0.75,0.7142857142857143,0.1055386763962968,0.7341759566628628
surface,0.34,20.0,18.0,0.1,1.0,2.5,0.0,0.0,1,0.14285714285714285,0.0,1.0,1.0,1.0,0.75,0.7142857142857143,0.10222757804704422,0.7142359340797596
surface,0.34,20.0,18.0,0.1,1.0,4.0,0.0,0.0,1,0.14285714285714285,0.0,1.0,1.0,1.0,0.75,0.7142857142857143,0.1067385616633725,0.7354065542628003
surface,0.34,20.0,18.0,0.25,1.0,2.5,0.0,0.0,1,0.14285714285714285,0.0,1.0,1.0,1.0,0.75,0.7142857142857143,0.10385512131278533,0.7162258522086199
surface,0.34,20.0,18.0,0.25,1.0,4.0,0.0,0.0,1,0.14285714285714285,0.0,1.0,1.0,1.0,0.75,0.7142857142857143,0.10856503043332112,0.7372309610927812
surface,0.34,20.0,30.0,0.0,1.0,2.5,0.0,0.0,1,0.07142857142857142,0.0,1.0,1.0,0.75,0.5833333333333334,0.5654761904761905,0.06512385931718147,0.6076354624007584
surface,0.34,20.0,30.0,0.0,1.0,4.0,0.0,0.0,1,0.07142857142857142,0.0,1.0,1.0,0.75,0.5833333333333334,0.5654761904761905,0.06516747540112047,0.6165049617696069
surface,0.34,20.0,30.0,0.1,1.0,2.5,0.0,0.0,1,0.07142857142857142,0.0,1.0,1.0,0.75,0.5833333333333334,0.5654761904761905,0.06566960255869558,0.608664875800716
surface,0.34,20.0,30.0,0.1,1.0,4.0,0.0,0.0,1,0.07142857142857142,0.0,1.0,1.0,0.75,0.5833333333333334,0.5654761904761905,0.06571900546203528,0.6174761518312109
surface,0.34,20.0,30.0,0.25,1.0,2.5,0.0,0.0,1,0.07142857142857142,0.0,1.0,1.0,0.75,0.5833333333333334,0.5654761904761905,0.06650130440787778,0.6102170975676882
surface,0.34,20.0,30.0,0.25,1.0,4.0,0.0,0.0,1,0.07142857142857142,0.0,1.0,1.0,0.75,0.5833333333333334,0.5654761904761905,0.06655971688268007,0.6189455779124268
surface,0.34,32.0,8.0,0.0,1.0,2.5,0.0,0.0,1,0.8571428571428571,0.75,1.0,1.0,1.0,1.0,0.035714285714285726,0.750434551974627,0.9710373828905586
surface,0.34,32.0,8.0,0.0,1.0,4.0,0.0,0.0,1,0.9285714285714286,0.75,1.0,1.0,1.0,1.0,0.01785714285714285,0.7984000807548738,0.9824272969046887
surface,0.34,32.0,8.0,0.1,1.0,2.5,0.0,0.0,1,0.8571428571428571,0.75,1.0,1.0,1.0,1.0,0.035714285714285726,0.751130679944297,0.9712560944370527
surface,0.34,32.0,8.0,0.1,1.0,4.0,0.0,0.0,1,0.9285714285714286,0.75,1.0,1.0,1.0,1.0,0.01785714285714285,0.7989357446979368,0.982590000059458
surface,0.34,32.0,8.0,0.25,1.0,2.5,0.0,0.0,1,0.8571428571428571,0.75,1.0,1.0,1.0,1.0,0.035714285714285726,0.7521674081866814,0.9715816188906555
surface,0.34,32.0,8.0,0.25,1.0,4.0,0.0,0.0,1,0.9285714285714286,0.75,1.0,1.0,1.0,1.0,0.01785714285714285,0.7997318150861755,0.9828316075134561
surface,0.34,32.0,18.0,0.0,1.0,2.5,0.0,0.0,1,0.21428571428571427,0.0,1.0,1.0,1.0,0.75,0.6964285714285714,0.14401038646420494,0.7692625570734425
surface,0.34,32.0,18.0,0.0,1.0,4.0,0.0,0.0,1,0.21428571428571427,0.0,1.0,1.0,1.0,0.75,0.6964285714285714,0.15435050993172775,0.7776158958400142
surface,0.34,32.0,18.0,0.1,1.0,2.5,0.0,0.0,1,0.21428571428571427,0.0,1.0,1.0,1.0,0.75,0.6964285714285714,0.14548369171217426,0.7699501311061665
surface,0.34,32.0,18.0,0.1,1.0,4.0,0.0,0.0,1,0.21428571428571427,0.0,1.0,1.0,1.0,0.75,0.6964285714285714,0.15599104687270196,0.778201362465141
surface,0.34,32.0,18.0,0.25,1.0,2.5,0.0,0.0,1,0.21428571428571427,0.0,1.0,1.0,1.0,0.75,0.6964285714285714,0.14771210379333335,0.7709762614027547
surface,0.34,32.0,18.0,0.25,1.0,4.0,0.0,0.0,1,0.21428571428571427,0.0,1.0,1.0,1.0,0.75,0.6964285714285714,0.15846918438639318,0.7790793390062297
surface,0.34,32.0,30.0,0.0,1.0,2.5,0.0,0.0,1,0.07142857142857142,0.0,1.0,1.0,0.75,0.5833333333333334,0.5654761904761905,0.06747885263728481,0.637832960076118
surface,0.34,32.0,30.0,0.0,1.0,4.0,0.0,0.0,1,0.07142857142857142,0.0,1.0,1.0,0.75,0.5833333333333334,0.5654761904761905,0.06756323146569848,0.6435835789326807
surface,0.34,32.0,30.0,0.1,1.0,2.5,0.0,0.0,1,0.07142857142857142,0.0,1.0,1.0,0.75,0.5833333333333334,0.5654761904761905,0.06806167047995769,0.6388320802169173
surface,0.34,32.0,30.0,0.1,1.0,4.0,0.0,0.0,1,0.07142857142857142,0.0,1.0,1.0,0.75,0.5833333333333334,0.5654761904761905,0.06815304782789991,0.644671290349527
surface,0.34,32.0,30.0,0.25,1.0,2.5,0.0,0.0,1,0.07142857142857142,0.0,1.0,1.0,0.75,0.5833333333333334,0.5654761904761905,0.06894988719758943,0.6403494025252304
surface,0.34,32.0,30.0,0.25,1.0,4.0,0.0,0.0,1,0.07142857142857142,0.0,1.0,1.0,0.75,0.5833333333333334,0.5654761904761905,0.06905213424707203,0.6463231550539552
surface,0.42,4.0,8.0,0.0,1.0,2.5,0.0,0.0,1,0.0,0.0,1.0,0.75,0.75,0.4166666666666667,0.4166666666666667,0.08443598440756939,0.4503011895822095
surface,0.42,4.0,8.0,0.0,1.0,4.0,0.0,0.0,1,0.0,0.0,1.0,0.75,0.75,0.4166666666666667,0.4166666666666667,0.0877840542487313,0.49520661542620453
surface,0.42,4.0,8.0,0.1,1.0,2.5,0.0,0.0,1,0.0,0.0,1.0,0.75,0.75,0.4166666666666667,0.4166666666666667,0.08529081353980368,0.4543310381755013
surface,0.42,4.0,8.0,0.1,1.0,4.0,0.0,0.0,1,0.0,0.0,1.0,0.75,0.75,0.4166666666666667,0.4166666666666667,0.08881739547462247,0.49889313512404354
surface,0.42,4.0,8.0,0.25,1.0,2.5,0.0,0.0,1,0.0,0.0,1.0,0.75,0.75,0.4166666666666667,0.4166666666666667,0.08659598475723149,0.460241950677666
surface,0.42,4.0,8.0,0.25,1.0,4.0,0.0,0.0,1,0.0,0.0,1.0,0.75,0.75,0.4166666666666667,0.4166666666666667,0.09039937630277381,0.5044262395422038
surface,0.42,4.0,18.0,0.0,1.0,2.5,0.0,0.0,1,0.0,0.0,1.0,0.75,0.75,0.4166666666666667,0.4166666666666667,0.0628533196132501,0.4260916136122664
surface,0.42,4.0,18.0,0.0,1.0,4.0,0.0,0.0,1,0.0,0.0,1.0,0.75,0.75,0.4166666666666667,0.4166666666666667,0.06285872488569814,0.44302607483992995
surface,0.42,4.0,18.0,0.1,1.0,2.5,0.0,0.0,1,0.0,0.0,1.0,0.75,0.75,0.4166666666666667,0.4166666666666667,0.06336336839430527,0.42806123677704955
surface,0.42,4.0,18.0,0.1,1.0,4.0,0.0,0.0,1,0.0,0.0,1.0,0.75,0.75,0.4166666666666667,0.4166666666666667,0.06337600958264787,0.44455777890371756
surface,0.42,4.0,18.0,0.25,1.0,2.5,0.0,0.0,1,0.0,0.0,1.0,0.75,0.75,0.4166666666666667,0.4166666666666667,0.06414066908242388,0.430962885900726
surface,0.42,4.0,18.0,0.25,1.0,4.0,0.0,0.0,1,0.0,0.0,1.0,0.75,0.75,0.4166666666666667,0.4166666666666667,0.06416459679076658,0.44681943261819385
surface,0.42,4.0,30.0,0.0,1.0,2.5,0.0,0.0,1,0.0,0.0,1.0,0.5,0.75,0.375,0.375,0.06175786544655348,0.42220985249658566
surface,0.42,4.0,30.0,0.0,1.0,4.0,0.0,0.0,1,0.0,0.0,1.0,0.75,0.75,0.4166666666666667,0.4166666666666667,0.061757191094606895,0.43482060362758457
surface,0.42,4.0,30.0,0.1,1.0,2.5,0.0,0.0,1,0.0,0.0,1.0,0.75,0.75,0.4166666666666667,0.4166666666666667,0.06224580035992959,0.4236970726332816
surface,0.42,4.0,30.0,0.1,1.0,4.0,0.0,0.0,1,0.0,0.0,1.0,0.75,0.75,0.4166666666666667,0.4166666666666667,0.062245503411807485,0.43615900069584285
surface,0.42,4.0,30.0,0.25,1.0,2.5,0.0,0.0,1,0.0,0.0,1.0,0.75,0.75,0.4166666666666667,0.4166666666666667,0.06298915095820723,0.42591358339359675
surface,0.42,4.0,30.0,0.25,1.0,4.0,0.0,0.0,1,0.0,0.0,1.0,0.75,0.75,0.4166666666666667,0.4166666666666667,0.0629894437916598,0.43812365525245295
surface,0.42,8.0,8.0,0.0,1.0,2.5,0.0,0.0,1,0.0,0.0,1.0,1.0,0.75,0.5416666666666666,0.5416666666666666,0.11786662188896269,0.5741430682371557
surface,0.42,8.0,8.0,0.0,1.0,4.0,0.0,0.0,1,0.07142857142857142,0.0,1.0,1.0,0.75,0.5833333333333334,0.5654761904761905,0.12868393343525014,0.6282404188515079
surface,0.42,8.0,8.0,0.1,1.0,2.5,0.0,0.0,1,0.0,0.0,1.0,1.0,0.75,0.5416666666666666,0.5416666666666666,0.11912523058408406,0.5773446343161621
surface,0.42,8.0,8.0,0.1,1.0,4.0,0.0,0.0,1,0.07142857142857142,0.0,1.0,1.0,0.75,0.5833333333333334,0.5654761904761905,0.13027699063623174,0.6319061542751117
surface,0.42,8.0,8.0,0.25,1.0,2.5,0.0,0.0,1,0.0,0.0,1.0,1.0,0.75,0.5416666666666666,0.5416666666666666,0.12104196305432355,0.5821601905412683
surface,0.42,8.0,8.0,0.25,1.0,4.0,0.0,0.0,1,0.07142857142857142,0.0,1.0,1.0,0.75,0.5833333333333334,0.5654761904761905,0.13270547388219503,0.6373598768287329
surface,0.42,8.0,18.0,0.0,1.0,2.5,0.0,0.0,1,0.0,0.0,1.0,0.75,0.75,0.4166666666666667,0.4166666666666667,0.06407063080418099,0.45801240094412016
surface,0.42,8.0,18.0,0.0,1.0,4.0,0.0,0.0,1,0.0,0.0,1.0,0.75,0.75,0.4166666666666667,0.4166666666666667,0.06409840858832676,0.462068270335901
surface,0.42,8.0,18.0,0.1,1.0,2.5,0.0,0.0,1,0.0,0.0,1.0,0.75,0.75,0.4166666666666667,0.4166666666666667,0.06459823571472016,0.4591249340370373
surface,0.42,8.0,18.0,0.1,1.0,4.0,0.0,0.0,1,0.0,0.0,1.0,0.75,0.75,0.4166666666666667,0.4166666666666667,0.06463397996479081,0.46327868534346256
surface,0.42,8.0,18.0,0.25,1.0,2.5,0.0,0.0,1,0.0,0.0,1.0,0.75,0.75,0.4166666666666667,0.4166666666666667,0.06540231176375651,0.4608273478448719
surface,0.42,8.0,18.0,0.25,1.0,4.0,0.0,0.0,1,0.0,0.0,1.0,0.75,0.75,0.4166666666666667,0.4166666666666667,0.06545046734039982,0.46515065375762243
surface,0.42,8.0,30.0,0.0,1.0,2.5,0.0,0.0,1,0.0,0.0,1.0,0.75,0.75,0.4166666666666667,0.4166666666666667,0.061814992102963484,0.4443530258389439
surface,0.42,8.0,30.0,0.0,1.0,4.0,0.0,0.0,1,0.0,0.0,1.0,0.75,0.75,0.4166666666666667,0.4166666666666667,0.06181439045193114,0.44646501394474897
surface,0.42,8.0,30.0,0.1,1.0,2.5,0.0,0.0,1,0.0,0.0,1.0,0.75,0.75,0.4166666666666667,0.4166666666666667,0.062303838621426154,0.44511375994323626
surface,0.42,8.0,30.0,0.1,1.0,4.0,0.0,0.0,1,0.0,0.0,1.0,0.75,0.75,0.4166666666666667,0.4166666666666667,0.06230361686115282,0.44712227167486285
surface,0.42,8.0,30.0,0.25,1.0,2.5,0.0,0.0,1,0.0,0.0,1.0,0.75,0.75,0.4166666666666667,0.4166666666666667,0.06304858073099208,0.4462656028451318
surface,0.42,8.0,30.0,0.25,1.0,4.0,0.0,0.0,1,0.0,0.0,1.0,0.75,0.75,0.4166666666666667,0.4166666666666667,0.06304895258431414,0.44813254265324876
surface,0.42,12.0,8.0,0.0,1.0,2.5,0.0,0.0,1,0.14285714285714285,0.0,1.0,1.0,0.75,0.6666666666666666,0.6309523809523809,0.164271855737059,0.6781503633991811
surface,0.42,12.0,8.0,0.0,1.0,4.0,0.0,0.0,1,0.21428571428571427,0.0,1.0,1.0,1.0,0.75,0.6964285714285714,0.1867437543756909,0.7302389977310978
surface,0.42,12.0,8.0,0.1,1.0,2.5,0.0,0.0,1,0.14285714285714285,0.0,1.0,1.0,0.75,0.6666666666666666,0.6309523809523809,0.16597716619545688,0.6808805784009354
surface,0.42,12.0,8.0,0.1,1.0,4.0,0.0,0.0,1,0.21428571428571427,0.0,1.0,1.0,1.0,0.75,0.6964285714285714,0.18888516396002825,0.7327011248468841
surface,0.42,12.0,8.0,0.25,1.0,2.5,0.0,0.0,1,0.14285714285714285,0.0,1.0,1.0,0.75,0.6666666666666666,0.6309523809523809,0.16856198533316205,0.6849363458542211
surface,0.42,12.0,8.0,0.25,1.0,4.0,0.0,0.0,1,0.21428571428571427,0.0,1.0,1.0,1.0,0.75,0.6964285714285714,0.19212471549600887,0.7363374547716129
surface,0.42,12.0,18.0,0.0,1.0,2.5,0.0,0.0,1,0.0,0.0,1.0,0.75,0.75,0.4166666666666667,0.4166666666666667,0.06534114933143303,0.4720375049011203
surface,0.42,12.0,18.0,0.0,1.0,4.0,0.0,0.0,1,0.0,0.0,1.0,0.75,0.75,0.4166666666666667,0.4166666666666667,0.06539368059242406,0.4779498391860626
surface,0.42,12.0,18.0,0.1,1.0,2.5,0.0,0.0,1,0.0,0.0,1.0,0.75,0.75,0.4166666666666667,0.4166666666666667,0.06588704624717293,0.4733579861333855
surface,0.42,12.0,18.0,0.1,1.0,4.0,0.0,0.0,1,0.0,0.0,1.0,0.75,0.75,0.4166666666666667,0.4166666666666667,0.0659483245508858,0.4795447159491761
surface,0.42,12.0,18.0,0.25,1.0,2.5,0.0,0.0,1,0.0,0.0,1.0,0.75,0.75,0.4166666666666667,0.4166666666666667,0.06671901114311621,0.47538934128248234
surface,0.42,12.0,18.0,0.25,1.0,4.0,0.0,0.0,1,0.0,0.0,1.0,0.75,0.75,0.4166666666666667,0.4166666666666667,0.06679390146042269,0.48200007860562316
surface,0.42,12.0,30.0,0.0,1.0,2.5,0.0,0.0,1,0.0,0.0,1.0,0.75,0.75,0.4166666666666667,0.4166666666666667,0.061872295784819176,0.44784448870973104
surface,0.42,12.0,30.0,0.0,1.0,4.0,0.0,0.0,1,0.0,0.0,1.0,0.75,0.75,0.4166666666666667,0.4166666666666667,0.06187176733497187,0.4481241019478097
surface,0.42,12.0,30.0,0.1,1.0,2.5,0.0,0.0,1,0.0,0.0,1.0,0.75,0.75,0.4166666666666667,0.4166666666666667,0.062362056460369776,0.44850853556819303
surface,0.42,12.0,30.0,0.1,1.0,4.0,0.0,0.0,1,0.0,0.0,1.0,0.75,0.75,0.4166666666666667,0.4166666666666667,0.06236191039915631,0.4487998922027147
surface,0.42,12.0,30.0,0.25,1.0,2.5,0.0,0.0,1,0.0,0.0,1.0,0.75,0.75,0.4166666666666667,0.4166666666666667,0.06310819394971727,0.4495315876609464
surface,0.42,12.0,30.0,0.25,1.0,4.0,0.0,0.0,1,0.0,0.0,1.0,0.75,0.75,0.4166666666666667,0.4166666666666667,0.06310864535076323,0.44984336393935137
surface,0.42,20.0,8.0,0.0,1.0,2.5,0.0,0.0,1,0.2857142857142857,0.25,1.0,1.0,1.0,0.75,0.4285714285714286,0.28795230345700873,0.8042635984796315
surface,0.42,20.0,8.0,0.0,1.0,4.0,0.0,0.0,1,0.2857142857142857,0.25,1.0,1.0,1.0,0.8333333333333334,0.511904761904762,0.3290010423557327,0.8329293941610212
surface,0.42,20.0,8.0,0.1,1.0,2.5,0.0,0.0,1,0.2857142857142857,0.25,1.0,1.0,1.0,0.75,0.4285714285714286,0.2900483820093654,0.805621727517309
surface,0.42,20.0,8.0,0.1,1.0,4.0,0.0,0.0,1,0.2857142857142857,0.25,1.0,1.0,1.0,0.8333333333333334,0.511904761904762,0.33117813174253513,0.8340642438745643
surface,0.42,20.0,8.0,0.25,1.0,2.5,0.0,0.0,1,0.2857142857142857,0.25,1.0,1.0,1.0,0.7916666666666666,0.47023809523809523,0.2931868372366548,0.8076346520323838
surface,0.42,20.0,8.0,0.25,1.0,4.0,0.0,0.0,1,0.2857142857142857,0.25,1.0,1.0,1.0,0.8333333333333334,0.511904761904762,0.33442236941688436,0.8357484033832377
surface,0.42,20.0,18.0,0.0,1.0,2.5,0.0,0.0,1,0.0,0.0,1.0,0.75,0.75,0.4166666666666667,0.4166666666666667,0.06805130320340519,0.509368470597226
surface,0.42,20.0,18.0,0.0,1.0,4.0,0.0,0.0,1,0.0,0.0,1.0,1.0,0.75,0.5,0.5,0.068161139833976,0.5237453115091605
surface,0.42,20.0,18.0,0.1,1.0,2.5,0.0,0.0,1,0.0,0.0,1.0,0.75,0.75,0.4166666666666667,0.4166666666666667,0.0686360539027245,0.5112481047674899
surface,0.42,20.0,18.0,0.1,1.0,4.0,0.0,0.0,1,0.0,0.0,1.0,1.0,0.75,0.5,0.5,0.06875635408127909,0.5259044780360435
surface,0.42,20.0,18.0,0.25,1.0,2.5,0.0,0.0,1,0.0,0.0,1.0,0.75,0.75,0.4166666666666667,0.4166666666666667,0.0695272256462781,0.5141040809218546
surface,0.42,20.0,18.0,0.25,1.0,4.0,0.0,0.0,1,0.0,0.0,1.0,1.0,0.75,0.5416666666666666,0.5416666666666666,0.06966377418388893,0.5291678671496266
surface,0.42,20.0,30.0,0.0,1.0,2.5,0.0,0.0,1,0.0,0.0,1.0,0.75,0.75,0.4166666666666667,0.4166666666666667,0.061987436290137796,0.4511164307179873
surface,0.42,20.0,30.0,0.0,1.0,4.0,0.0,0.0,1,0.0,0.0,1.0,0.75,0.75,0.4166666666666667,0.4166666666666667,0.06198705575233729,0.4514493841798682
surface,0.42,20.0,30.0,0.1,1.0,2.5,0.0,0.0,1,0.0,0.0,1.0,0.75,0.75,0.4166666666666667,0.4166666666666667,0.062479032953584396,0.4518552979399793
surface,0.42,20.0,30.0,0.1,1.0,4.0,0.0,0.0,1,0.0,0.0,1.0,0.75,0.75,0.4166666666666667,0.4166666666666667,0.062479039833090486,0.4522164216723677
surface,0.42,20.0,30.0,0.25,1.0,2.5,0.0,0.0,1,0.0,0.0,1.0,0.75,0.75,0.4166666666666667,0.4166666666666667,0.06322797283394319,0.45299493210195135
surface,0.42,20.0,30.0,0.25,1.0,4.0,0.0,0.0,1,0.0,0.0,1.0,0.75,0.75,0.4166666666666667,0.4166666666666667,0.06322858492311574,0.4534005658686935
surface,0.42,32.0,8.0,0.0,1.0,2.5,0.0,0.0,1,0.2857142857142857,0.25,1.0,1.0,1.0,0.875,0.5535714285714286,0.4624958989076116,0.887953364936557
surface,0.42,32.0,8.0,0.0,1.0,4.0,0.0,0.0,1,0.35714285714285715,0.5,1.0,1.0,1.0,0.875,0.2857142857142857,0.4988671961907649,0.9043111012419652
surface,0.42,32.0,8.0,0.1,1.0,2.5,0.0,0.0,1,0.2857142857142857,0.25,1.0,1.0,1.0,0.875,0.5535714285714286,0.4639698189824497,0.8886139002865842
surface,0.42,32.0,8.0,0.1,1.0,4.0,0.0,0.0,1,0.35714285714285715,0.5,1.0,1.0,1.0,0.875,0.2857142857142857,0.5002670937976056,0.9048836016299355
surface,0.42,32.0,8.0,0.25,1.0,2.5,0.0,0.0,1,0.2857142857142857,0.25,1.0,1.0,1.0,0.875,0.5535714285714286,0.4661690456943585,0.8895959475440516
surface,0.42,32.0,8.0,0.25,1.0,4.0,0.0,0.0,1,0.35714285714285715,0.5,1.0,1.0,1.0,0.875,0.2857142857142857,0.5023582710651543,0.9057344144010656
surface,0.42,32.0,18.0,0.0,1.0,2.5,0.0,0.0,1,0.0,0.0,1.0,1.0,0.75,0.5416666666666666,0.5416666666666666,0.07257608289438905,0.5755205449898319
surface,0.42,32.0,18.0,0.0,1.0,4.0,0.0,0.0,1,0.0,0.0,1.0,1.0,0.75,0.5833333333333334,0.5833333333333334,0.07279392244523925,0.5918105219074354
surface,0.42,32.0,18.0,0.1,1.0,2.5,0.0,0.0,1,0.0,0.0,1.0,1.0,0.75,0.5416666666666666,0.5416666666666666,0.0732249627580963,0.5773636897591118
surface,0.42,32.0,18.0,0.1,1.0,4.0,0.0,0.0,1,0.0,0.0,1.0,1.0,0.75,0.5833333333333334,0.5833333333333334,0.07345624107059288,0.593584597481302
surface,0.42,32.0,18.0,0.25,1.0,2.5,0.0,0.0,1,0.0,0.0,1.0,1.0,0.75,0.5416666666666666,0.5416666666666666,0.07421375623904548,0.5801251714411547
surface,0.42,32.0,18.0,0.25,1.0,4.0,0.0,0.0,1,0.0,0.0,1.0,1.0,0.75,0.5833333333333334,0.5833333333333334,0.0744658399882157,0.5962383202687392
surface,0.42,32.0,30.0,0.0,1.0,2.5,0.0,0.0,1,0.0,0.0,1.0,0.75,0.75,0.4166666666666667,0.4166666666666667,0.06216148767065975,0.45712301865433824
surface,0.42,32.0,30.0,0.0,1.0,4.0,0.0,0.0,1,0.0,0.0,1.0,0.75,0.75,0.4166666666666667,0.4166666666666667,0.062161332808500044,0.4578677601673995
surface,0.42,32.0,30.0,0.1,1.0,2.5,0.0,0.0,1,0.0,0.0,1.0,0.75,0.75,0.4166666666666667,0.4166666666666667,0.06265585756626811,0.45801174454308025
surface,0.42,32.0,30.0,0.1,1.0,4.0,0.0,0.0,1,0.0,0.0,1.0,0.75,0.75,0.4166666666666667,0.4166666666666667,0.06265609774711227,0.45880025427579985
surface,0.42,32.0,30.0,0.25,1.0,2.5,0.0,0.0,1,0.0,0.0,1.0,0.75,0.75,0.4166666666666667,0.4166666666666667,0.06340903020846297,0.4593809956001826
surface,0.42,32.0,30.0,0.25,1.0,4.0,0.0,0.0,1,0.0,0.0,1.0,0.75,0.75,0.4166666666666667,0.4166666666666667,0.0634098873458352,0.4602379347422132
mixed,0.1,4.0,8.0,0.0,1.0,2.5,0.0,0.0,1,1.0,1.0,1.0,1.0,1.0,1.0,-0.25,0.9985364825792881,0.9986340769042886
mixed,0.1,4.0,8.0,0.0,1.0,4.0,0.0,0.0,1,1.0,1.0,1.0,1.0,1.0,1.0,-0.25,0.9999935629712202,0.9999953043671703
mixed,0.1,4.0,8.0,0.1,1.0,2.5,0.0,0.0,1,1.0,1.0,1.0,1.0,1.0,1.0,-0.25,0.9987001468235153,0.9988222814045948
mixed,0.1,4.0,8.0,0.1,1.0,4.0,0.0,0.0,1,1.0,1.0,1.0,1.0,1.0,1.0,-0.25,0.9999946627281912,0.9999962721154064
mixed,0.1,4.0,8.0,0.25,1.0,2.5,0.0,0.0,1,1.0,1.0,1.0,1.0,1.0,1.0,-0.25,0.998911887557701,0.9990560522939482
mixed,0.1,4.0,8.0,0.25,1.0,4.0,0.0,0.0,1,1.0,1.0,1.0,1.0,1.0,1.0,-0.25,0.9999959691474363,0.9999973556771643
mixed,0.1,4.0,18.0,0.0,1.0,2.5,0.0,0.0,1,1.0,1.0,1.0,1.0,1.0,1.0,-0.25,0.9992454359464655,0.9990144546581362
mixed,0.1,4.0,18.0,0.0,1.0,4.0,0.0,0.0,1,1.0,1.0,1.0,1.0,1.0,1.0,-0.25,0.9999980036844683,0.9999974151693825
mixed,0.1,4.0,18.0,0.1,1.0,2.5,0.0,0.0,1,1.0,1.0,1.0,1.0,1.0,1.0,-0.25,0.9993326279826371,0.9991556845121884
mixed,0.1,4.0,18.0,0.1,1.0,4.0,0.0,0.0,1,1.0,1.0,1.0,1.0,1.0,1.0,-0.25,0.9999983598036315,0.9999979814714951
mixed,0.1,4.0,18.0,0.25,1.0,2.5,0.0,0.0,1,1.0,1.0,1.0,1.0,1.0,1.0,-0.25,0.9994448472444165,0.9993297552090019
mixed,0.1,4.0,18.0,0.25,1.0,4.0,0.0,0.0,1,1.0,1.0,1.0,1.0,1.0,1.0,-0.25,0.9999987781685906,0.9999986029268966
mixed,0.1,4.0,30.0,0.0,1.0,2.5,0.0,0.0,1,1.0,1.0,1.0,1.0,1.0,1.0,-0.25,0.9992570453378586,0.9990183013623631
mixed,0.1,4.0,30.0,0.0,1.0,4.0,0.0,0.0,1,1.0,1.0,1.0,1.0,1.0,1.0,-0.25,0.9999980572140181,0.9999974328445682
mixed,0.1,4.0,30.0,0.1,1.0,2.5,0.0,0.0,1,1.0,1.0,1.0,1.0,1.0,1.0,-0.25,0.9993429790674813,0.9991590745470901
mixed,0.1,4.0,30.0,0.1,1.0,4.0,0.0,0.0,1,1.0,1.0,1.0,1.0,1.0,1.0,-0.25,0.9999984042565176,0.9999979958743728
mixed,0.1,4.0,30.0,0.25,1.0,2.5,0.0,0.0,1,1.0,1.0,1.0,1.0,1.0,1.0,-0.25,0.9994535619297371,0.9993325602160206
mixed,0.1,4.0,30.0,0.25,1.0,4.0,0.0,0.0,1,1.0,1.0,1.0,1.0,1.0,1.0,-0.25,0.999998811813841,0.9999986135270432
mixed,0.1,8.0,8.0,0.0,1.0,2.5,0.0,0.0,1,1.0,1.0,1.0,1.0,1.0,1.0,-0.25,0.9999998656581504,0.9999999098609053
mixed,0.1,8.0,8.0,0.0,1.0,4.0,0.0,0.0,1,1.0,1.0,1.0,1.0,1.0,1.0,-0.25,0.9999999999974287,0.9999999999989018
mixed,0.1,8.0,8.0,0.1,1.0,2.5,0.0,0.0,1,1.0,1.0,1.0,1.0,1.0,1.0,-0.25,0.9999998805671331,0.9999999219281301
mixed,0.1,8.0,8.0,0.1,1.0,4.0,0.0,0.0,1,1.0,1.0,1.0,1.0,1.0,1.0,-0.25,0.9999999999978614,0.9999999999991173
mixed,0.1,8.0,8.0,0.25,1.0,2.5,0.0,0.0,1,1.0,1.0,1.0,1.0,1.0,1.0,-0.25,0.999999899875556,0.9999999370029796
mixed,0.1,8.0,8.0,0.25,1.0,4.0,0.0,0.0,1,1.0,1.0,1.0,1.0,1.0,1.0,-0.25,0.9999999999983777,0.9999999999993627
mixed,0.1,8.0,18.0,0.0,1.0,2.5,0.0,0.0,1,1.0,1.0,1.0,1.0,1.0,1.0,-0.25,0.999999965170215,0.9999999550314108
mixed,0.1,8.0,18.0,0.0,1.0,4.0,0.0,0.0,1,1.0,1.0,1.0,1.0,1.0,1.0,-0.25,0.9999999999997692,0.999999999999707
mixed,0.1,8.0,18.0,0.1,1.0,2.5,0.0,0.0,1,1.0,1.0,1.0,1.0,1.0,1.0,-0.25,0.9999999691959024,0.9999999614776219
mixed,0.1,8.0,18.0,0.1,1.0,4.0,0.0,0.0,1,1.0,1.0,1.0,1.0,1.0,1.0,-0.25,0.9999999999998102,0.9999999999997712
mixed,0.1,8.0,18.0,0.25,1.0,2.5,0.0,0.0,1,1.0,1.0,1.0,1.0,1.0,1.0,-0.25,0.9999999743764022,0.9999999694209746
mixed,0.1,8.0,18.0,0.25,1.0,4.0,0.0,0.0,1,1.0,1.0,1.0,1.0,1.0,1.0,-0.25,0.9999999999998586,0.9999999999998416
mixed,0.1,8.0,30.0,0.0,1.0,2.5,0.0,0.0,1,1.0,1.0,1.0,1.0,1.0,1.0,-0.25,0.9999999662382951,0.9999999553836346
mixed,0.1,8.0,30.0,0.0,1.0,4.0,0.0,0.0,1,1.0,1.0,1.0,1.0,1.0,1.0,-0.25,0.9999999999997813,0.9999999999997112
mixed,0.1,8.0,30.0,0.1,1.0,2.5,0.0,0.0,1,1.0,1.0,1.0,1.0,1.0,1.0,-0.25,0.9999999701459483,0.9999999617871996
mixed,0.1,8.0,30.0,0.1,1.0,4.0,0.0,0.0,1,1.0,1.0,1.0,1.0,1.0,1.0,-0.25,0.9999999999998205,0.9999999999997744
mixed,0.1,8.0,30.0,0.25,1.0,2.5,0.0,0.0,1,1.0,1.0,1.0,1.0,1.0,1.0,-0.25,0.9999999751734524,0.9999999696761249
mixed,0.1,8.0,30.0,0.25,1.0,4.0,0.0,0.0,1,1.0,1.0,1.0,1.0,1.0,1.0,-0.25,0.9999999999998662,0.999999999999844
mixed,0.1,12.0,8.0,0.0,1.0,2.5,0.0,0.0,1,1.0,1.0,1.0,1.0,1.0,1.0,-0.25,0.9999999999874242,0.9999999999938081
mixed,0.1,12.0,8.0,0.0,1.0,4.0,0.0,0.0,1,1.0,1.0,1.0,1.0,1.0,1.0,-0.25,1.0,1.0
mixed,0.1,12.0,8.0,0.1,1.0,2.5,0.0,0.0,1,1.0,1.0,1.0,1.0,1.0,1.0,-0.25,0.9999999999888078,0.9999999999946132
mixed,0.1,12.0,8.0,0.1,1.0,4.0,0.0,0.0,1,1.0,1.0,1.0,1.0,1.0,1.0,-0.25,1.0,1.0
mixed,0.1,12.0,8.0,0.25,1.0,2.5,0.0,0.0,1,1.0,1.0,1.0,1.0,1.0,1.0,-0.25,0.9999999999906021,0.9999999999956249
mixed,0.1,12.0,8.0,0.25,1.0,4.0,0.0,0.0,1,1.0,1.0,1.0,1.0,1.0,1.0,-0.25,1.0,1.0
mixed,0.1,12.0,18.0,0.0,1.0,2.5,0.0,0.0,1,1.0,1.0,1.0,1.0,1.0,1.0,-0.25,0.9999999999983934,0.9999999999979502
mixed,0.1,12.0,18.0,0.0,1.0,4.0,0.0,0.0,1,1.0,1.0,1.0,1.0,1.0,1.0,-0.25,1.0,1.0
mixed,0.1,12.0,18.0,0.1,1.0,2.5,0.0,0.0,1,1.0,1.0,1.0,1.0,1.0,1.0,-0.25,0.9999999999985791,0.999999999998244
mixed,0.1,12.0,18.0,0.1,1.0,4.0,0.0,0.0,1,1.0,1.0,1.0,1.0,1.0,1.0,-0.25,1.0,1.0
mixed,0.1,12.0,18.0,0.25,1.0,2.5,0.0,0.0,1,1.0,1.0,1.0,1.0,1.0,1.0,-0.25,0.9999999999988178,0.9999999999986059
mixed,0.1,12.0,18.0,0.25,1.0,4.0,0.0,0.0,1,1.0,1.0,1.0,1.0,1.0,1.0,-0.25,1.0,1.0
mixed,0.1,12.0,30.0,0.0,1.0,2.5,0.0,0.0,1,1.0,1.0,1.0,1.0,1.0,1.0,-0.25,0.999999999998467,0.9999999999979744
mixed,0.1,12.0,30.0,0.0,1.0,4.0,0.0,0.0,1,1.0,1.0,1.0,1.0,1.0,1.0,-0.25,1.0,1.0
mixed,0.1,12.0,30.0,0.1,1.0,2.5,0.0,0.0,1,1.0,1.0,1.0,1.0,1.0,1.0,-0.25,0.9999999999986444,0.999999999998265
mixed,0.1,12.0,30.0,0.1,1.0,4.0,0.0,0.0,1,1.0,1.0,1.0,1.0,1.0,1.0,-0.25,1.0,1.0
mixed,0.1,12.0,30.0,0.25,1.0,2.5,0.0,0.0,1,1.0,1.0,1.0,1.0,1.0,1.0,-0.25,0.9999999999988727,0.9999999999986232
mixed,0.1,12.0,30.0,0.25,1.0,4.0,0.0,0.0,1,1.0,1.0,1.0,1.0,1.0,1.0,-0.25,1.0,1.0
mixed,0.1,20.0,8.0,0.0,1.0,2.5,0.0,0.0,1,1.0,1.0,1.0,1.0,1.0,1.0,-0.25,1.0,1.0
mixed,0.1,20.0,8.0,0.0,1.0,4.0,0.0,0.0,1,1.0,1.0,1.0,1.0,1.0,1.0,-0.25,1.0,1.0
mixed,0.1,20.0,8.0,0.1,1.0,2.5,0.0,0.0,1,1.0,1.0,1.0,1.0,1.0,1.0,-0.25,1.0,1.0
mixed,0.1,20.0,8.0,0.1,1.0,4.0,0.0,0.0,1,1.0,1.0,1.0,1.0,1.0,1.0,-0.25,1.0,1.0
mixed,0.1,20.0,8.0,0.25,1.0,2.5,0.0,0.0,1,1.0,1.0,1.0,1.0,1.0,1.0,-0.25,1.0,1.0
mixed,0.1,20.0,8.0,0.25,1.0,4.0,0.0,0.0,1,1.0,1.0,1.0,1.0,1.0,1.0,-0.25,1.0,1.0
mixed,0.1,20.0,18.0,0.0,1.0,2.5,0.0,0.0,1,1.0,1.0,1.0,1.0,1.0,1.0,-0.25,1.0,1.0
mixed,0.1,20.0,18.0,0.0,1.0,4.0,0.0,0.0,1,1.0,1.0,1.0,1.0,1.0,1.0,-0.25,1.0,1.0
mixed,0.1,20.0,18.0,0.1,1.0,2.5,0.0,0.0,1,1.0,1.0,1.0,1.0,1.0,1.0,-0.25,1.0,1.0
mixed,0.1,20.0,18.0,0.1,1.0,4.0,0.0,0.0,1,1.0,1.0,1.0,1.0,1.0,1.0,-0.25,1.0,1.0
mixed,0.1,20.0,18.0,0.25,1.0,2.5,0.0,0.0,1,1.0,1.0,1.0,1.0,1.0,1.0,-0.25,1.0,1.0
mixed,0.1,20.0,18.0,0.25,1.0,4.0,0.0,0.0,1,1.0,1.0,1.0,1.0,1.0,1.0,-0.25,1.0,1.0
mixed,0.1,20.0,30.0,0.0,1.0,2.5,0.0,0.0,1,1.0,1.0,1.0,1.0,1.0,1.0,-0.25,1.0,1.0
mixed,0.1,20.0,30.0,0.0,1.0,4.0,0.0,0.0,1,1.0,1.0,1.0,1.0,1.0,1.0,-0.25,1.0,1.0
mixed,0.1,20.0,30.0,0.1,1.0,2.5,0.0,0.0,1,1.0,1.0,1.0,1.0,1.0,1.0,-0.25,1.0,1.0
mixed,0.1,20.0,30.0,0.1,1.0,4.0,0.0,0.0,1,1.0,1.0,1.0,1.0,1.0,1.0,-0.25,1.0,1.0
mixed,0.1,20.0,30.0,0.25,1.0,2.5,0.0,0.0,1,1.0,1.0,1.0,1.0,1.0,1.0,-0.25,1.0,1.0
mixed,0.1,20.0,30.0,0.25,1.0,4.0,0.0,0.0,1,1.0,1.0,1.0,1.0,1.0,1.0,-0.25,1.0,1.0
mixed,0.1,32.0,8.0,0.0,1.0,2.5,0.0,0.0,1,1.0,1.0,1.0,1.0,1.0,1.0,-0.25,1.0,1.0
mixed,0.1,32.0,8.0,0.0,1.0,4.0,0.0,0.0,1,1.0,1.0,1.0,1.0,1.0,1.0,-0.25,1.0,1.0
mixed,0.1,32.0,8.0,0.1,1.0,2.5,0.0,0.0,1,1.0,1.0,1.0,1.0,1.0,1.0,-0.25,1.0,1.0
mixed,0.1,32.0,8.0,0.1,1.0,4.0,0.0,0.0,1,1.0,1.0,1.0,1.0,1.0,1.0,-0.25,1.0,1.0
mixed,0.1,32.0,8.0,0.25,1.0,2.5,0.0,0.0,1,1.0,1.0,1.0,1.0,1.0,1.0,-0.25,1.0,1.0
mixed,0.1,32.0,8.0,0.25,1.0,4.0,0.0,0.0,1,1.0,1.0,1.0,1.0,1.0,1.0,-0.25,1.0,1.0
mixed,0.1,32.0,18.0,0.0,1.0,2.5,0.0,0.0,1,1.0,1.0,1.0,1.0,1.0,1.0,-0.25,1.0,1.0
mixed,0.1,32.0,18.0,0.0,1.0,4.0,0.0,0.0,1,1.0,1.0,1.0,1.0,1.0,1.0,-0.25,1.0,1.0
mixed,0.1,32.0,18.0,0.1,1.0,2.5,0.0,0.0,1,1.0,1.0,1.0,1.0,1.0,1.0,-0.25,1.0,1.0
mixed,0.1,32.0,18.0,0.1,1.0,4.0,0.0,0.0,1,1.0,1.0,1.0,1.0,1.0,1.0,-0.25,1.0,1.0
mixed,0.1,32.0,18.0,0.25,1.0,2.5,0.0,0.0,1,1.0,1.0,1.0,1.0,1.0,1.0,-0.25,1.0,1.0
mixed,0.1,32.0,18.0,0.25,1.0,4.0,0.0,0.0,1,1.0,1.0,1.0,1.0,1.0,1.0,-0.25,1.0,1.0
mixed,0.1,32.0,30.0,0.0,1.0,2.5,0.0,0.0,1,1.0,1.0,1.0,1.0,1.0,1.0,-0.25,1.0,1.0
mixed,0.1,32.0,30.0,0.0,1.0,4.0,0.0,0.0,1,1.0,1.0,1.0,1.0,1.0,1.0,-0.25,1.0,1.0
mixed,0.1,32.0,30.0,0.1,1.0,2.5,0.0,0.0,1,1.0,1.0,1.0,1.0,1.0,1.0,-0.25,1.0,1.0
mixed,0.1,32.0,30.0,0.1,1.0,4.0,0.0,0.0,1,1.0,1.0,1.0,1.0,1.0,1.0,-0.25,1.0,1.0
mixed,0.1,32.0,30.0,0.25,1.0,2.5,0.0,0.0,1,1.0,1.0,1.0,1.0,1.0,1.0,-0.25,1.0,1.0
mixed,0.1,32.0,30.0,0.25,1.0,4.0,0.0,0.0,1,1.0,1.0,1.0,1.0,1.0,1.0,-0.25,1.0,1.0
mixed,0.18,4.0,8.0,0.0,1.0,2.5,0.0,0.0,1,1.0,1.0,1.0,1.0,1.0,1.0,-0.25,0.9974570423240684,0.9981501626047321
mixed,0.18,4.0,8.0,0.0,1.0,4.0,0.0,0.0,1,1.0,1.0,1.0,1.0,1.0,1.0,-0.25,0.9999827362077798,0.9999915537883912
mixed,0.18,4.0,8.0,0.1,1.0,2.5,0.0,0.0,1,1.0,1.0,1.0,1.0,1.0,1.0,-0.25,0.9977333488440707,0.9983962292137497
mixed,0.18,4.0,8.0,0.1,1.0,4.0,0.0,0.0,1,1.0,1.0,1.0,1.0,1.0,1.0,-0.25,0.999985576873032,0.9999932034310032
mixed,0.18,4.0,8.0,0.25,1.0,2.5,0.0,0.0,1,1.0,1.0,1.0,1.0,1.0,1.0,-0.25,0.9980924259248588,0.9987039589597725
mixed,0.18,4.0,8.0,0.25,1.0,4.0,0.0,0.0,1,1.0,1.0,1.0,1.0,1.0,1.0,-0.25,0.9999889827070011,0.9999950822015364
mixed,0.18,4.0,18.0,0.0,1.0,2.5,0.0,0.0,1,1.0,1.0,1.0,1.0,1.0,1.0,-0.25,0.9992063066668717,0.9990017728338264
mixed,0.18,4.0,18.0,0.0,1.0,4.0,0.0,0.0,1,1.0,1.0,1.0,1.0,1.0,1.0,-0.25,0.9999978175463918,0.999997356011246
mixed,0.18,4.0,18.0,0.1,1.0,2.5,0.0,0.0,1,1.0,1.0,1.0,1.0,1.0,1.0,-0.25,0.9992977292100313,0.9991445056701623
mixed,0.18,4.0,18.0,0.1,1.0,4.0,0.0,0.0,1,1.0,1.0,1.0,1.0,1.0,1.0,-0.25,0.9999982051228067,0.9999979332395474
mixed,0.18,4.0,18.0,0.25,1.0,2.5,0.0,0.0,1,1.0,1.0,1.0,1.0,1.0,1.0,-0.25,0.9994154522231122,0.9993205023507895
mixed,0.18,4.0,18.0,0.25,1.0,4.0,0.0,0.0,1,1.0,1.0,1.0,1.0,1.0,1.0,-0.25,0.9999986609750291,0.9999985674006727
mixed,0.18,4.0,30.0,0.0,1.0,2.5,0.0,0.0,1,1.0,1.0,1.0,1.0,1.0,1.0,-0.25,0.9992557294535702,0.9990180393381484
mixed,0.18,4.0,30.0,0.0,1.0,4.0,0.0,0.0,1,1.0,1.0,1.0,1.0,1.0,1.0,-0.25,0.9999980511837478,0.9999974316442671
mixed,0.18,4.0,30.0,0.1,1.0,2.5,0.0,0.0,1,1.0,1.0,1.0,1.0,1.0,1.0,-0.25,0.9993418037674864,0.9991588426129007
mixed,0.18,4.0,30.0,0.1,1.0,4.0,0.0,0.0,1,1.0,1.0,1.0,1.0,1.0,1.0,-0.25,0.9999983992348096,0.9999979948893539
mixed,0.18,4.0,30.0,0.25,1.0,2.5,0.0,0.0,1,1.0,1.0,1.0,1.0,1.0,1.0,-0.25,0.9994525698636045,0.9993323670589559
mixed,0.18,4.0,30.0,0.25,1.0,4.0,0.0,0.0,1,1.0,1.0,1.0,1.0,1.0,1.0,-0.25,0.9999988079973071,0.9999986127945837
mixed,0.18,8.0,8.0,0.0,1.0,2.5,0.0,0.0,1,1.0,1.0,1.0,1.0,1.0,1.0,-0.25,0.999999576109738,0.9999998186536659
mixed,0.18,8.0,8.0,0.0,1.0,4.0,0.0,0.0,1,1.0,1.0,1.0,1.0,1.0,1.0,-0.25,0.9999999999792629,0.9999999999954329
mixed,0.18,8.0,8.0,0.1,1.0,2.5,0.0,0.0,1,1.0,1.0,1.0,1.0,1.0,1.0,-0.25,0.9999996215521617,0.9999998415628507
mixed,0.18,8.0,8.0,0.1,1.0,4.0,0.0,0.0,1,1.0,1.0,1.0,1.0,1.0,1.0,-0.25,0.9999999999825928,0.9999999999962617
mixed,0.18,8.0,8.0,0.25,1.0,2.5,0.0,0.0,1,1.0,1.0,1.0,1.0,1.0,1.0,-0.25,0.9999996807125451,0.9999998705066879
mixed,0.18,8.0,8.0,0.25,1.0,4.0,0.0,0.0,1,1.0,1.0,1.0,1.0,1.0,1.0,-0.25,0.9999999999866095,0.9999999999972281
mixed,0.18,8.0,18.0,0.0,1.0,2.5,0.0,0.0,1,1.0,1.0,1.0,1.0,1.0,1.0,-0.25,0.9999999614148247,0.9999999538462276
mixed,0.18,8.0,18.0,0.0,1.0,4.0,0.0,0.0,1,1.0,1.0,1.0,1.0,1.0,1.0,-0.25,0.9999999999997229,0.9999999999996931
mixed,0.18,8.0,18.0,0.1,1.0,2.5,0.0,0.0,1,1.0,1.0,1.0,1.0,1.0,1.0,-0.25,0.9999999658541695,0.9999999604355766
mixed,0.18,8.0,18.0,0.1,1.0,4.0,0.0,0.0,1,1.0,1.0,1.0,1.0,1.0,1.0,-0.25,0.999999999999772,0.9999999999997599
mixed,0.18,8.0,18.0,0.25,1.0,2.5,0.0,0.0,1,1.0,1.0,1.0,1.0,1.0,1.0,-0.25,0.9999999715711179,0.9999999685616895
mixed,0.18,8.0,18.0,0.25,1.0,4.0,0.0,0.0,1,1.0,1.0,1.0,1.0,1.0,1.0,-0.25,0.9999999999998297,0.9999999999998331
mixed,0.18,8.0,30.0,0.0,1.0,2.5,0.0,0.0,1,1.0,1.0,1.0,1.0,1.0,1.0,-0.25,0.9999999661182357,0.9999999553597444
mixed,0.18,8.0,30.0,0.0,1.0,4.0,0.0,0.0,1,1.0,1.0,1.0,1.0,1.0,1.0,-0.25,0.99999999999978,0.9999999999997109
mixed,0.18,8.0,30.0,0.1,1.0,2.5,0.0,0.0,1,1.0,1.0,1.0,1.0,1.0,1.0,-0.25,0.9999999700389687,0.999999961766108
mixed,0.18,8.0,30.0,0.1,1.0,4.0,0.0,0.0,1,1.0,1.0,1.0,1.0,1.0,1.0,-0.25,0.9999999999998193,0.9999999999997743
mixed,0.18,8.0,30.0,0.25,1.0,2.5,0.0,0.0,1,1.0,1.0,1.0,1.0,1.0,1.0,-0.25,0.9999999750834649,0.9999999696586263
mixed,0.18,8.0,30.0,0.25,1.0,4.0,0.0,0.0,1,1.0,1.0,1.0,1.0,1.0,1.0,-0.25,0.9999999999998654,0.9999999999998438
mixed,0.18,12.0,8.0,0.0,1.0,2.5,0.0,0.0,1,1.0,1.0,1.0,1.0,1.0,1.0,-0.25,0.999999999925377,0.9999999999799485
mixed,0.18,12.0,8.0,0.0,1.0,4.0,0.0,0.0,1,1.0,1.0,1.0,1.0,1.0,1.0,-0.25,1.0,1.0
mixed,0.18,12.0,8.0,0.1,1.0,2.5,0.0,0.0,1,1.0,1.0,1.0,1.0,1.0,1.0,-0.25,0.9999999999332638,0.9999999999823714
mixed,0.18,12.0,8.0,0.1,1.0,4.0,0.0,0.0,1,1.0,1.0,1.0,1.0,1.0,1.0,-0.25,1.0,1.0
mixed,0.18,12.0,8.0,0.25,1.0,2.5,0.0,0.0,1,1.0,1.0,1.0,1.0,1.0,1.0,-0.25,0.9999999999435539,0.9999999999854597
mixed,0.18,12.0,8.0,0.25,1.0,4.0,0.0,0.0,1,1.0,1.0,1.0,1.0,1.0,1.0,-0.25,1.0,1.0
mixed,0.18,12.0,18.0,0.0,1.0,2.5,0.0,0.0,1,1.0,1.0,1.0,1.0,1.0,1.0,-0.25,0.9999999999981236,0.9999999999978675
mixed,0.18,12.0,18.0,0.0,1.0,4.0,0.0,0.0,1,1.0,1.0,1.0,1.0,1.0,1.0,-0.25,1.0,1.0
mixed,0.18,12.0,18.0,0.1,1.0,2.5,0.0,0.0,1,1.0,1.0,1.0,1.0,1.0,1.0,-0.25,0.9999999999983391,0.9999999999981711
mixed,0.18,12.0,18.0,0.1,1.0,4.0,0.0,0.0,1,1.0,1.0,1.0,1.0,1.0,1.0,-0.25,1.0,1.0
mixed,0.18,12.0,18.0,0.25,1.0,2.5,0.0,0.0,1,1.0,1.0,1.0,1.0,1.0,1.0,-0.25,0.9999999999986167,0.9999999999985459
mixed,0.18,12.0,18.0,0.25,1.0,4.0,0.0,0.0,1,1.0,1.0,1.0,1.0,1.0,1.0,-0.25,1.0,1.0
mixed,0.18,12.0,30.0,0.0,1.0,2.5,0.0,0.0,1,1.0,1.0,1.0,1.0,1.0,1.0,-0.25,0.9999999999984588,0.9999999999979727
mixed,0.18,12.0,30.0,0.0,1.0,4.0,0.0,0.0,1,1.0,1.0,1.0,1.0,1.0,1.0,-0.25,1.0,1.0
mixed,0.18,12.0,30.0,0.1,1.0,2.5,0.0,0.0,1,1.0,1.0,1.0,1.0,1.0,1.0,-0.25,0.9999999999986371,0.9999999999982636
mixed,0.18,12.0,30.0,0.1,1.0,4.0,0.0,0.0,1,1.0,1.0,1.0,1.0,1.0,1.0,-0.25,1.0,1.0
mixed,0.18,12.0,30.0,0.25,1.0,2.5,0.0,0.0,1,1.0,1.0,1.0,1.0,1.0,1.0,-0.25,0.9999999999988665,0.999999999998622
mixed,0.18,12.0,30.0,0.25,1.0,4.0,0.0,0.0,1,1.0,1.0,1.0,1.0,1.0,1.0,-0.25,1.0,1.0
mixed,0.18,20.0,8.0,0.0,1.0,2.5,0.0,0.0,1,1.0,1.0,1.0,1.0,1.0,1.0,-0.25,1.0,1.0
mixed,0.18,20.0,8.0,0.0,1.0,4.0,0.0,0.0,1,1.0,1.0,1.0,1.0,1.0,1.0,-0.25,1.0,1.0
mixed,0.18,20.0,8.0,0.1,1.0,2.5,0.0,0.0,1,1.0,1.0,1.0,1.0,1.0,1.0,-0.25,1.0,1.0
mixed,0.18,20.0,8.0,0.1,1.0,4.0,0.0,0.0,1,1.0,1.0,1.0,1.0,1.0,1.0,-0.25,1.0,1.0
mixed,0.18,20.0,8.0,0.25,1.0,2.5,0.0,0.0,1,1.0,1.0,1.0,1.0,1.0,1.0,-0.25,1.0,1.0
mixed,0.18,20.0,8.0,0.25,1.0,4.0,0.0,0.0,1,1.0,1.0,1.0,1.0,1.0,1.0,-0.25,1.0,1.0
mixed,0.18,20.0,18.0,0.0,1.0,2.5,0.0,0.0,1,1.0,1.0,1.0,1.0,1.0,1.0,-0.25,1.0,1.0
mixed,0.18,20.0,18.0,0.0,1.0,4.0,0.0,0.0,1,1.0,1.0,1.0,1.0,1.0,1.0,-0.25,1.0,1.0
mixed,0.18,20.0,18.0,0.1,1.0,2.5,0.0,0.0,1,1.0,1.0,1.0,1.0,1.0,1.0,-0.25,1.0,1.0
mixed,0.18,20.0,18.0,0.1,1.0,4.0,0.0,0.0,1,1.0,1.0,1.0,1.0,1.0,1.0,-0.25,1.0,1.0
mixed,0.18,20.0,18.0,0.25,1.0,2.5,0.0,0.0,1,1.0,1.0,1.0,1.0,1.0,1.0,-0.25,1.0,1.0
mixed,0.18,20.0,18.0,0.25,1.0,4.0,0.0,0.0,1,1.0,1.0,1.0,1.0,1.0,1.0,-0.25,1.0,1.0
mixed,0.18,20.0,30.0,0.0,1.0,2.5,0.0,0.0,1,1.0,1.0,1.0,1.0,1.0,1.0,-0.25,1.0,1.0
mixed,0.18,20.0,30.0,0.0,1.0,4.0,0.0,0.0,1,1.0,1.0,1.0,1.0,1.0,1.0,-0.25,1.0,1.0
mixed,0.18,20.0,30.0,0.1,1.0,2.5,0.0,0.0,1,1.0,1.0,1.0,1.0,1.0,1.0,-0.25,1.0,1.0
mixed,0.18,20.0,30.0,0.1,1.0,4.0,0.0,0.0,1,1.0,1.0,1.0,1.0,1.0,1.0,-0.25,1.0,1.0
mixed,0.18,20.0,30.0,0.25,1.0,2.5,0.0,0.0,1,1.0,1.0,1.0,1.0,1.0,1.0,-0.25,1.0,1.0
mixed,0.18,20.0,30.0,0.25,1.0,4.0,0.0,0.0,1,1.0,1.0,1.0,1.0,1.0,1.0,-0.25,1.0,1.0
mixed,0.18,32.0,8.0,0.0,1.0,2.5,0.0,0.0,1,1.0,1.0,1.0,1.0,1.0,1.0,-0.25,1.0,1.0
mixed,0.18,32.0,8.0,0.0,1.0,4.0,0.0,0.0,1,1.0,1.0,1.0,1.0,1.0,1.0,-0.25,1.0,1.0
mixed,0.18,32.0,8.0,0.1,1.0,2.5,0.0,0.0,1,1.0,1.0,1.0,1.0,1.0,1.0,-0.25,1.0,1.0
mixed,0.18,32.0,8.0,0.1,1.0,4.0,0.0,0.0,1,1.0,1.0,1.0,1.0,1.0,1.0,-0.25,1.0,1.0
mixed,0.18,32.0,8.0,0.25,1.0,2.5,0.0,0.0,1,1.0,1.0,1.0,1.0,1.0,1.0,-0.25,1.0,1.0
mixed,0.18,32.0,8.0,0.25,1.0,4.0,0.0,0.0,1,1.0,1.0,1.0,1.0,1.0,1.0,-0.25,1.0,1.0
mixed,0.18,32.0,18.0,0.0,1.0,2.5,0.0,0.0,1,1.0,1.0,1.0,1.0,1.0,1.0,-0.25,1.0,1.0
mixed,0.18,32.0,18.0,0.0,1.0,4.0,0.0,0.0,1,1.0,1.0,1.0,1.0,1.0,1.0,-0.25,1.0,1.0
mixed,0.18,32.0,18.0,0.1,1.0,2.5,0.0,0.0,1,1.0,1.0,1.0,1.0,1.0,1.0,-0.25,1.0,1.0
mixed,0.18,32.0,18.0,0.1,1.0,4.0,0.0,0.0,1,1.0,1.0,1.0,1.0,1.0,1.0,-0.25,1.0,1.0
mixed,0.18,32.0,18.0,0.25,1.0,2.5,0.0,0.0,1,1.0,1.0,1.0,1.0,1.0,1.0,-0.25,1.0,1.0
mixed,0.18,32.0,18.0,0.25,1.0,4.0,0.0,0.0,1,1.0,1.0,1.0,1.0,1.0,1.0,-0.25,1.0,1.0
mixed,0.18,32.0,30.0,0.0,1.0,2.5,0.0,0.0,1,1.0,1.0,1.0,1.0,1.0,1.0,-0.25,1.0,1.0
mixed,0.18,32.0,30.0,0.0,1.0,4.0,0.0,0.0,1,1.0,1.0,1.0,1.0,1.0,1.0,-0.25,1.0,1.0
mixed,0.18,32.0,30.0,0.1,1.0,2.5,0.0,0.0,1,1.0,1.0,1.0,1.0,1.0,1.0,-0.25,1.0,1.0
mixed,0.18,32.0,30.0,0.1,1.0,4.0,0.0,0.0,1,1.0,1.0,1.0,1.0,1.0,1.0,-0.25,1.0,1.0
mixed,0.18,32.0,30.0,0.25,1.0,2.5,0.0,0.0,1,1.0,1.0,1.0,1.0,1.0,1.0,-0.25,1.0,1.0
mixed,0.18,32.0,30.0,0.25,1.0,4.0,0.0,0.0,1,1.0,1.0,1.0,1.0,1.0,1.0,-0.25,1.0,1.0
mixed,0.26,4.0,8.0,0.0,1.0,2.5,0.0,0.0,1,1.0,1.0,1.0,1.0,1.0,1.0,-0.25,0.9936640288240676,0.9967256118553309
mixed,0.26,4.0,8.0,0.0,1.0,4.0,0.0,0.0,1,1.0,1.0,1.0,1.0,1.0,1.0,-0.25,0.9999116122017838,0.999973658965382
mixed,0.26,4.0,8.0,0.1,1.0,2.5,0.0,0.0,1,1.0,1.0,1.0,1.0,1.0,1.0,-0.25,0.9943179912023568,0.9971348395942821
mixed,0.26,4.0,8.0,0.1,1.0,4.0,0.0,0.0,1,1.0,1.0,1.0,1.0,1.0,1.0,-0.25,0.9999252535447812,0.9999783777403369
mixed,0.26,4.0,8.0,0.25,1.0,2.5,0.0,0.0,1,1.0,1.0,1.0,1.0,1.0,1.0,-0.25,0.9951745849117393,0.9976526828668629
mixed,0.26,4.0,8.0,0.25,1.0,4.0,0.0,0.0,1,1.0,1.0,1.0,1.0,1.0,1.0,-0.25,0.9999418544795591,0.9999838926461089
mixed,0.26,4.0,18.0,0.0,1.0,2.5,0.0,0.0,1,1.0,1.0,1.0,1.0,1.0,1.0,-0.25,0.9990170595325913,0.9989445715453448
mixed,0.26,4.0,18.0,0.0,1.0,4.0,0.0,0.0,1,1.0,1.0,1.0,1.0,1.0,1.0,-0.25,0.9999967916745611,0.9999970718679264
mixed,0.26,4.0,18.0,0.1,1.0,2.5,0.0,0.0,1,1.0,1.0,1.0,1.0,1.0,1.0,-0.25,0.9991287484424042,0.9990940430913016
mixed,0.26,4.0,18.0,0.1,1.0,4.0,0.0,0.0,1,1.0,1.0,1.0,1.0,1.0,1.0,-0.25,0.999997350338491,0.9999977011132195
mixed,0.26,4.0,18.0,0.25,1.0,2.5,0.0,0.0,1,1.0,1.0,1.0,1.0,1.0,1.0,-0.25,0.9992728749880508,0.9992786836073075
mixed,0.26,4.0,18.0,0.25,1.0,4.0,0.0,0.0,1,1.0,1.0,1.0,1.0,1.0,1.0,-0.25,0.9999980107369288,0.9999983959113931
mixed,0.26,4.0,30.0,0.0,1.0,2.5,0.0,0.0,1,1.0,1.0,1.0,1.0,1.0,1.0,-0.25,0.9992410129879117,0.9990151358043153
mixed,0.26,4.0,30.0,0.0,1.0,4.0,0.0,0.0,1,1.0,1.0,1.0,1.0,1.0,1.0,-0.25,0.9999979828510298,0.9999974182802456
mixed,0.26,4.0,30.0,0.1,1.0,2.5,0.0,0.0,1,1.0,1.0,1.0,1.0,1.0,1.0,-0.25,0.9993286579504714,0.9991562723748785
mixed,0.26,4.0,30.0,0.1,1.0,4.0,0.0,0.0,1,1.0,1.0,1.0,1.0,1.0,1.0,-0.25,0.9999983423146794,0.9999979839208774
mixed,0.26,4.0,30.0,0.25,1.0,2.5,0.0,0.0,1,1.0,1.0,1.0,1.0,1.0,1.0,-0.25,0.9994414714970029,0.9993302263689263
mixed,0.26,4.0,30.0,0.25,1.0,4.0,0.0,0.0,1,1.0,1.0,1.0,1.0,1.0,1.0,-0.25,0.999998764719241,0.9999986046368908
mixed,0.26,8.0,8.0,0.0,1.0,2.5,0.0,0.0,1,1.0,1.0,1.0,1.0,1.0,1.0,-0.25,0.9999971083962578,0.999999286138241
mixed,0.26,8.0,8.0,0.0,1.0,4.0,0.0,0.0,1,1.0,1.0,1.0,1.0,1.0,1.0,-0.25,0.9999999993345368,0.999999999929286
mixed,0.26,8.0,8.0,0.1,1.0,2.5,0.0,0.0,1,1.0,1.0,1.0,1.0,1.0,1.0,-0.25,0.999997401262844,0.9999993688758968
mixed,0.26,8.0,8.0,0.1,1.0,4.0,0.0,0.0,1,1.0,1.0,1.0,1.0,1.0,1.0,-0.25,0.9999999994338334,0.9999999999410064
mixed,0.26,8.0,8.0,0.25,1.0,2.5,0.0,0.0,1,1.0,1.0,1.0,1.0,1.0,1.0,-0.25,0.999997785676079,0.9999994750858244
mixed,0.26,8.0,8.0,0.25,1.0,4.0,0.0,0.0,1,1.0,1.0,1.0,1.0,1.0,1.0,-0.25,0.9999999995556286,0.9999999999550285
mixed,0.26,8.0,18.0,0.0,1.0,2.5,0.0,0.0,1,1.0,1.0,1.0,1.0,1.0,1.0,-0.25,0.9999999396944829,0.9999999480221206
mixed,0.26,8.0,18.0,0.0,1.0,4.0,0.0,0.0,1,1.0,1.0,1.0,1.0,1.0,1.0,-0.25,0.9999999999993661,0.9999999999996144
mixed,0.26,8.0,18.0,0.1,1.0,2.5,0.0,0.0,1,1.0,1.0,1.0,1.0,1.0,1.0,-0.25,0.9999999464955174,0.9999999553083435
mixed,0.26,8.0,18.0,0.1,1.0,4.0,0.0,0.0,1,1.0,1.0,1.0,1.0,1.0,1.0,-0.25,0.9999999999994749,0.9999999999996957
mixed,0.26,8.0,18.0,0.25,1.0,2.5,0.0,0.0,1,1.0,1.0,1.0,1.0,1.0,1.0,-0.25,0.999999955281198,0.9999999643256512
mixed,0.26,8.0,18.0,0.25,1.0,4.0,0.0,0.0,1,1.0,1.0,1.0,1.0,1.0,1.0,-0.25,0.999999999999604,0.999999999999786
mixed,0.26,8.0,30.0,0.0,1.0,2.5,0.0,0.0,1,1.0,1.0,1.0,1.0,1.0,1.0,-0.25,0.9999999647514404,0.9999999550933086
mixed,0.26,8.0,30.0,0.0,1.0,4.0,0.0,0.0,1,1.0,1.0,1.0,1.0,1.0,1.0,-0.25,0.9999999999997639,0.9999999999997078
mixed,0.26,8.0,30.0,0.1,1.0,2.5,0.0,0.0,1,1.0,1.0,1.0,1.0,1.0,1.0,-0.25,0.9999999688208698,0.9999999615308633
mixed,0.26,8.0,30.0,0.1,1.0,4.0,0.0,0.0,1,1.0,1.0,1.0,1.0,1.0,1.0,-0.25,0.999999999999806,0.9999999999997717
mixed,0.26,8.0,30.0,0.25,1.0,2.5,0.0,0.0,1,1.0,1.0,1.0,1.0,1.0,1.0,-0.25,0.9999999740585834,0.9999999694634364
mixed,0.26,8.0,30.0,0.25,1.0,4.0,0.0,0.0,1,1.0,1.0,1.0,1.0,1.0,1.0,-0.25,0.9999999999998553,0.9999999999998419
mixed,0.26,12.0,8.0,0.0,1.0,2.5,0.0,0.0,1,1.0,1.0,1.0,1.0,1.0,1.0,-0.25,0.9999999985243602,0.9999999998005692
mixed,0.26,12.0,8.0,0.0,1.0,4.0,0.0,0.0,1,1.0,1.0,1.0,1.0,1.0,1.0,-0.25,0.9999999999999938,0.9999999999999997
mixed,0.26,12.0,8.0,0.1,1.0,2.5,0.0,0.0,1,1.0,1.0,1.0,1.0,1.0,1.0,-0.25,0.9999999986709373,0.9999999998226389
mixed,0.26,12.0,8.0,0.1,1.0,4.0,0.0,0.0,1,1.0,1.0,1.0,1.0,1.0,1.0,-0.25,0.9999999999999948,0.9999999999999999
mixed,0.26,12.0,8.0,0.25,1.0,2.5,0.0,0.0,1,1.0,1.0,1.0,1.0,1.0,1.0,-0.25,0.9999999988638808,0.999999999851216
mixed,0.26,12.0,8.0,0.25,1.0,4.0,0.0,0.0,1,1.0,1.0,1.0,1.0,1.0,1.0,-0.25,0.999999999999996,0.9999999999999999
mixed,0.26,12.0,18.0,0.0,1.0,2.5,0.0,0.0,1,1.0,1.0,1.0,1.0,1.0,1.0,-0.25,0.9999999999962305,0.9999999999974216
mixed,0.26,12.0,18.0,0.0,1.0,4.0,0.0,0.0,1,1.0,1.0,1.0,1.0,1.0,1.0,-0.25,1.0,1.0
mixed,0.26,12.0,18.0,0.1,1.0,2.5,0.0,0.0,1,1.0,1.0,1.0,1.0,1.0,1.0,-0.25,0.9999999999966519,0.9999999999977787
mixed,0.26,12.0,18.0,0.1,1.0,4.0,0.0,0.0,1,1.0,1.0,1.0,1.0,1.0,1.0,-0.25,1.0,1.0
mixed,0.26,12.0,18.0,0.25,1.0,2.5,0.0,0.0,1,1.0,1.0,1.0,1.0,1.0,1.0,-0.25,0.9999999999971972,0.9999999999982218
mixed,0.26,12.0,18.0,0.25,1.0,4.0,0.0,0.0,1,1.0,1.0,1.0,1.0,1.0,1.0,-0.25,1.0,1.0
mixed,0.26,12.0,30.0,0.0,1.0,2.5,0.0,0.0,1,1.0,1.0,1.0,1.0,1.0,1.0,-0.25,0.9999999999983638,0.9999999999979544
mixed,0.26,12.0,30.0,0.0,1.0,4.0,0.0,0.0,1,1.0,1.0,1.0,1.0,1.0,1.0,-0.25,1.0,1.0
mixed,0.26,12.0,30.0,0.1,1.0,2.5,0.0,0.0,1,1.0,1.0,1.0,1.0,1.0,1.0,-0.25,0.9999999999985526,0.9999999999982475
mixed,0.26,12.0,30.0,0.1,1.0,4.0,0.0,0.0,1,1.0,1.0,1.0,1.0,1.0,1.0,-0.25,1.0,1.0
mixed,0.26,12.0,30.0,0.25,1.0,2.5,0.0,0.0,1,1.0,1.0,1.0,1.0,1.0,1.0,-0.25,0.9999999999987954,0.9999999999986087
mixed,0.26,12.0,30.0,0.25,1.0,4.0,0.0,0.0,1,1.0,1.0,1.0,1.0,1.0,1.0,-0.25,1.0,1.0
mixed,0.26,20.0,8.0,0.0,1.0,2.5,0.0,0.0,1,1.0,1.0,1.0,1.0,1.0,1.0,-0.25,0.9999999999999996,1.0
mixed,0.26,20.0,8.0,0.0,1.0,4.0,0.0,0.0,1,1.0,1.0,1.0,1.0,1.0,1.0,-0.25,1.0,1.0
mixed,0.26,20.0,8.0,0.1,1.0,2.5,0.0,0.0,1,1.0,1.0,1.0,1.0,1.0,1.0,-0.25,0.9999999999999996,1.0
mixed,0.26,20.0,8.0,0.1,1.0,4.0,0.0,0.0,1,1.0,1.0,1.0,1.0,1.0,1.0,-0.25,1.0,1.0
mixed,0.26,20.0,8.0,0.25,1.0,2.5,0.0,0.0,1,1.0,1.0,1.0,1.0,1.0,1.0,-0.25,0.9999999999999996,1.0
mixed,0.26,20.0,8.0,0.25,1.0,4.0,0.0,0.0,1,1.0,1.0,1.0,1.0,1.0,1.0,-0.25,1.0,1.0
mixed,0.26,20.0,18.0,0.0,1.0,2.5,0.0,0.0,1,1.0,1.0,1.0,1.0,1.0,1.0,-0.25,1.0,1.0
mixed,0.26,20.0,18.0,0.0,1.0,4.0,0.0,0.0,1,1.0,1.0,1.0,1.0,1.0,1.0,-0.25,1.0,1.0
mixed,0.26,20.0,18.0,0.1,1.0,2.5,0.0,0.0,1,1.0,1.0,1.0,1.0,1.0,1.0,-0.25,1.0,1.0
mixed,0.26,20.0,18.0,0.1,1.0,4.0,0.0,0.0,1,1.0,1.0,1.0,1.0,1.0,1.0,-0.25,1.0,1.0
mixed,0.26,20.0,18.0,0.25,1.0,2.5,0.0,0.0,1,1.0,1.0,1.0,1.0,1.0,1.0,-0.25,1.0,1.0
mixed,0.26,20.0,18.0,0.25,1.0,4.0,0.0,0.0,1,1.0,1.0,1.0,1.0,1.0,1.0,-0.25,1.0,1.0
mixed,0.26,20.0,30.0,0.0,1.0,2.5,0.0,0.0,1,1.0,1.0,1.0,1.0,1.0,1.0,-0.25,1.0,1.0
mixed,0.26,20.0,30.0,0.0,1.0,4.0,0.0,0.0,1,1.0,1.0,1.0,1.0,1.0,1.0,-0.25,1.0,1.0
mixed,0.26,20.0,30.0,0.1,1.0,2.5,0.0,0.0,1,1.0,1.0,1.0,1.0,1.0,1.0,-0.25,1.0,1.0
mixed,0.26,20.0,30.0,0.1,1.0,4.0,0.0,0.0,1,1.0,1.0,1.0,1.0,1.0,1.0,-0.25,1.0,1.0
mixed,0.26,20.0,30.0,0.25,1.0,2.5,0.0,0.0,1,1.0,1.0,1.0,1.0,1.0,1.0,-0.25,1.0,1.0
mixed,0.26,20.0,30.0,0.25,1.0,4.0,0.0,0.0,1,1.0,1.0,1.0,1.0,1.0,1.0,-0.25,1.0,1.0
mixed,0.26,32.0,8.0,0.0,1.0,2.5,0.0,0.0,1,1.0,1.0,1.0,1.0,1.0,1.0,-0.25,1.0,1.0
mixed,0.26,32.0,8.0,0.0,1.0,4.0,0.0,0.0,1,1.0,1.0,1.0,1.0,1.0,1.0,-0.25,1.0,1.0
mixed,0.26,32.0,8.0,0.1,1.0,2.5,0.0,0.0,1,1.0,1.0,1.0,1.0,1.0,1.0,-0.25,1.0,1.0
mixed,0.26,32.0,8.0,0.1,1.0,4.0,0.0,0.0,1,1.0,1.0,1.0,1.0,1.0,1.0,-0.25,1.0,1.0
mixed,0.26,32.0,8.0,0.25,1.0,2.5,0.0,0.0,1,1.0,1.0,1.0,1.0,1.0,1.0,-0.25,1.0,1.0
mixed,0.26,32.0,8.0,0.25,1.0,4.0,0.0,0.0,1,1.0,1.0,1.0,1.0,1.0,1.0,-0.25,1.0,1.0
mixed,0.26,32.0,18.0,0.0,1.0,2.5,0.0,0.0,1,1.0,1.0,1.0,1.0,1.0,1.0,-0.25,1.0,1.0
mixed,0.26,32.0,18.0,0.0,1.0,4.0,0.0,0.0,1,1.0,1.0,1.0,1.0,1.0,1.0,-0.25,1.0,1.0
mixed,0.26,32.0,18.0,0.1,1.0,2.5,0.0,0.0,1,1.0,1.0,1.0,1.0,1.0,1.0,-0.25,1.0,1.0
mixed,0.26,32.0,18.0,0.1,1.0,4.0,0.0,0.0,1,1.0,1.0,1.0,1.0,1.0,1.0,-0.25,1.0,1.0
mixed,0.26,32.0,18.0,0.25,1.0,2.5,0.0,0.0,1,1.0,1.0,1.0,1.0,1.0,1.0,-0.25,1.0,1.0
mixed,0.26,32.0,18.0,0.25,1.0,4.0,0.0,0.0,1,1.0,1.0,1.0,1.0,1.0,1.0,-0.25,1.0,1.0
mixed,0.26,32.0,30.0,0.0,1.0,2.5,0.0,0.0,1,1.0,1.0,1.0,1.0,1.0,1.0,-0.25,1.0,1.0
mixed,0.26,32.0,30.0,0.0,1.0,4.0,0.0,0.0,1,1.0,1.0,1.0,1.0,1.0,1.0,-0.25,1.0,1.0
mixed,0.26,32.0,30.0,0.1,1.0,2.5,0.0,0.0,1,1.0,1.0,1.0,1.0,1.0,1.0,-0.25,1.0,1.0
mixed,0.26,32.0,30.0,0.1,1.0,4.0,0.0,0.0,1,1.0,1.0,1.0,1.0,1.0,1.0,-0.25,1.0,1.0
mixed,0.26,32.0,30.0,0.25,1.0,2.5,0.0,0.0,1,1.0,1.0,1.0,1.0,1.0,1.0,-0.25,1.0,1.0
mixed,0.26,32.0,30.0,0.25,1.0,4.0,0.0,0.0,1,1.0,1.0,1.0,1.0,1.0,1.0,-0.25,1.0,1.0
mixed,0.34,4.0,8.0,0.0,1.0,2.5,0.0,0.0,1,1.0,1.0,1.0,1.0,1.0,1.0,-0.25,0.9761311736069455,0.9912261514653461
mixed,0.34,4.0,8.0,0.0,1.0,4.0,0.0,0.0,1,1.0,1.0,1.0,1.0,1.0,1.0,-0.25,0.9990662222031915,0.9998171849518743
mixed,0.34,4.0,8.0,0.1,1.0,2.5,0.0,0.0,1,1.0,1.0,1.0,1.0,1.0,1.0,-0.25,0.9783760496074199,0.9922177832396923
mixed,0.34,4.0,8.0,0.1,1.0,4.0,0.0,0.0,1,1.0,1.0,1.0,1.0,1.0,1.0,-0.25,0.9991966457865773,0.9998464041057242
mixed,0.34,4.0,8.0,0.25,1.0,2.5,0.0,0.0,1,1.0,1.0,1.0,1.0,1.0,1.0,-0.25,0.9813593151700399,0.99349585219719
mixed,0.34,4.0,8.0,0.25,1.0,4.0,0.0,0.0,1,1.0,1.0,1.0,1.0,1.0,1.0,-0.25,0.9993587803850766,0.9998816075878874
mixed,0.34,4.0,18.0,0.0,1.0,2.5,0.0,0.0,1,1.0,1.0,1.0,1.0,1.0,1.0,-0.25,0.9976200500482669,0.998624038209852
mixed,0.34,4.0,18.0,0.0,1.0,4.0,0.0,0.0,1,1.0,1.0,1.0,1.0,1.0,1.0,-0.25,0.9999827606112275,0.9999949135600193
mixed,0.34,4.0,18.0,0.1,1.0,2.5,0.0,0.0,1,1.0,1.0,1.0,1.0,1.0,1.0,-0.25,0.9978750607194965,0.998810291277942
mixed,0.34,4.0,18.0,0.1,1.0,4.0,0.0,0.0,1,1.0,1.0,1.0,1.0,1.0,1.0,-0.25,0.9999855184119496,0.9999959226037821
mixed,0.34,4.0,18.0,0.25,1.0,2.5,0.0,0.0,1,1.0,1.0,1.0,1.0,1.0,1.0,-0.25,0.998207094633066,0.9990423159649461
mixed,0.34,4.0,18.0,0.25,1.0,4.0,0.0,0.0,1,1.0,1.0,1.0,1.0,1.0,1.0,-0.25,0.999988846612318,0.9999970648852404
mixed,0.34,4.0,30.0,0.0,1.0,2.5,0.0,0.0,1,1.0,1.0,1.0,1.0,1.0,1.0,-0.25,0.9990503307439546,0.9989812113472963
mixed,0.34,4.0,30.0,0.0,1.0,4.0,0.0,0.0,1,1.0,1.0,1.0,1.0,1.0,1.0,-0.25,0.9999969436007279,0.99999725338641
mixed,0.34,4.0,30.0,0.1,1.0,2.5,0.0,0.0,1,1.0,1.0,1.0,1.0,1.0,1.0,-0.25,0.9991580875790385,0.9991262242626671
mixed,0.34,4.0,30.0,0.1,1.0,4.0,0.0,0.0,1,1.0,1.0,1.0,1.0,1.0,1.0,-0.25,0.9999974737186378,0.9999978483930319
mixed,0.34,4.0,30.0,0.25,1.0,2.5,0.0,0.0,1,1.0,1.0,1.0,1.0,1.0,1.0,-0.25,0.9992971638399397,0.999305177748521
mixed,0.34,4.0,30.0,0.25,1.0,4.0,0.0,0.0,1,1.0,1.0,1.0,1.0,1.0,1.0,-0.25,0.9999981009496477,0.9999985036253612
mixed,0.34,8.0,8.0,0.0,1.0,2.5,0.0,0.0,1,1.0,1.0,1.0,1.0,1.0,1.0,-0.25,0.9999521784801597,0.999992593302543
mixed,0.34,8.0,8.0,0.0,1.0,4.0,0.0,0.0,1,1.0,1.0,1.0,1.0,1.0,1.0,-0.25,0.9999999086254635,0.9999999945584848
mixed,0.34,8.0,8.0,0.1,1.0,2.5,0.0,0.0,1,1.0,1.0,1.0,1.0,1.0,1.0,-0.25,0.9999566350657884,0.9999933696689172
mixed,0.34,8.0,8.0,0.1,1.0,4.0,0.0,0.0,1,1.0,1.0,1.0,1.0,1.0,1.0,-0.25,0.9999999209014883,0.9999999953762737
mixed,0.34,8.0,8.0,0.25,1.0,2.5,0.0,0.0,1,1.0,1.0,1.0,1.0,1.0,1.0,-0.25,0.9999625502277222,0.9999943829783748
mixed,0.34,8.0,8.0,0.25,1.0,4.0,0.0,0.0,1,1.0,1.0,1.0,1.0,1.0,1.0,-0.25,0.99999993628604,0.9999999963778513
mixed,0.34,8.0,18.0,0.0,1.0,2.5,0.0,0.0,1,1.0,1.0,1.0,1.0,1.0,1.0,-0.25,0.9999995559203302,0.9999998980794541
mixed,0.34,8.0,18.0,0.0,1.0,4.0,0.0,0.0,1,1.0,1.0,1.0,1.0,1.0,1.0,-0.25,0.9999999999678881,0.9999999999981398
mixed,0.34,8.0,18.0,0.1,1.0,2.5,0.0,0.0,1,1.0,1.0,1.0,1.0,1.0,1.0,-0.25,0.9999996020492488,0.9999999111038037
mixed,0.34,8.0,18.0,0.1,1.0,4.0,0.0,0.0,1,1.0,1.0,1.0,1.0,1.0,1.0,-0.25,0.9999999999728258,0.999999999998476
mixed,0.34,8.0,18.0,0.25,1.0,2.5,0.0,0.0,1,1.0,1.0,1.0,1.0,1.0,1.0,-0.25,0.9999996623797482,0.9999999275093336
mixed,0.34,8.0,18.0,0.25,1.0,4.0,0.0,0.0,1,1.0,1.0,1.0,1.0,1.0,1.0,-0.25,0.9999999999788435,0.9999999999988683
mixed,0.34,8.0,30.0,0.0,1.0,2.5,0.0,0.0,1,1.0,1.0,1.0,1.0,1.0,1.0,-0.25,0.9999999426695199,0.9999999517405903
mixed,0.34,8.0,30.0,0.0,1.0,4.0,0.0,0.0,1,1.0,1.0,1.0,1.0,1.0,1.0,-0.25,0.9999999999993879,0.9999999999996646
mixed,0.34,8.0,30.0,0.1,1.0,2.5,0.0,0.0,1,1.0,1.0,1.0,1.0,1.0,1.0,-0.25,0.9999999491014173,0.9999999585680541
mixed,0.34,8.0,30.0,0.1,1.0,4.0,0.0,0.0,1,1.0,1.0,1.0,1.0,1.0,1.0,-0.25,0.9999999999994919,0.9999999999997363
mixed,0.34,8.0,30.0,0.25,1.0,2.5,0.0,0.0,1,1.0,1.0,1.0,1.0,1.0,1.0,-0.25,0.9999999574165876,0.9999999670018783
mixed,0.34,8.0,30.0,0.25,1.0,4.0,0.0,0.0,1,1.0,1.0,1.0,1.0,1.0,1.0,-0.25,0.9999999999996154,0.9999999999998157
mixed,0.34,12.0,8.0,0.0,1.0,2.5,0.0,0.0,1,1.0,1.0,1.0,1.0,1.0,1.0,-0.25,0.9999998891891462,0.9999999914827026
mixed,0.34,12.0,8.0,0.0,1.0,4.0,0.0,0.0,1,1.0,1.0,1.0,1.0,1.0,1.0,-0.25,0.9999999999884106,0.9999999999997821
mixed,0.34,12.0,8.0,0.1,1.0,2.5,0.0,0.0,1,1.0,1.0,1.0,1.0,1.0,1.0,-0.25,0.9999998992904237,0.9999999923454778
mixed,0.34,12.0,8.0,0.1,1.0,4.0,0.0,0.0,1,1.0,1.0,1.0,1.0,1.0,1.0,-0.25,0.9999999999899424,0.9999999999998144
mixed,0.34,12.0,8.0,0.25,1.0,2.5,0.0,0.0,1,1.0,1.0,1.0,1.0,1.0,1.0,-0.25,0.9999999127378131,0.9999999934780405
mixed,0.34,12.0,8.0,0.25,1.0,4.0,0.0,0.0,1,1.0,1.0,1.0,1.0,1.0,1.0,-0.25,0.9999999999918686,0.9999999999998542
mixed,0.34,12.0,18.0,0.0,1.0,2.5,0.0,0.0,1,1.0,1.0,1.0,1.0,1.0,1.0,-0.25,0.9999999998995998,0.9999999999910535
mixed,0.34,12.0,18.0,0.0,1.0,4.0,0.0,0.0,1,1.0,1.0,1.0,1.0,1.0,1.0,-0.25,1.0,1.0
mixed,0.34,12.0,18.0,0.1,1.0,2.5,0.0,0.0,1,1.0,1.0,1.0,1.0,1.0,1.0,-0.25,0.9999999999097928,0.9999999999921338
mixed,0.34,12.0,18.0,0.1,1.0,4.0,0.0,0.0,1,1.0,1.0,1.0,1.0,1.0,1.0,-0.25,1.0,1.0
mixed,0.34,12.0,18.0,0.25,1.0,2.5,0.0,0.0,1,1.0,1.0,1.0,1.0,1.0,1.0,-0.25,0.9999999999231707,0.9999999999935101
mixed,0.34,12.0,18.0,0.25,1.0,4.0,0.0,0.0,1,1.0,1.0,1.0,1.0,1.0,1.0,-0.25,1.0,1.0
mixed,0.34,12.0,30.0,0.0,1.0,2.5,0.0,0.0,1,1.0,1.0,1.0,1.0,1.0,1.0,-0.25,0.999999999996398,0.9999999999977058
mixed,0.34,12.0,30.0,0.0,1.0,4.0,0.0,0.0,1,1.0,1.0,1.0,1.0,1.0,1.0,-0.25,1.0,1.0
mixed,0.34,12.0,30.0,0.1,1.0,2.5,0.0,0.0,1,1.0,1.0,1.0,1.0,1.0,1.0,-0.25,0.999999999996797,0.9999999999980279
mixed,0.34,12.0,30.0,0.1,1.0,4.0,0.0,0.0,1,1.0,1.0,1.0,1.0,1.0,1.0,-0.25,1.0,1.0
mixed,0.34,12.0,30.0,0.25,1.0,2.5,0.0,0.0,1,1.0,1.0,1.0,1.0,1.0,1.0,-0.25,0.9999999999973139,0.9999999999984263
mixed,0.34,12.0,30.0,0.25,1.0,4.0,0.0,0.0,1,1.0,1.0,1.0,1.0,1.0,1.0,-0.25,1.0,1.0
mixed,0.34,20.0,8.0,0.0,1.0,2.5,0.0,0.0,1,1.0,1.0,1.0,1.0,1.0,1.0,-0.25,0.9999999999992144,0.9999999999999846
mixed,0.34,20.0,8.0,0.0,1.0,4.0,0.0,0.0,1,1.0,1.0,1.0,1.0,1.0,1.0,-0.25,1.0,1.0
mixed,0.34,20.0,8.0,0.1,1.0,2.5,0.0,0.0,1,1.0,1.0,1.0,1.0,1.0,1.0,-0.25,0.9999999999992844,0.9999999999999861
mixed,0.34,20.0,8.0,0.1,1.0,4.0,0.0,0.0,1,1.0,1.0,1.0,1.0,1.0,1.0,-0.25,1.0,1.0
mixed,0.34,20.0,8.0,0.25,1.0,2.5,0.0,0.0,1,1.0,1.0,1.0,1.0,1.0,1.0,-0.25,0.999999999999378,0.9999999999999881
mixed,0.34,20.0,8.0,0.25,1.0,4.0,0.0,0.0,1,1.0,1.0,1.0,1.0,1.0,1.0,-0.25,1.0,1.0
mixed,0.34,20.0,18.0,0.0,1.0,2.5,0.0,0.0,1,1.0,1.0,1.0,1.0,1.0,1.0,-0.25,1.0,1.0
mixed,0.34,20.0,18.0,0.0,1.0,4.0,0.0,0.0,1,1.0,1.0,1.0,1.0,1.0,1.0,-0.25,1.0,1.0
mixed,0.34,20.0,18.0,0.1,1.0,2.5,0.0,0.0,1,1.0,1.0,1.0,1.0,1.0,1.0,-0.25,1.0,1.0
mixed,0.34,20.0,18.0,0.1,1.0,4.0,0.0,0.0,1,1.0,1.0,1.0,1.0,1.0,1.0,-0.25,1.0,1.0
mixed,0.34,20.0,18.0,0.25,1.0,2.5,0.0,0.0,1,1.0,1.0,1.0,1.0,1.0,1.0,-0.25,1.0,1.0
mixed,0.34,20.0,18.0,0.25,1.0,4.0,0.0,0.0,1,1.0,1.0,1.0,1.0,1.0,1.0,-0.25,1.0,1.0
mixed,0.34,20.0,30.0,0.0,1.0,2.5,0.0,0.0,1,1.0,1.0,1.0,1.0,1.0,1.0,-0.25,1.0,1.0
mixed,0.34,20.0,30.0,0.0,1.0,4.0,0.0,0.0,1,1.0,1.0,1.0,1.0,1.0,1.0,-0.25,1.0,1.0
mixed,0.34,20.0,30.0,0.1,1.0,2.5,0.0,0.0,1,1.0,1.0,1.0,1.0,1.0,1.0,-0.25,1.0,1.0
mixed,0.34,20.0,30.0,0.1,1.0,4.0,0.0,0.0,1,1.0,1.0,1.0,1.0,1.0,1.0,-0.25,1.0,1.0
mixed,0.34,20.0,30.0,0.25,1.0,2.5,0.0,0.0,1,1.0,1.0,1.0,1.0,1.0,1.0,-0.25,1.0,1.0
mixed,0.34,20.0,30.0,0.25,1.0,4.0,0.0,0.0,1,1.0,1.0,1.0,1.0,1.0,1.0,-0.25,1.0,1.0
mixed,0.34,32.0,8.0,0.0,1.0,2.5,0.0,0.0,1,1.0,1.0,1.0,1.0,1.0,1.0,-0.25,1.0,1.0
mixed,0.34,32.0,8.0,0.0,1.0,4.0,0.0,0.0,1,1.0,1.0,1.0,1.0,1.0,1.0,-0.25,1.0,1.0
mixed,0.34,32.0,8.0,0.1,1.0,2.5,0.0,0.0,1,1.0,1.0,1.0,1.0,1.0,1.0,-0.25,1.0,1.0
mixed,0.34,32.0,8.0,0.1,1.0,4.0,0.0,0.0,1,1.0,1.0,1.0,1.0,1.0,1.0,-0.25,1.0,1.0
mixed,0.34,32.0,8.0,0.25,1.0,2.5,0.0,0.0,1,1.0,1.0,1.0,1.0,1.0,1.0,-0.25,1.0,1.0
mixed,0.34,32.0,8.0,0.25,1.0,4.0,0.0,0.0,1,1.0,1.0,1.0,1.0,1.0,1.0,-0.25,1.0,1.0
mixed,0.34,32.0,18.0,0.0,1.0,2.5,0.0,0.0,1,1.0,1.0,1.0,1.0,1.0,1.0,-0.25,1.0,1.0
mixed,0.34,32.0,18.0,0.0,1.0,4.0,0.0,0.0,1,1.0,1.0,1.0,1.0,1.0,1.0,-0.25,1.0,1.0
mixed,0.34,32.0,18.0,0.1,1.0,2.5,0.0,0.0,1,1.0,1.0,1.0,1.0,1.0,1.0,-0.25,1.0,1.0
mixed,0.34,32.0,18.0,0.1,1.0,4.0,0.0,0.0,1,1.0,1.0,1.0,1.0,1.0,1.0,-0.25,1.0,1.0
mixed,0.34,32.0,18.0,0.25,1.0,2.5,0.0,0.0,1,1.0,1.0,1.0,1.0,1.0,1.0,-0.25,1.0,1.0
mixed,0.34,32.0,18.0,0.25,1.0,4.0,0.0,0.0,1,1.0,1.0,1.0,1.0,1.0,1.0,-0.25,1.0,1.0
mixed,0.34,32.0,30.0,0.0,1.0,2.5,0.0,0.0,1,1.0,1.0,1.0,1.0,1.0,1.0,-0.25,1.0,1.0
mixed,0.34,32.0,30.0,0.0,1.0,4.0,0.0,0.0,1,1.0,1.0,1.0,1.0,1.0,1.0,-0.25,1.0,1.0
mixed,0.34,32.0,30.0,0.1,1.0,2.5,0.0,0.0,1,1.0,1.0,1.0,1.0,1.0,1.0,-0.25,1.0,1.0
mixed,0.34,32.0,30.0,0.1,1.0,4.0,0.0,0.0,1,1.0,1.0,1.0,1.0,1.0,1.0,-0.25,1.0,1.0
mixed,0.34,32.0,30.0,0.25,1.0,2.5,0.0,0.0,1,1.0,1.0,1.0,1.0,1.0,1.0,-0.25,1.0,1.0
mixed,0.34,32.0,30.0,0.25,1.0,4.0,0.0,0.0,1,1.0,1.0,1.0,1.0,1.0,1.0,-0.25,1.0,1.0
mixed,0.42,4.0,8.0,0.0,1.0,2.5,0.0,0.0,1,1.0,1.0,1.0,1.0,1.0,1.0,-0.25,0.8894317706967001,0.9651163701584448
mixed,0.42,4.0,8.0,0.0,1.0,4.0,0.0,0.0,1,1.0,1.0,1.0,1.0,1.0,1.0,-0.25,0.9853788007993011,0.9975154739906694
mixed,0.42,4.0,8.0,0.1,1.0,2.5,0.0,0.0,1,1.0,1.0,1.0,1.0,1.0,1.0,-0.25,0.8979458007045752,0.9684622472320566
mixed,0.42,4.0,8.0,0.1,1.0,4.0,0.0,0.0,1,1.0,1.0,1.0,1.0,1.0,1.0,-0.25,0.9871311940983941,0.9978601749560153
mixed,0.42,4.0,8.0,0.25,1.0,2.5,0.0,0.0,1,1.0,1.0,1.0,1.0,1.0,1.0,-0.25,0.9096239186775196,0.9729011721853263
mixed,0.42,4.0,8.0,0.25,1.0,4.0,0.0,0.0,1,1.0,1.0,1.0,1.0,1.0,1.0,-0.25,0.98937672474433,0.9982891468549843
mixed,0.42,4.0,18.0,0.0,1.0,2.5,0.0,0.0,1,1.0,1.0,1.0,1.0,1.0,1.0,-0.25,0.9657745849259906,0.9945588426493567
mixed,0.42,4.0,18.0,0.0,1.0,4.0,0.0,0.0,1,1.0,1.0,1.0,1.0,1.0,1.0,-0.25,0.9974145800592333,0.9998829041632858
mixed,0.42,4.0,18.0,0.1,1.0,2.5,0.0,0.0,1,1.0,1.0,1.0,1.0,1.0,1.0,-0.25,0.9686870094437463,0.995158969383993
mixed,0.42,4.0,18.0,0.1,1.0,4.0,0.0,0.0,1,1.0,1.0,1.0,1.0,1.0,1.0,-0.25,0.9977384165901717,0.9999008473362535
mixed,0.42,4.0,18.0,0.25,1.0,2.5,0.0,0.0,1,1.0,1.0,1.0,1.0,1.0,1.0,-0.25,0.9726128649446553,0.9959347016052126
mixed,0.42,4.0,18.0,0.25,1.0,4.0,0.0,0.0,1,1.0,1.0,1.0,1.0,1.0,1.0,-0.25,0.9981496891660615,0.9999226970568432
mixed,0.42,4.0,30.0,0.0,1.0,2.5,0.0,0.0,1,1.0,1.0,1.0,1.0,1.0,1.0,-0.25,0.9883608847038106,0.9982593940083561
mixed,0.42,4.0,30.0,0.0,1.0,4.0,0.0,0.0,1,1.0,1.0,1.0,1.0,1.0,1.0,-0.25,0.999518400010707,0.9999896383594992
mixed,0.42,4.0,30.0,0.1,1.0,2.5,0.0,0.0,1,1.0,1.0,1.0,1.0,1.0,1.0,-0.25,0.989423486314229,0.9984823290075062
mixed,0.42,4.0,30.0,0.1,1.0,4.0,0.0,0.0,1,1.0,1.0,1.0,1.0,1.0,1.0,-0.25,0.999582519988436,0.9999914846606194
mixed,0.42,4.0,30.0,0.25,1.0,2.5,0.0,0.0,1,1.0,1.0,1.0,1.0,1.0,1.0,-0.25,0.9908400251193269,0.9987626989080561
mixed,0.42,4.0,30.0,0.25,1.0,4.0,0.0,0.0,1,1.0,1.0,1.0,1.0,1.0,1.0,-0.25,0.9996630268092699,0.9999936412358689
mixed,0.42,8.0,8.0,0.0,1.0,2.5,0.0,0.0,1,1.0,1.0,1.0,1.0,1.0,1.0,-0.25,0.9986352668159425,0.9998237965895876
mixed,0.42,8.0,8.0,0.0,1.0,4.0,0.0,0.0,1,1.0,1.0,1.0,1.0,1.0,1.0,-0.25,0.9999750017783099,0.9999986993171758
mixed,0.42,8.0,8.0,0.1,1.0,2.5,0.0,0.0,1,1.0,1.0,1.0,1.0,1.0,1.0,-0.25,0.9987492843867769,0.9998403505356931
mixed,0.42,8.0,8.0,0.1,1.0,4.0,0.0,0.0,1,1.0,1.0,1.0,1.0,1.0,1.0,-0.25,0.9999779186557369,0.9999988717115119
mixed,0.42,8.0,8.0,0.25,1.0,2.5,0.0,0.0,1,1.0,1.0,1.0,1.0,1.0,1.0,-0.25,0.9989026449025226,0.9998622939683096
mixed,0.42,8.0,8.0,0.25,1.0,4.0,0.0,0.0,1,1.0,1.0,1.0,1.0,1.0,1.0,-0.25,0.9999816664501634,0.9999990883430464
mixed,0.42,8.0,18.0,0.0,1.0,2.5,0.0,0.0,1,1.0,1.0,1.0,1.0,1.0,1.0,-0.25,0.9998114313706024,0.9999950521317872
mixed,0.42,8.0,18.0,0.0,1.0,4.0,0.0,0.0,1,1.0,1.0,1.0,1.0,1.0,1.0,-0.25,0.9999985161883428,0.9999999958819172
mixed,0.42,8.0,18.0,0.1,1.0,2.5,0.0,0.0,1,1.0,1.0,1.0,1.0,1.0,1.0,-0.25,0.9998275122307915,0.999995552036125
mixed,0.42,8.0,18.0,0.1,1.0,4.0,0.0,0.0,1,1.0,1.0,1.0,1.0,1.0,1.0,-0.25,0.9999986979197198,0.9999999964931147
mixed,0.42,8.0,18.0,0.25,1.0,2.5,0.0,0.0,1,1.0,1.0,1.0,1.0,1.0,1.0,-0.25,0.999849093795104,0.9999962083893416
mixed,0.42,8.0,18.0,0.25,1.0,4.0,0.0,0.0,1,1.0,1.0,1.0,1.0,1.0,1.0,-0.25,0.999998929630099,0.9999999972440609
mixed,0.42,8.0,30.0,0.0,1.0,2.5,0.0,0.0,1,1.0,1.0,1.0,1.0,1.0,1.0,-0.25,0.9999737589487169,0.9999997376737796
mixed,0.42,8.0,30.0,0.0,1.0,4.0,0.0,0.0,1,1.0,1.0,1.0,1.0,1.0,1.0,-0.25,0.9999999387117409,0.9999999999794018
mixed,0.42,8.0,30.0,0.1,1.0,2.5,0.0,0.0,1,1.0,1.0,1.0,1.0,1.0,1.0,-0.25,0.999976103587062,0.9999997675760343
mixed,0.42,8.0,30.0,0.1,1.0,4.0,0.0,0.0,1,1.0,1.0,1.0,1.0,1.0,1.0,-0.25,0.9999999467736193,0.9999999999827646
mixed,0.42,8.0,30.0,0.25,1.0,2.5,0.0,0.0,1,1.0,1.0,1.0,1.0,1.0,1.0,-0.25,0.9999792332377209,0.9999998060346978
mixed,0.42,8.0,30.0,0.25,1.0,4.0,0.0,0.0,1,1.0,1.0,1.0,1.0,1.0,1.0,-0.25,0.9999999569222645,0.9999999999868056
mixed,0.42,12.0,8.0,0.0,1.0,2.5,0.0,0.0,1,1.0,1.0,1.0,1.0,1.0,1.0,-0.25,0.9999823242934769,0.9999988779149745
mixed,0.42,12.0,8.0,0.0,1.0,4.0,0.0,0.0,1,1.0,1.0,1.0,1.0,1.0,1.0,-0.25,0.9999999459659332,0.9999999991430325
mixed,0.42,12.0,8.0,0.1,1.0,2.5,0.0,0.0,1,1.0,1.0,1.0,1.0,1.0,1.0,-0.25,0.999983769145371,0.9999989806130697
mixed,0.42,12.0,8.0,0.1,1.0,4.0,0.0,0.0,1,1.0,1.0,1.0,1.0,1.0,1.0,-0.25,0.9999999521593361,0.9999999992555425
mixed,0.42,12.0,8.0,0.25,1.0,2.5,0.0,0.0,1,1.0,1.0,1.0,1.0,1.0,1.0,-0.25,0.999985717383606,0.9999991172691791
mixed,0.42,12.0,8.0,0.25,1.0,4.0,0.0,0.0,1,1.0,1.0,1.0,1.0,1.0,1.0,-0.25,0.999999960142687,0.9999999993972168
mixed,0.42,12.0,18.0,0.0,1.0,2.5,0.0,0.0,1,1.0,1.0,1.0,1.0,1.0,1.0,-0.25,0.9999987309201777,0.9999999936873804
mixed,0.42,12.0,18.0,0.0,1.0,4.0,0.0,0.0,1,1.0,1.0,1.0,1.0,1.0,1.0,-0.25,0.9999999990271202,0.9999999999998348
mixed,0.42,12.0,18.0,0.1,1.0,2.5,0.0,0.0,1,1.0,1.0,1.0,1.0,1.0,1.0,-0.25,0.9999988378107473,0.9999999943155911
mixed,0.42,12.0,18.0,0.1,1.0,4.0,0.0,0.0,1,1.0,1.0,1.0,1.0,1.0,1.0,-0.25,0.9999999991459957,0.9999999999998592
mixed,0.42,12.0,18.0,0.25,1.0,2.5,0.0,0.0,1,1.0,1.0,1.0,1.0,1.0,1.0,-0.25,0.9999989814956821,0.9999999951425899
mixed,0.42,12.0,18.0,0.25,1.0,4.0,0.0,0.0,1,1.0,1.0,1.0,1.0,1.0,1.0,-0.25,0.9999999992976363,0.9999999999998894
mixed,0.42,12.0,30.0,0.0,1.0,2.5,0.0,0.0,1,1.0,1.0,1.0,1.0,1.0,1.0,-0.25,0.9999999285333444,0.9999999999379452
mixed,0.42,12.0,30.0,0.0,1.0,4.0,0.0,0.0,1,1.0,1.0,1.0,1.0,1.0,1.0,-0.25,0.9999999999917316,1.0
mixed,0.42,12.0,30.0,0.1,1.0,2.5,0.0,0.0,1,1.0,1.0,1.0,1.0,1.0,1.0,-0.25,0.9999999348840407,0.9999999999446622
mixed,0.42,12.0,30.0,0.1,1.0,4.0,0.0,0.0,1,1.0,1.0,1.0,1.0,1.0,1.0,-0.25,0.9999999999928187,1.0
mixed,0.42,12.0,30.0,0.25,1.0,2.5,0.0,0.0,1,1.0,1.0,1.0,1.0,1.0,1.0,-0.25,0.9999999433676638,0.9999999999533923
mixed,0.42,12.0,30.0,0.25,1.0,4.0,0.0,0.0,1,1.0,1.0,1.0,1.0,1.0,1.0,-0.25,0.9999999999941876,1.0
mixed,0.42,20.0,8.0,0.0,1.0,2.5,0.0,0.0,1,1.0,1.0,1.0,1.0,1.0,1.0,-0.25,0.9999999961108671,0.9999999999419152
mixed,0.42,20.0,8.0,0.0,1.0,4.0,0.0,0.0,1,1.0,1.0,1.0,1.0,1.0,1.0,-0.25,0.9999999999996865,0.9999999999999996
mixed,0.42,20.0,8.0,0.1,1.0,2.5,0.0,0.0,1,1.0,1.0,1.0,1.0,1.0,1.0,-0.25,0.9999999964222095,0.999999999947164
mixed,0.42,20.0,8.0,0.1,1.0,4.0,0.0,0.0,1,1.0,1.0,1.0,1.0,1.0,1.0,-0.25,0.9999999999997221,0.9999999999999997
mixed,0.42,20.0,8.0,0.25,1.0,2.5,0.0,0.0,1,1.0,1.0,1.0,1.0,1.0,1.0,-0.25,0.9999999968430797,0.9999999999541611
mixed,0.42,20.0,8.0,0.25,1.0,4.0,0.0,0.0,1,1.0,1.0,1.0,1.0,1.0,1.0,-0.25,0.9999999999997682,0.9999999999999997
mixed,0.42,20.0,18.0,0.0,1.0,2.5,0.0,0.0,1,1.0,1.0,1.0,1.0,1.0,1.0,-0.25,0.9999999999341392,0.9999999999999883
mixed,0.42,20.0,18.0,0.0,1.0,4.0,0.0,0.0,1,1.0,1.0,1.0,1.0,1.0,1.0,-0.25,0.9999999999999996,1.0
mixed,0.42,20.0,18.0,0.1,1.0,2.5,0.0,0.0,1,1.0,1.0,1.0,1.0,1.0,1.0,-0.25,0.9999999999396672,0.9999999999999895
mixed,0.42,20.0,18.0,0.1,1.0,4.0,0.0,0.0,1,1.0,1.0,1.0,1.0,1.0,1.0,-0.25,0.9999999999999996,1.0
mixed,0.42,20.0,18.0,0.25,1.0,2.5,0.0,0.0,1,1.0,1.0,1.0,1.0,1.0,1.0,-0.25,0.9999999999471011,0.999999999999991
mixed,0.42,20.0,18.0,0.25,1.0,4.0,0.0,0.0,1,1.0,1.0,1.0,1.0,1.0,1.0,-0.25,0.9999999999999997,1.0
mixed,0.42,20.0,30.0,0.0,1.0,2.5,0.0,0.0,1,1.0,1.0,1.0,1.0,1.0,1.0,-0.25,0.9999999999994401,1.0
mixed,0.42,20.0,30.0,0.0,1.0,4.0,0.0,0.0,1,1.0,1.0,1.0,1.0,1.0,1.0,-0.25,1.0,1.0
mixed,0.42,20.0,30.0,0.1,1.0,2.5,0.0,0.0,1,1.0,1.0,1.0,1.0,1.0,1.0,-0.25,0.9999999999994897,1.0
mixed,0.42,20.0,30.0,0.1,1.0,4.0,0.0,0.0,1,1.0,1.0,1.0,1.0,1.0,1.0,-0.25,1.0,1.0
mixed,0.42,20.0,30.0,0.25,1.0,2.5,0.0,0.0,1,1.0,1.0,1.0,1.0,1.0,1.0,-0.25,0.9999999999995562,1.0
mixed,0.42,20.0,30.0,0.25,1.0,4.0,0.0,0.0,1,1.0,1.0,1.0,1.0,1.0,1.0,-0.25,1.0,1.0
mixed,0.42,32.0,8.0,0.0,1.0,2.5,0.0,0.0,1,1.0,1.0,1.0,1.0,1.0,1.0,-0.25,0.9999999999999842,1.0
mixed,0.42,32.0,8.0,0.0,1.0,4.0,0.0,0.0,1,1.0,1.0,1.0,1.0,1.0,1.0,-0.25,1.0,1.0
mixed,0.42,32.0,8.0,0.1,1.0,2.5,0.0,0.0,1,1.0,1.0,1.0,1.0,1.0,1.0,-0.25,0.9999999999999853,1.0
mixed,0.42,32.0,8.0,0.1,1.0,4.0,0.0,0.0,1,1.0,1.0,1.0,1.0,1.0,1.0,-0.25,1.0,1.0
mixed,0.42,32.0,8.0,0.25,1.0,2.5,0.0,0.0,1,1.0,1.0,1.0,1.0,1.0,1.0,-0.25,0.9999999999999871,1.0
mixed,0.42,32.0,8.0,0.25,1.0,4.0,0.0,0.0,1,1.0,1.0,1.0,1.0,1.0,1.0,-0.25,1.0,1.0
mixed,0.42,32.0,18.0,0.0,1.0,2.5,0.0,0.0,1,1.0,1.0,1.0,1.0,1.0,1.0,-0.25,1.0,1.0
mixed,0.42,32.0,18.0,0.0,1.0,4.0,0.0,0.0,1,1.0,1.0,1.0,1.0,1.0,1.0,-0.25,1.0,1.0
mixed,0.42,32.0,18.0,0.1,1.0,2.5,0.0,0.0,1,1.0,1.0,1.0,1.0,1.0,1.0,-0.25,1.0,1.0
mixed,0.42,32.0,18.0,0.1,1.0,4.0,0.0,0.0,1,1.0,1.0,1.0,1.0,1.0,1.0,-0.25,1.0,1.0
mixed,0.42,32.0,18.0,0.25,1.0,2.5,0.0,0.0,1,1.0,1.0,1.0,1.0,1.0,1.0,-0.25,1.0,1.0
mixed,0.42,32.0,18.0,0.25,1.0,4.0,0.0,0.0,1,1.0,1.0,1.0,1.0,1.0,1.0,-0.25,1.0,1.0
mixed,0.42,32.0,30.0,0.0,1.0,2.5,0.0,0.0,1,1.0,1.0,1.0,1.0,1.0,1.0,-0.25,1.0,1.0
mixed,0.42,32.0,30.0,0.0,1.0,4.0,0.0,0.0,1,1.0,1.0,1.0,1.0,1.0,1.0,-0.25,1.0,1.0
mixed,0.42,32.0,30.0,0.1,1.0,2.5,0.0,0.0,1,1.0,1.0,1.0,1.0,1.0,1.0,-0.25,1.0,1.0
mixed,0.42,32.0,30.0,0.1,1.0,4.0,0.0,0.0,1,1.0,1.0,1.0,1.0,1.0,1.0,-0.25,1.0,1.0
mixed,0.42,32.0,30.0,0.25,1.0,2.5,0.0,0.0,1,1.0,1.0,1.0,1.0,1.0,1.0,-0.25,1.0,1.0
mixed,0.42,32.0,30.0,0.25,1.0,4.0,0.0,0.0,1,1.0,1.0,1.0,1.0,1.0,1.0,-0.25,1.0,1.0
trajectory,0.1,4.0,8.0,0.0,1.0,2.5,0.0,0.0,1,1.0,1.0,1.0,1.0,1.0,1.0,-0.25,0.9992123252330078,0.9989590714623392
trajectory,0.1,4.0,8.0,0.0,1.0,4.0,0.0,0.0,1,1.0,1.0,1.0,1.0,1.0,1.0,-0.25,0.9999978479473405,0.9999971555754364
trajectory,0.1,4.0,8.0,0.1,1.0,2.5,0.0,0.0,1,1.0,1.0,1.0,1.0,1.0,1.0,-0.25,0.9993547272829214,0.9991472138136124
trajectory,0.1,4.0,8.0,0.1,1.0,4.0,0.0,0.0,1,1.0,1.0,1.0,1.0,1.0,1.0,-0.25,0.9999984359057059,0.9999979326950124
trajectory,0.1,4.0,8.0,0.25,1.0,2.5,0.0,0.0,1,1.0,1.0,1.0,1.0,1.0,1.0,-0.25,0.9995215714651682,0.9993676744516868
trajectory,0.1,4.0,8.0,0.25,1.0,4.0,0.0,0.0,1,1.0,1.0,1.0,1.0,1.0,1.0,-0.25,0.9999990308793207,0.9999987190871663
trajectory,0.1,4.0,18.0,0.0,1.0,2.5,0.0,0.0,1,1.0,1.0,1.0,1.0,1.0,1.0,-0.25,0.9992571365329663,0.9990182747552779
trajectory,0.1,4.0,18.0,0.0,1.0,4.0,0.0,0.0,1,1.0,1.0,1.0,1.0,1.0,1.0,-0.25,0.9999980576314501,0.9999974327227399
trajectory,0.1,4.0,18.0,0.1,1.0,2.5,0.0,0.0,1,1.0,1.0,1.0,1.0,1.0,1.0,-0.25,0.999391710862324,0.9991960803677234
trajectory,0.1,4.0,18.0,0.1,1.0,4.0,0.0,0.0,1,1.0,1.0,1.0,1.0,1.0,1.0,-0.25,0.9999985895490394,0.999998135771201
trajectory,0.1,4.0,18.0,0.25,1.0,2.5,0.0,0.0,1,1.0,1.0,1.0,1.0,1.0,1.0,-0.25,0.9995492954183189,0.9994043106160491
trajectory,0.1,4.0,18.0,0.25,1.0,4.0,0.0,0.0,1,1.0,1.0,1.0,1.0,1.0,1.0,-0.25,0.9999991272348314,0.999998846443917
trajectory,0.1,4.0,30.0,0.0,1.0,2.5,0.0,0.0,1,1.0,1.0,1.0,1.0,1.0,1.0,-0.25,0.9992571764398,0.9990183274798031
trajectory,0.1,4.0,30.0,0.0,1.0,4.0,0.0,0.0,1,1.0,1.0,1.0,1.0,1.0,1.0,-0.25,0.9999980578141016,0.9999974329641573
trajectory,0.1,4.0,30.0,0.1,1.0,2.5,0.0,0.0,1,1.0,1.0,1.0,1.0,1.0,1.0,-0.25,0.9993917437902019,0.9991961238760464
trajectory,0.1,4.0,30.0,0.1,1.0,4.0,0.0,0.0,1,1.0,1.0,1.0,1.0,1.0,1.0,-0.25,0.9999985896828131,0.9999981359480145
trajectory,0.1,4.0,30.0,0.25,1.0,2.5,0.0,0.0,1,1.0,1.0,1.0,1.0,1.0,1.0,-0.25,0.9995493200931269,0.9994043432232084
trajectory,0.1,4.0,30.0,0.25,1.0,4.0,0.0,0.0,1,1.0,1.0,1.0,1.0,1.0,1.0,-0.25,0.9999991273186677,0.9999988465547265
trajectory,0.1,8.0,8.0,0.0,1.0,2.5,0.0,0.0,1,1.0,1.0,1.0,1.0,1.0,1.0,-0.25,0.9999999620407821,0.9999999498214883
trajectory,0.1,8.0,8.0,0.0,1.0,4.0,0.0,0.0,1,1.0,1.0,1.0,1.0,1.0,1.0,-0.25,0.9999999999997315,0.9999999999996452
trajectory,0.1,8.0,8.0,0.1,1.0,2.5,0.0,0.0,1,1.0,1.0,1.0,1.0,1.0,1.0,-0.25,0.9999999689078778,0.9999999588991418
trajectory,0.1,8.0,8.0,0.1,1.0,4.0,0.0,0.0,1,1.0,1.0,1.0,1.0,1.0,1.0,-0.25,0.9999999999998049,0.9999999999997421
trajectory,0.1,8.0,8.0,0.25,1.0,2.5,0.0,0.0,1,1.0,1.0,1.0,1.0,1.0,1.0,-0.25,0.999999976951109,0.9999999695315362
trajectory,0.1,8.0,8.0,0.25,1.0,4.0,0.0,0.0,1,1.0,1.0,1.0,1.0,1.0,1.0,-0.25,0.9999999999998791,0.9999999999998402
trajectory,0.1,8.0,18.0,0.0,1.0,2.5,0.0,0.0,1,1.0,1.0,1.0,1.0,1.0,1.0,-0.25,0.9999999662466023,0.9999999553812091
trajectory,0.1,8.0,18.0,0.0,1.0,4.0,0.0,0.0,1,1.0,1.0,1.0,1.0,1.0,1.0,-0.25,0.9999999999997813,0.999999999999711
trajectory,0.1,8.0,18.0,0.1,1.0,2.5,0.0,0.0,1,1.0,1.0,1.0,1.0,1.0,1.0,-0.25,0.9999999723650439,0.9999999634692087
trajectory,0.1,8.0,18.0,0.1,1.0,4.0,0.0,0.0,1,1.0,1.0,1.0,1.0,1.0,1.0,-0.25,0.9999999999998411,0.9999999999997901
trajectory,0.1,8.0,18.0,0.25,1.0,2.5,0.0,0.0,1,1.0,1.0,1.0,1.0,1.0,1.0,-0.25,0.9999999795275084,0.9999999729373075
trajectory,0.1,8.0,18.0,0.25,1.0,4.0,0.0,0.0,1,1.0,1.0,1.0,1.0,1.0,1.0,-0.25,0.9999999999999019,0.9999999999998702
trajectory,0.1,8.0,30.0,0.0,1.0,2.5,0.0,0.0,1,1.0,1.0,1.0,1.0,1.0,1.0,-0.25,0.9999999662502375,0.9999999553860145
trajectory,0.1,8.0,30.0,0.0,1.0,4.0,0.0,0.0,1,1.0,1.0,1.0,1.0,1.0,1.0,-0.25,0.9999999999997813,0.9999999999997112
trajectory,0.1,8.0,30.0,0.1,1.0,2.5,0.0,0.0,1,1.0,1.0,1.0,1.0,1.0,1.0,-0.25,0.9999999723680313,0.9999999634731577
trajectory,0.1,8.0,30.0,0.1,1.0,4.0,0.0,0.0,1,1.0,1.0,1.0,1.0,1.0,1.0,-0.25,0.9999999999998411,0.9999999999997903
trajectory,0.1,8.0,30.0,0.25,1.0,2.5,0.0,0.0,1,1.0,1.0,1.0,1.0,1.0,1.0,-0.25,0.9999999795297339,0.9999999729402494
trajectory,0.1,8.0,30.0,0.25,1.0,4.0,0.0,0.0,1,1.0,1.0,1.0,1.0,1.0,1.0,-0.25,0.9999999999999019,0.9999999999998702
trajectory,0.1,12.0,8.0,0.0,1.0,2.5,0.0,0.0,1,1.0,1.0,1.0,1.0,1.0,1.0,-0.25,0.9999999999981721,0.9999999999975838
trajectory,0.1,12.0,8.0,0.0,1.0,4.0,0.0,0.0,1,1.0,1.0,1.0,1.0,1.0,1.0,-0.25,1.0,1.0
trajectory,0.1,12.0,8.0,0.1,1.0,2.5,0.0,0.0,1,1.0,1.0,1.0,1.0,1.0,1.0,-0.25,0.9999999999985029,0.9999999999980208
trajectory,0.1,12.0,8.0,0.1,1.0,4.0,0.0,0.0,1,1.0,1.0,1.0,1.0,1.0,1.0,-0.25,1.0,1.0
trajectory,0.1,12.0,8.0,0.25,1.0,2.5,0.0,0.0,1,1.0,1.0,1.0,1.0,1.0,1.0,-0.25,0.9999999999988901,0.9999999999985328
trajectory,0.1,12.0,8.0,0.25,1.0,4.0,0.0,0.0,1,1.0,1.0,1.0,1.0,1.0,1.0,-0.25,1.0,1.0
trajectory,0.1,12.0,18.0,0.0,1.0,2.5,0.0,0.0,1,1.0,1.0,1.0,1.0,1.0,1.0,-0.25,0.9999999999984674,0.9999999999979742
trajectory,0.1,12.0,18.0,0.0,1.0,4.0,0.0,0.0,1,1.0,1.0,1.0,1.0,1.0,1.0,-0.25,1.0,1.0
trajectory,0.1,12.0,18.0,0.1,1.0,2.5,0.0,0.0,1,1.0,1.0,1.0,1.0,1.0,1.0,-0.25,0.9999999999987453,0.9999999999983413
trajectory,0.1,12.0,18.0,0.1,1.0,4.0,0.0,0.0,1,1.0,1.0,1.0,1.0,1.0,1.0,-0.25,1.0,1.0
trajectory,0.1,12.0,18.0,0.25,1.0,2.5,0.0,0.0,1,1.0,1.0,1.0,1.0,1.0,1.0,-0.25,0.9999999999990705,0.9999999999987712
trajectory,0.1,12.0,18.0,0.25,1.0,4.0,0.0,0.0,1,1.0,1.0,1.0,1.0,1.0,1.0,-0.25,1.0,1.0
trajectory,0.1,12.0,30.0,0.0,1.0,2.5,0.0,0.0,1,1.0,1.0,1.0,1.0,1.0,1.0,-0.25,0.9999999999984677,0.9999999999979745
trajectory,0.1,12.0,30.0,0.0,1.0,4.0,0.0,0.0,1,1.0,1.0,1.0,1.0,1.0,1.0,-0.25,1.0,1.0
trajectory,0.1,12.0,30.0,0.1,1.0,2.5,0.0,0.0,1,1.0,1.0,1.0,1.0,1.0,1.0,-0.25,0.9999999999987454,0.9999999999983417
trajectory,0.1,12.0,30.0,0.1,1.0,4.0,0.0,0.0,1,1.0,1.0,1.0,1.0,1.0,1.0,-0.25,1.0,1.0
trajectory,0.1,12.0,30.0,0.25,1.0,2.5,0.0,0.0,1,1.0,1.0,1.0,1.0,1.0,1.0,-0.25,0.9999999999990706,0.9999999999987715
trajectory,0.1,12.0,30.0,0.25,1.0,4.0,0.0,0.0,1,1.0,1.0,1.0,1.0,1.0,1.0,-0.25,1.0,1.0
trajectory,0.1,20.0,8.0,0.0,1.0,2.5,0.0,0.0,1,1.0,1.0,1.0,1.0,1.0,1.0,-0.25,1.0,1.0
trajectory,0.1,20.0,8.0,0.0,1.0,4.0,0.0,0.0,1,1.0,1.0,1.0,1.0,1.0,1.0,-0.25,1.0,1.0
trajectory,0.1,20.0,8.0,0.1,1.0,2.5,0.0,0.0,1,1.0,1.0,1.0,1.0,1.0,1.0,-0.25,1.0,1.0
trajectory,0.1,20.0,8.0,0.1,1.0,4.0,0.0,0.0,1,1.0,1.0,1.0,1.0,1.0,1.0,-0.25,1.0,1.0
trajectory,0.1,20.0,8.0,0.25,1.0,2.5,0.0,0.0,1,1.0,1.0,1.0,1.0,1.0,1.0,-0.25,1.0,1.0
trajectory,0.1,20.0,8.0,0.25,1.0,4.0,0.0,0.0,1,1.0,1.0,1.0,1.0,1.0,1.0,-0.25,1.0,1.0
trajectory,0.1,20.0,18.0,0.0,1.0,2.5,0.0,0.0,1,1.0,1.0,1.0,1.0,1.0,1.0,-0.25,1.0,1.0
trajectory,0.1,20.0,18.0,0.0,1.0,4.0,0.0,0.0,1,1.0,1.0,1.0,1.0,1.0,1.0,-0.25,1.0,1.0
trajectory,0.1,20.0,18.0,0.1,1.0,2.5,0.0,0.0,1,1.0,1.0,1.0,1.0,1.0,1.0,-0.25,1.0,1.0
trajectory,0.1,20.0,18.0,0.1,1.0,4.0,0.0,0.0,1,1.0,1.0,1.0,1.0,1.0,1.0,-0.25,1.0,1.0
trajectory,0.1,20.0,18.0,0.25,1.0,2.5,0.0,0.0,1,1.0,1.0,1.0,1.0,1.0,1.0,-0.25,1.0,1.0
trajectory,0.1,20.0,18.0,0.25,1.0,4.0,0.0,0.0,1,1.0,1.0,1.0,1.0,1.0,1.0,-0.25,1.0,1.0
trajectory,0.1,20.0,30.0,0.0,1.0,2.5,0.0,0.0,1,1.0,1.0,1.0,1.0,1.0,1.0,-0.25,1.0,1.0
trajectory,0.1,20.0,30.0,0.0,1.0,4.0,0.0,0.0,1,1.0,1.0,1.0,1.0,1.0,1.0,-0.25,1.0,1.0
trajectory,0.1,20.0,30.0,0.1,1.0,2.5,0.0,0.0,1,1.0,1.0,1.0,1.0,1.0,1.0,-0.25,1.0,1.0
trajectory,0.1,20.0,30.0,0.1,1.0,4.0,0.0,0.0,1,1.0,1.0,1.0,1.0,1.0,1.0,-0.25,1.0,1.0
trajectory,0.1,20.0,30.0,0.25,1.0,2.5,0.0,0.0,1,1.0,1.0,1.0,1.0,1.0,1.0,-0.25,1.0,1.0
trajectory,0.1,20.0,30.0,0.25,1.0,4.0,0.0,0.0,1,1.0,1.0,1.0,1.0,1.0,1.0,-0.25,1.0,1.0
trajectory,0.1,32.0,8.0,0.0,1.0,2.5,0.0,0.0,1,1.0,1.0,1.0,1.0,1.0,1.0,-0.25,1.0,1.0
trajectory,0.1,32.0,8.0,0.0,1.0,4.0,0.0,0.0,1,1.0,1.0,1.0,1.0,1.0,1.0,-0.25,1.0,1.0
trajectory,0.1,32.0,8.0,0.1,1.0,2.5,0.0,0.0,1,1.0,1.0,1.0,1.0,1.0,1.0,-0.25,1.0,1.0
trajectory,0.1,32.0,8.0,0.1,1.0,4.0,0.0,0.0,1,1.0,1.0,1.0,1.0,1.0,1.0,-0.25,1.0,1.0
trajectory,0.1,32.0,8.0,0.25,1.0,2.5,0.0,0.0,1,1.0,1.0,1.0,1.0,1.0,1.0,-0.25,1.0,1.0
trajectory,0.1,32.0,8.0,0.25,1.0,4.0,0.0,0.0,1,1.0,1.0,1.0,1.0,1.0,1.0,-0.25,1.0,1.0
trajectory,0.1,32.0,18.0,0.0,1.0,2.5,0.0,0.0,1,1.0,1.0,1.0,1.0,1.0,1.0,-0.25,1.0,1.0
trajectory,0.1,32.0,18.0,0.0,1.0,4.0,0.0,0.0,1,1.0,1.0,1.0,1.0,1.0,1.0,-0.25,1.0,1.0
trajectory,0.1,32.0,18.0,0.1,1.0,2.5,0.0,0.0,1,1.0,1.0,1.0,1.0,1.0,1.0,-0.25,1.0,1.0
trajectory,0.1,32.0,18.0,0.1,1.0,4.0,0.0,0.0,1,1.0,1.0,1.0,1.0,1.0,1.0,-0.25,1.0,1.0
trajectory,0.1,32.0,18.0,0.25,1.0,2.5,0.0,0.0,1,1.0,1.0,1.0,1.0,1.0,1.0,-0.25,1.0,1.0
trajectory,0.1,32.0,18.0,0.25,1.0,4.0,0.0,0.0,1,1.0,1.0,1.0,1.0,1.0,1.0,-0.25,1.0,1.0
trajectory,0.1,32.0,30.0,0.0,1.0,2.5,0.0,0.0,1,1.0,1.0,1.0,1.0,1.0,1.0,-0.25,1.0,1.0
trajectory,0.1,32.0,30.0,0.0,1.0,4.0,0.0,0.0,1,1.0,1.0,1.0,1.0,1.0,1.0,-0.25,1.0,1.0
trajectory,0.1,32.0,30.0,0.1,1.0,2.5,0.0,0.0,1,1.0,1.0,1.0,1.0,1.0,1.0,-0.25,1.0,1.0
trajectory,0.1,32.0,30.0,0.1,1.0,4.0,0.0,0.0,1,1.0,1.0,1.0,1.0,1.0,1.0,-0.25,1.0,1.0
trajectory,0.1,32.0,30.0,0.25,1.0,2.5,0.0,0.0,1,1.0,1.0,1.0,1.0,1.0,1.0,-0.25,1.0,1.0
trajectory,0.1,32.0,30.0,0.25,1.0,4.0,0.0,0.0,1,1.0,1.0,1.0,1.0,1.0,1.0,-0.25,1.0,1.0
trajectory,0.18,4.0,8.0,0.0,1.0,2.5,0.0,0.0,1,1.0,1.0,1.0,1.0,1.0,1.0,-0.25,0.9991702389661214,0.9989034701566974
trajectory,0.18,4.0,8.0,0.0,1.0,4.0,0.0,0.0,1,1.0,1.0,1.0,1.0,1.0,1.0,-0.25,0.9999976427550381,0.9999968843649053
trajectory,0.18,4.0,8.0,0.1,1.0,2.5,0.0,0.0,1,1.0,1.0,1.0,1.0,1.0,1.0,-0.25,0.999319977006047,0.9991012993261147
trajectory,0.18,4.0,8.0,0.1,1.0,4.0,0.0,0.0,1,1.0,1.0,1.0,1.0,1.0,1.0,-0.25,0.9999982854244003,0.9999977337980283
trajectory,0.18,4.0,8.0,0.25,1.0,2.5,0.0,0.0,1,1.0,1.0,1.0,1.0,1.0,1.0,-0.25,0.9994955041198531,0.9993332281004363
trajectory,0.18,4.0,8.0,0.25,1.0,4.0,0.0,0.0,1,1.0,1.0,1.0,1.0,1.0,1.0,-0.25,0.9999989363851697,0.9999985941905356
trajectory,0.18,4.0,18.0,0.0,1.0,2.5,0.0,0.0,1,1.0,1.0,1.0,1.0,1.0,1.0,-0.25,0.9992570079642366,0.9990181048915182
trajectory,0.18,4.0,18.0,0.0,1.0,4.0,0.0,0.0,1,1.0,1.0,1.0,1.0,1.0,1.0,-0.25,0.9999980570429478,0.999997431944895
trajectory,0.18,4.0,18.0,0.1,1.0,2.5,0.0,0.0,1,1.0,1.0,1.0,1.0,1.0,1.0,-0.25,0.999391604777753,0.9991959401958735
trajectory,0.18,4.0,18.0,0.1,1.0,4.0,0.0,0.0,1,1.0,1.0,1.0,1.0,1.0,1.0,-0.25,0.9999985891180209,0.9999981352015078
trajectory,0.18,4.0,18.0,0.25,1.0,2.5,0.0,0.0,1,1.0,1.0,1.0,1.0,1.0,1.0,-0.25,0.999549215922761,0.9994042055646047
trajectory,0.18,4.0,18.0,0.25,1.0,4.0,0.0,0.0,1,1.0,1.0,1.0,1.0,1.0,1.0,-0.25,0.9999991269647106,0.9999988460868882
trajectory,0.18,4.0,30.0,0.0,1.0,2.5,0.0,0.0,1,1.0,1.0,1.0,1.0,1.0,1.0,-0.25,0.9992571763498364,0.9990183273609441
trajectory,0.18,4.0,30.0,0.0,1.0,4.0,0.0,0.0,1,1.0,1.0,1.0,1.0,1.0,1.0,-0.25,0.9999980578136898,0.999997432963613
trajectory,0.18,4.0,30.0,0.1,1.0,2.5,0.0,0.0,1,1.0,1.0,1.0,1.0,1.0,1.0,-0.25,0.9993917437159712,0.9991961237779639
trajectory,0.18,4.0,30.0,0.1,1.0,4.0,0.0,0.0,1,1.0,1.0,1.0,1.0,1.0,1.0,-0.25,0.9999985896825114,0.9999981359476159
trajectory,0.18,4.0,30.0,0.25,1.0,2.5,0.0,0.0,1,1.0,1.0,1.0,1.0,1.0,1.0,-0.25,0.9995493200375014,0.9994043431497008
trajectory,0.18,4.0,30.0,0.25,1.0,4.0,0.0,0.0,1,1.0,1.0,1.0,1.0,1.0,1.0,-0.25,0.9999991273184787,0.9999988465544768
trajectory,0.18,8.0,8.0,0.0,1.0,2.5,0.0,0.0,1,1.0,1.0,1.0,1.0,1.0,1.0,-0.25,0.9999999578651186,0.9999999443016291
trajectory,0.18,8.0,8.0,0.0,1.0,4.0,0.0,0.0,1,1.0,1.0,1.0,1.0,1.0,1.0,-0.25,0.9999999999996779,0.9999999999995741
trajectory,0.18,8.0,8.0,0.1,1.0,2.5,0.0,0.0,1,1.0,1.0,1.0,1.0,1.0,1.0,-0.25,0.9999999654740356,0.9999999543599052
trajectory,0.18,8.0,8.0,0.1,1.0,4.0,0.0,0.0,1,1.0,1.0,1.0,1.0,1.0,1.0,-0.25,0.9999999999997656,0.9999999999996904
trajectory,0.18,8.0,8.0,0.25,1.0,2.5,0.0,0.0,1,1.0,1.0,1.0,1.0,1.0,1.0,-0.25,0.999999974390454,0.9999999661465759
trajectory,0.18,8.0,8.0,0.25,1.0,4.0,0.0,0.0,1,1.0,1.0,1.0,1.0,1.0,1.0,-0.25,0.9999999999998547,0.9999999999998078
trajectory,0.18,8.0,18.0,0.0,1.0,2.5,0.0,0.0,1,1.0,1.0,1.0,1.0,1.0,1.0,-0.25,0.9999999662348897,0.999999955365726
trajectory,0.18,8.0,18.0,0.0,1.0,4.0,0.0,0.0,1,1.0,1.0,1.0,1.0,1.0,1.0,-0.25,0.9999999999997812,0.9999999999997109
trajectory,0.18,8.0,18.0,0.1,1.0,2.5,0.0,0.0,1,1.0,1.0,1.0,1.0,1.0,1.0,-0.25,0.9999999723554184,0.9999999634564846
trajectory,0.18,8.0,18.0,0.1,1.0,4.0,0.0,0.0,1,1.0,1.0,1.0,1.0,1.0,1.0,-0.25,0.999999999999841,0.99999999999979
trajectory,0.18,8.0,18.0,0.25,1.0,2.5,0.0,0.0,1,1.0,1.0,1.0,1.0,1.0,1.0,-0.25,0.9999999795203376,0.9999999729278283
trajectory,0.18,8.0,18.0,0.25,1.0,4.0,0.0,0.0,1,1.0,1.0,1.0,1.0,1.0,1.0,-0.25,0.9999999999999017,0.99999999999987
trajectory,0.18,8.0,30.0,0.0,1.0,2.5,0.0,0.0,1,1.0,1.0,1.0,1.0,1.0,1.0,-0.25,0.9999999662502292,0.9999999553860036
trajectory,0.18,8.0,30.0,0.0,1.0,4.0,0.0,0.0,1,1.0,1.0,1.0,1.0,1.0,1.0,-0.25,0.9999999999997813,0.9999999999997112
trajectory,0.18,8.0,30.0,0.1,1.0,2.5,0.0,0.0,1,1.0,1.0,1.0,1.0,1.0,1.0,-0.25,0.9999999723680245,0.9999999634731488
trajectory,0.18,8.0,30.0,0.1,1.0,4.0,0.0,0.0,1,1.0,1.0,1.0,1.0,1.0,1.0,-0.25,0.9999999999998411,0.9999999999997903
trajectory,0.18,8.0,30.0,0.25,1.0,2.5,0.0,0.0,1,1.0,1.0,1.0,1.0,1.0,1.0,-0.25,0.9999999795297289,0.9999999729402428
trajectory,0.18,8.0,30.0,0.25,1.0,4.0,0.0,0.0,1,1.0,1.0,1.0,1.0,1.0,1.0,-0.25,0.9999999999999019,0.9999999999998702
trajectory,0.18,12.0,8.0,0.0,1.0,2.5,0.0,0.0,1,1.0,1.0,1.0,1.0,1.0,1.0,-0.25,0.9999999999978622,0.9999999999971741
trajectory,0.18,12.0,8.0,0.0,1.0,4.0,0.0,0.0,1,1.0,1.0,1.0,1.0,1.0,1.0,-0.25,1.0,1.0
trajectory,0.18,12.0,8.0,0.1,1.0,2.5,0.0,0.0,1,1.0,1.0,1.0,1.0,1.0,1.0,-0.25,0.9999999999982483,0.9999999999976844
trajectory,0.18,12.0,8.0,0.1,1.0,4.0,0.0,0.0,1,1.0,1.0,1.0,1.0,1.0,1.0,-0.25,1.0,1.0
trajectory,0.18,12.0,8.0,0.25,1.0,2.5,0.0,0.0,1,1.0,1.0,1.0,1.0,1.0,1.0,-0.25,0.9999999999987006,0.9999999999982824
trajectory,0.18,12.0,8.0,0.25,1.0,4.0,0.0,0.0,1,1.0,1.0,1.0,1.0,1.0,1.0,-0.25,1.0,1.0
trajectory,0.18,12.0,18.0,0.0,1.0,2.5,0.0,0.0,1,1.0,1.0,1.0,1.0,1.0,1.0,-0.25,0.9999999999984667,0.9999999999979731
trajectory,0.18,12.0,18.0,0.0,1.0,4.0,0.0,0.0,1,1.0,1.0,1.0,1.0,1.0,1.0,-0.25,1.0,1.0
trajectory,0.18,12.0,18.0,0.1,1.0,2.5,0.0,0.0,1,1.0,1.0,1.0,1.0,1.0,1.0,-0.25,0.9999999999987447,0.9999999999983405
trajectory,0.18,12.0,18.0,0.1,1.0,4.0,0.0,0.0,1,1.0,1.0,1.0,1.0,1.0,1.0,-0.25,1.0,1.0
trajectory,0.18,12.0,18.0,0.25,1.0,2.5,0.0,0.0,1,1.0,1.0,1.0,1.0,1.0,1.0,-0.25,0.99999999999907,0.9999999999987707
trajectory,0.18,12.0,18.0,0.25,1.0,4.0,0.0,0.0,1,1.0,1.0,1.0,1.0,1.0,1.0,-0.25,1.0,1.0
trajectory,0.18,12.0,30.0,0.0,1.0,2.5,0.0,0.0,1,1.0,1.0,1.0,1.0,1.0,1.0,-0.25,0.9999999999984677,0.9999999999979745
trajectory,0.18,12.0,30.0,0.0,1.0,4.0,0.0,0.0,1,1.0,1.0,1.0,1.0,1.0,1.0,-0.25,1.0,1.0
trajectory,0.18,12.0,30.0,0.1,1.0,2.5,0.0,0.0,1,1.0,1.0,1.0,1.0,1.0,1.0,-0.25,0.9999999999987454,0.9999999999983417
trajectory,0.18,12.0,30.0,0.1,1.0,4.0,0.0,0.0,1,1.0,1.0,1.0,1.0,1.0,1.0,-0.25,1.0,1.0
trajectory,0.18,12.0,30.0,0.25,1.0,2.5,0.0,0.0,1,1.0,1.0,1.0,1.0,1.0,1.0,-0.25,0.9999999999990706,0.9999999999987715
trajectory,0.18,12.0,30.0,0.25,1.0,4.0,0.0,0.0,1,1.0,1.0,1.0,1.0,1.0,1.0,-0.25,1.0,1.0
trajectory,0.18,20.0,8.0,0.0,1.0,2.5,0.0,0.0,1,1.0,1.0,1.0,1.0,1.0,1.0,-0.25,1.0,1.0
trajectory,0.18,20.0,8.0,0.0,1.0,4.0,0.0,0.0,1,1.0,1.0,1.0,1.0,1.0,1.0,-0.25,1.0,1.0
trajectory,0.18,20.0,8.0,0.1,1.0,2.5,0.0,0.0,1,1.0,1.0,1.0,1.0,1.0,1.0,-0.25,1.0,1.0
trajectory,0.18,20.0,8.0,0.1,1.0,4.0,0.0,0.0,1,1.0,1.0,1.0,1.0,1.0,1.0,-0.25,1.0,1.0
trajectory,0.18,20.0,8.0,0.25,1.0,2.5,0.0,0.0,1,1.0,1.0,1.0,1.0,1.0,1.0,-0.25,1.0,1.0
trajectory,0.18,20.0,8.0,0.25,1.0,4.0,0.0,0.0,1,1.0,1.0,1.0,1.0,1.0,1.0,-0.25,1.0,1.0
trajectory,0.18,20.0,18.0,0.0,1.0,2.5,0.0,0.0,1,1.0,1.0,1.0,1.0,1.0,1.0,-0.25,1.0,1.0
trajectory,0.18,20.0,18.0,0.0,1.0,4.0,0.0,0.0,1,1.0,1.0,1.0,1.0,1.0,1.0,-0.25,1.0,1.0
trajectory,0.18,20.0,18.0,0.1,1.0,2.5,0.0,0.0,1,1.0,1.0,1.0,1.0,1.0,1.0,-0.25,1.0,1.0
trajectory,0.18,20.0,18.0,0.1,1.0,4.0,0.0,0.0,1,1.0,1.0,1.0,1.0,1.0,1.0,-0.25,1.0,1.0
trajectory,0.18,20.0,18.0,0.25,1.0,2.5,0.0,0.0,1,1.0,1.0,1.0,1.0,1.0,1.0,-0.25,1.0,1.0
trajectory,0.18,20.0,18.0,0.25,1.0,4.0,0.0,0.0,1,1.0,1.0,1.0,1.0,1.0,1.0,-0.25,1.0,1.0
trajectory,0.18,20.0,30.0,0.0,1.0,2.5,0.0,0.0,1,1.0,1.0,1.0,1.0,1.0,1.0,-0.25,1.0,1.0
trajectory,0.18,20.0,30.0,0.0,1.0,4.0,0.0,0.0,1,1.0,1.0,1.0,1.0,1.0,1.0,-0.25,1.0,1.0
trajectory,0.18,20.0,30.0,0.1,1.0,2.5,0.0,0.0,1,1.0,1.0,1.0,1.0,1.0,1.0,-0.25,1.0,1.0
trajectory,0.18,20.0,30.0,0.1,1.0,4.0,0.0,0.0,1,1.0,1.0,1.0,1.0,1.0,1.0,-0.25,1.0,1.0
trajectory,0.18,20.0,30.0,0.25,1.0,2.5,0.0,0.0,1,1.0,1.0,1.0,1.0,1.0,1.0,-0.25,1.0,1.0
trajectory,0.18,20.0,30.0,0.25,1.0,4.0,0.0,0.0,1,1.0,1.0,1.0,1.0,1.0,1.0,-0.25,1.0,1.0
trajectory,0.18,32.0,8.0,0.0,1.0,2.5,0.0,0.0,1,1.0,1.0,1.0,1.0,1.0,1.0,-0.25,1.0,1.0
trajectory,0.18,32.0,8.0,0.0,1.0,4.0,0.0,0.0,1,1.0,1.0,1.0,1.0,1.0,1.0,-0.25,1.0,1.0
trajectory,0.18,32.0,8.0,0.1,1.0,2.5,0.0,0.0,1,1.0,1.0,1.0,1.0,1.0,1.0,-0.25,1.0,1.0
trajectory,0.18,32.0,8.0,0.1,1.0,4.0,0.0,0.0,1,1.0,1.0,1.0,1.0,1.0,1.0,-0.25,1.0,1.0
trajectory,0.18,32.0,8.0,0.25,1.0,2.5,0.0,0.0,1,1.0,1.0,1.0,1.0,1.0,1.0,-0.25,1.0,1.0
trajectory,0.18,32.0,8.0,0.25,1.0,4.0,0.0,0.0,1,1.0,1.0,1.0,1.0,1.0,1.0,-0.25,1.0,1.0
trajectory,0.18,32.0,18.0,0.0,1.0,2.5,0.0,0.0,1,1.0,1.0,1.0,1.0,1.0,1.0,-0.25,1.0,1.0
trajectory,0.18,32.0,18.0,0.0,1.0,4.0,0.0,0.0,1,1.0,1.0,1.0,1.0,1.0,1.0,-0.25,1.0,1.0
trajectory,0.18,32.0,18.0,0.1,1.0,2.5,0.0,0.0,1,1.0,1.0,1.0,1.0,1.0,1.0,-0.25,1.0,1.0
trajectory,0.18,32.0,18.0,0.1,1.0,4.0,0.0,0.0,1,1.0,1.0,1.0,1.0,1.0,1.0,-0.25,1.0,1.0
trajectory,0.18,32.0,18.0,0.25,1.0,2.5,0.0,0.0,1,1.0,1.0,1.0,1.0,1.0,1.0,-0.25,1.0,1.0
trajectory,0.18,32.0,18.0,0.25,1.0,4.0,0.0,0.0,1,1.0,1.0,1.0,1.0,1.0,1.0,-0.25,1.0,1.0
trajectory,0.18,32.0,30.0,0.0,1.0,2.5,0.0,0.0,1,1.0,1.0,1.0,1.0,1.0,1.0,-0.25,1.0,1.0
trajectory,0.18,32.0,30.0,0.0,1.0,4.0,0.0,0.0,1,1.0,1.0,1.0,1.0,1.0,1.0,-0.25,1.0,1.0
trajectory,0.18,32.0,30.0,0.1,1.0,2.5,0.0,0.0,1,1.0,1.0,1.0,1.0,1.0,1.0,-0.25,1.0,1.0
trajectory,0.18,32.0,30.0,0.1,1.0,4.0,0.0,0.0,1,1.0,1.0,1.0,1.0,1.0,1.0,-0.25,1.0,1.0
trajectory,0.18,32.0,30.0,0.25,1.0,2.5,0.0,0.0,1,1.0,1.0,1.0,1.0,1.0,1.0,-0.25,1.0,1.0
trajectory,0.18,32.0,30.0,0.25,1.0,4.0,0.0,0.0,1,1.0,1.0,1.0,1.0,1.0,1.0,-0.25,1.0,1.0
trajectory,0.26,4.0,8.0,0.0,1.0,2.5,0.0,0.0,1,1.0,1.0,1.0,1.0,1.0,1.0,-0.25,0.9990853295512204,0.9987912992216003
trajectory,0.26,4.0,8.0,0.0,1.0,4.0,0.0,0.0,1,1.0,1.0,1.0,1.0,1.0,1.0,-0.25,0.9999972048827376,0.9999963056116804
trajectory,0.26,4.0,8.0,0.1,1.0,2.5,0.0,0.0,1,1.0,1.0,1.0,1.0,1.0,1.0,-0.25,0.9992498245182713,0.9990086125021467
trajectory,0.26,4.0,8.0,0.1,1.0,4.0,0.0,0.0,1,1.0,1.0,1.0,1.0,1.0,1.0,-0.25,0.99999796392301,0.9999973088566761
trajectory,0.26,4.0,8.0,0.25,1.0,2.5,0.0,0.0,1,1.0,1.0,1.0,1.0,1.0,1.0,-0.25,0.9994428318231662,0.9992636269644682
trajectory,0.26,4.0,8.0,0.25,1.0,4.0,0.0,0.0,1,1.0,1.0,1.0,1.0,1.0,1.0,-0.25,0.9999987341411631,0.9999983268763684
trajectory,0.26,4.0,18.0,0.0,1.0,2.5,0.0,0.0,1,1.0,1.0,1.0,1.0,1.0,1.0,-0.25,0.9992564651120954,0.9990173876807057
trajectory,0.26,4.0,18.0,0.0,1.0,4.0,0.0,0.0,1,1.0,1.0,1.0,1.0,1.0,1.0,-0.25,0.9999980545572952,0.9999974286595168
trajectory,0.26,4.0,18.0,0.1,1.0,2.5,0.0,0.0,1,1.0,1.0,1.0,1.0,1.0,1.0,-0.25,0.9993911568581955,0.999195348350144
trajectory,0.26,4.0,18.0,0.1,1.0,4.0,0.0,0.0,1,1.0,1.0,1.0,1.0,1.0,1.0,-0.25,0.9999985872975188,0.9999981327952825
trajectory,0.26,4.0,18.0,0.25,1.0,2.5,0.0,0.0,1,1.0,1.0,1.0,1.0,1.0,1.0,-0.25,0.9995488802678218,0.9994037620048407
trajectory,0.26,4.0,18.0,0.25,1.0,4.0,0.0,0.0,1,1.0,1.0,1.0,1.0,1.0,1.0,-0.25,0.9999991258237829,0.9999988445788812
trajectory,0.26,4.0,30.0,0.0,1.0,2.5,0.0,0.0,1,1.0,1.0,1.0,1.0,1.0,1.0,-0.25,0.9992571753581506,0.9990183260507384
trajectory,0.26,4.0,30.0,0.0,1.0,4.0,0.0,0.0,1,1.0,1.0,1.0,1.0,1.0,1.0,-0.25,0.999998057809151,0.9999974329576139
trajectory,0.26,4.0,30.0,0.1,1.0,2.5,0.0,0.0,1,1.0,1.0,1.0,1.0,1.0,1.0,-0.25,0.9993917428977128,0.9991961226967813
trajectory,0.26,4.0,30.0,0.1,1.0,4.0,0.0,0.0,1,1.0,1.0,1.0,1.0,1.0,1.0,-0.25,0.9999985896791872,0.9999981359432222
trajectory,0.26,4.0,30.0,0.25,1.0,2.5,0.0,0.0,1,1.0,1.0,1.0,1.0,1.0,1.0,-0.25,0.9995493194243321,0.9994043423394126
trajectory,0.26,4.0,30.0,0.25,1.0,4.0,0.0,0.0,1,1.0,1.0,1.0,1.0,1.0,1.0,-0.25,0.9999991273163955,0.9999988465517231
trajectory,0.26,8.0,8.0,0.0,1.0,2.5,0.0,0.0,1,1.0,1.0,1.0,1.0,1.0,1.0,-0.25,0.9999999487750922,0.9999999322854071
trajectory,0.26,8.0,8.0,0.0,1.0,4.0,0.0,0.0,1,1.0,1.0,1.0,1.0,1.0,1.0,-0.25,0.9999999999995468,0.9999999999994009
trajectory,0.26,8.0,8.0,0.1,1.0,2.5,0.0,0.0,1,1.0,1.0,1.0,1.0,1.0,1.0,-0.25,0.9999999579944842,0.9999999444725907
trajectory,0.26,8.0,8.0,0.1,1.0,4.0,0.0,0.0,1,1.0,1.0,1.0,1.0,1.0,1.0,-0.25,0.9999999999996697,0.9999999999995635
trajectory,0.26,8.0,8.0,0.25,1.0,2.5,0.0,0.0,1,1.0,1.0,1.0,1.0,1.0,1.0,-0.25,0.9999999688079422,0.9999999587669824
trajectory,0.26,8.0,8.0,0.25,1.0,4.0,0.0,0.0,1,1.0,1.0,1.0,1.0,1.0,1.0,-0.25,0.9999999999997946,0.9999999999997287
trajectory,0.26,8.0,18.0,0.0,1.0,2.5,0.0,0.0,1,1.0,1.0,1.0,1.0,1.0,1.0,-0.25,0.9999999661854129,0.9999999553003223
trajectory,0.26,8.0,18.0,0.0,1.0,4.0,0.0,0.0,1,1.0,1.0,1.0,1.0,1.0,1.0,-0.25,0.9999999999997807,0.9999999999997101
trajectory,0.26,8.0,18.0,0.1,1.0,2.5,0.0,0.0,1,1.0,1.0,1.0,1.0,1.0,1.0,-0.25,0.9999999723147579,0.9999999634027351
trajectory,0.26,8.0,18.0,0.1,1.0,4.0,0.0,0.0,1,1.0,1.0,1.0,1.0,1.0,1.0,-0.25,0.9999999999998407,0.9999999999997894
trajectory,0.26,8.0,18.0,0.25,1.0,2.5,0.0,0.0,1,1.0,1.0,1.0,1.0,1.0,1.0,-0.25,0.9999999794900463,0.9999999728877859
trajectory,0.26,8.0,18.0,0.25,1.0,4.0,0.0,0.0,1,1.0,1.0,1.0,1.0,1.0,1.0,-0.25,0.9999999999999015,0.9999999999998698
trajectory,0.26,8.0,30.0,0.0,1.0,2.5,0.0,0.0,1,1.0,1.0,1.0,1.0,1.0,1.0,-0.25,0.999999966250139,0.9999999553858842
trajectory,0.26,8.0,30.0,0.0,1.0,4.0,0.0,0.0,1,1.0,1.0,1.0,1.0,1.0,1.0,-0.25,0.9999999999997813,0.9999999999997112
trajectory,0.26,8.0,30.0,0.1,1.0,2.5,0.0,0.0,1,1.0,1.0,1.0,1.0,1.0,1.0,-0.25,0.9999999723679504,0.9999999634730506
trajectory,0.26,8.0,30.0,0.1,1.0,4.0,0.0,0.0,1,1.0,1.0,1.0,1.0,1.0,1.0,-0.25,0.9999999999998411,0.9999999999997903
trajectory,0.26,8.0,30.0,0.25,1.0,2.5,0.0,0.0,1,1.0,1.0,1.0,1.0,1.0,1.0,-0.25,0.9999999795296737,0.9999999729401696
trajectory,0.26,8.0,30.0,0.25,1.0,4.0,0.0,0.0,1,1.0,1.0,1.0,1.0,1.0,1.0,-0.25,0.9999999999999019,0.9999999999998702
trajectory,0.26,12.0,8.0,0.0,1.0,2.5,0.0,0.0,1,1.0,1.0,1.0,1.0,1.0,1.0,-0.25,0.999999999997134,0.9999999999962114
trajectory,0.26,12.0,8.0,0.0,1.0,4.0,0.0,0.0,1,1.0,1.0,1.0,1.0,1.0,1.0,-0.25,1.0,1.0
trajectory,0.26,12.0,8.0,0.1,1.0,2.5,0.0,0.0,1,1.0,1.0,1.0,1.0,1.0,1.0,-0.25,0.9999999999976498,0.9999999999968932
trajectory,0.26,12.0,8.0,0.1,1.0,4.0,0.0,0.0,1,1.0,1.0,1.0,1.0,1.0,1.0,-0.25,1.0,1.0
trajectory,0.26,12.0,8.0,0.25,1.0,2.5,0.0,0.0,1,1.0,1.0,1.0,1.0,1.0,1.0,-0.25,0.9999999999982547,0.999999999997693
trajectory,0.26,12.0,8.0,0.25,1.0,4.0,0.0,0.0,1,1.0,1.0,1.0,1.0,1.0,1.0,-0.25,1.0,1.0
trajectory,0.26,12.0,18.0,0.0,1.0,2.5,0.0,0.0,1,1.0,1.0,1.0,1.0,1.0,1.0,-0.25,0.9999999999984632,0.9999999999979687
trajectory,0.26,12.0,18.0,0.0,1.0,4.0,0.0,0.0,1,1.0,1.0,1.0,1.0,1.0,1.0,-0.25,1.0,1.0
trajectory,0.26,12.0,18.0,0.1,1.0,2.5,0.0,0.0,1,1.0,1.0,1.0,1.0,1.0,1.0,-0.25,0.9999999999987419,0.9999999999983369
trajectory,0.26,12.0,18.0,0.1,1.0,4.0,0.0,0.0,1,1.0,1.0,1.0,1.0,1.0,1.0,-0.25,1.0,1.0
trajectory,0.26,12.0,18.0,0.25,1.0,2.5,0.0,0.0,1,1.0,1.0,1.0,1.0,1.0,1.0,-0.25,0.999999999999068,0.999999999998768
trajectory,0.26,12.0,18.0,0.25,1.0,4.0,0.0,0.0,1,1.0,1.0,1.0,1.0,1.0,1.0,-0.25,1.0,1.0
trajectory,0.26,12.0,30.0,0.0,1.0,2.5,0.0,0.0,1,1.0,1.0,1.0,1.0,1.0,1.0,-0.25,0.9999999999984677,0.9999999999979745
trajectory,0.26,12.0,30.0,0.0,1.0,4.0,0.0,0.0,1,1.0,1.0,1.0,1.0,1.0,1.0,-0.25,1.0,1.0
trajectory,0.26,12.0,30.0,0.1,1.0,2.5,0.0,0.0,1,1.0,1.0,1.0,1.0,1.0,1.0,-0.25,0.9999999999987454,0.9999999999983417
trajectory,0.26,12.0,30.0,0.1,1.0,4.0,0.0,0.0,1,1.0,1.0,1.0,1.0,1.0,1.0,-0.25,1.0,1.0
trajectory,0.26,12.0,30.0,0.25,1.0,2.5,0.0,0.0,1,1.0,1.0,1.0,1.0,1.0,1.0,-0.25,0.9999999999990705,0.9999999999987715
trajectory,0.26,12.0,30.0,0.25,1.0,4.0,0.0,0.0,1,1.0,1.0,1.0,1.0,1.0,1.0,-0.25,1.0,1.0
trajectory,0.26,20.0,8.0,0.0,1.0,2.5,0.0,0.0,1,1.0,1.0,1.0,1.0,1.0,1.0,-0.25,1.0,1.0
trajectory,0.26,20.0,8.0,0.0,1.0,4.0,0.0,0.0,1,1.0,1.0,1.0,1.0,1.0,1.0,-0.25,1.0,1.0
trajectory,0.26,20.0,8.0,0.1,1.0,2.5,0.0,0.0,1,1.0,1.0,1.0,1.0,1.0,1.0,-0.25,1.0,1.0
trajectory,0.26,20.0,8.0,0.1,1.0,4.0,0.0,0.0,1,1.0,1.0,1.0,1.0,1.0,1.0,-0.25,1.0,1.0
trajectory,0.26,20.0,8.0,0.25,1.0,2.5,0.0,0.0,1,1.0,1.0,1.0,1.0,1.0,1.0,-0.25,1.0,1.0
trajectory,0.26,20.0,8.0,0.25,1.0,4.0,0.0,0.0,1,1.0,1.0,1.0,1.0,1.0,1.0,-0.25,1.0,1.0
trajectory,0.26,20.0,18.0,0.0,1.0,2.5,0.0,0.0,1,1.0,1.0,1.0,1.0,1.0,1.0,-0.25,1.0,1.0
trajectory,0.26,20.0,18.0,0.0,1.0,4.0,0.0,0.0,1,1.0,1.0,1.0,1.0,1.0,1.0,-0.25,1.0,1.0
trajectory,0.26,20.0,18.0,0.1,1.0,2.5,0.0,0.0,1,1.0,1.0,1.0,1.0,1.0,1.0,-0.25,1.0,1.0
trajectory,0.26,20.0,18.0,0.1,1.0,4.0,0.0,0.0,1,1.0,1.0,1.0,1.0,1.0,1.0,-0.25,1.0,1.0
trajectory,0.26,20.0,18.0,0.25,1.0,2.5,0.0,0.0,1,1.0,1.0,1.0,1.0,1.0,1.0,-0.25,1.0,1.0
trajectory,0.26,20.0,18.0,0.25,1.0,4.0,0.0,0.0,1,1.0,1.0,1.0,1.0,1.0,1.0,-0.25,1.0,1.0
trajectory,0.26,20.0,30.0,0.0,1.0,2.5,0.0,0.0,1,1.0,1.0,1.0,1.0,1.0,1.0,-0.25,1.0,1.0
trajectory,0.26,20.0,30.0,0.0,1.0,4.0,0.0,0.0,1,1.0,1.0,1.0,1.0,1.0,1.0,-0.25,1.0,1.0
trajectory,0.26,20.0,30.0,0.1,1.0,2.5,0.0,0.0,1,1.0,1.0,1.0,1.0,1.0,1.0,-0.25,1.0,1.0
trajectory,0.26,20.0,30.0,0.1,1.0,4.0,0.0,0.0,1,1.0,1.0,1.0,1.0,1.0,1.0,-0.25,1.0,1.0
trajectory,0.26,20.0,30.0,0.25,1.0,2.5,0.0,0.0,1,1.0,1.0,1.0,1.0,1.0,1.0,-0.25,1.0,1.0
trajectory,0.26,20.0,30.0,0.25,1.0,4.0,0.0,0.0,1,1.0,1.0,1.0,1.0,1.0,1.0,-0.25,1.0,1.0
trajectory,0.26,32.0,8.0,0.0,1.0,2.5,0.0,0.0,1,1.0,1.0,1.0,1.0,1.0,1.0,-0.25,1.0,1.0
trajectory,0.26,32.0,8.0,0.0,1.0,4.0,0.0,0.0,1,1.0,1.0,1.0,1.0,1.0,1.0,-0.25,1.0,1.0
trajectory,0.26,32.0,8.0,0.1,1.0,2.5,0.0,0.0,1,1.0,1.0,1.0,1.0,1.0,1.0,-0.25,1.0,1.0
trajectory,0.26,32.0,8.0,0.1,1.0,4.0,0.0,0.0,1,1.0,1.0,1.0,1.0,1.0,1.0,-0.25,1.0,1.0
trajectory,0.26,32.0,8.0,0.25,1.0,2.5,0.0,0.0,1,1.0,1.0,1.0,1.0,1.0,1.0,-0.25,1.0,1.0
trajectory,0.26,32.0,8.0,0.25,1.0,4.0,0.0,0.0,1,1.0,1.0,1.0,1.0,1.0,1.0,-0.25,1.0,1.0
trajectory,0.26,32.0,18.0,0.0,1.0,2.5,0.0,0.0,1,1.0,1.0,1.0,1.0,1.0,1.0,-0.25,1.0,1.0
trajectory,0.26,32.0,18.0,0.0,1.0,4.0,0.0,0.0,1,1.0,1.0,1.0,1.0,1.0,1.0,-0.25,1.0,1.0
trajectory,0.26,32.0,18.0,0.1,1.0,2.5,0.0,0.0,1,1.0,1.0,1.0,1.0,1.0,1.0,-0.25,1.0,1.0
trajectory,0.26,32.0,18.0,0.1,1.0,4.0,0.0,0.0,1,1.0,1.0,1.0,1.0,1.0,1.0,-0.25,1.0,1.0
trajectory,0.26,32.0,18.0,0.25,1.0,2.5,0.0,0.0,1,1.0,1.0,1.0,1.0,1.0,1.0,-0.25,1.0,1.0
trajectory,0.26,32.0,18.0,0.25,1.0,4.0,0.0,0.0,1,1.0,1.0,1.0,1.0,1.0,1.0,-0.25,1.0,1.0
trajectory,0.26,32.0,30.0,0.0,1.0,2.5,0.0,0.0,1,1.0,1.0,1.0,1.0,1.0,1.0,-0.25,1.0,1.0
trajectory,0.26,32.0,30.0,0.0,1.0,4.0,0.0,0.0,1,1.0,1.0,1.0,1.0,1.0,1.0,-0.25,1.0,1.0
trajectory,0.26,32.0,30.0,0.1,1.0,2.5,0.0,0.0,1,1.0,1.0,1.0,1.0,1.0,1.0,-0.25,1.0,1.0
trajectory,0.26,32.0,30.0,0.1,1.0,4.0,0.0,0.0,1,1.0,1.0,1.0,1.0,1.0,1.0,-0.25,1.0,1.0
trajectory,0.26,32.0,30.0,0.25,1.0,2.5,0.0,0.0,1,1.0,1.0,1.0,1.0,1.0,1.0,-0.25,1.0,1.0
trajectory,0.26,32.0,30.0,0.25,1.0,4.0,0.0,0.0,1,1.0,1.0,1.0,1.0,1.0,1.0,-0.25,1.0,1.0
trajectory,0.34,4.0,8.0,0.0,1.0,2.5,0.0,0.0,1,1.0,1.0,1.0,1.0,1.0,1.0,-0.25,0.9989046699013738,0.998552659035231
trajectory,0.34,4.0,8.0,0.0,1.0,4.0,0.0,0.0,1,1.0,1.0,1.0,1.0,1.0,1.0,-0.25,0.9999961701384814,0.9999949379464218
trajectory,0.34,4.0,8.0,0.1,1.0,2.5,0.0,0.0,1,1.0,1.0,1.0,1.0,1.0,1.0,-0.25,0.9991003879598384,0.9988111898049165
trajectory,0.34,4.0,8.0,0.1,1.0,4.0,0.0,0.0,1,1.0,1.0,1.0,1.0,1.0,1.0,-0.25,0.9999972024772777,0.9999963024210556
trajectory,0.34,4.0,8.0,0.25,1.0,2.5,0.0,0.0,1,1.0,1.0,1.0,1.0,1.0,1.0,-0.25,0.999330435585658,0.999115115529026
trajectory,0.34,4.0,8.0,0.25,1.0,4.0,0.0,0.0,1,1.0,1.0,1.0,1.0,1.0,1.0,-0.25,0.9999982535376422,0.9999976916416445
trajectory,0.34,4.0,18.0,0.0,1.0,2.5,0.0,0.0,1,1.0,1.0,1.0,1.0,1.0,1.0,-0.25,0.9992541702853976,0.9990143557817818
trajectory,0.34,4.0,18.0,0.0,1.0,4.0,0.0,0.0,1,1.0,1.0,1.0,1.0,1.0,1.0,-0.25,0.9999980440346404,0.9999974147513374
trajectory,0.34,4.0,18.0,0.1,1.0,2.5,0.0,0.0,1,1.0,1.0,1.0,1.0,1.0,1.0,-0.25,0.9993892633154504,0.9991928463735776
trajectory,0.34,4.0,18.0,0.1,1.0,4.0,0.0,0.0,1,1.0,1.0,1.0,1.0,1.0,1.0,-0.25,0.9999985795904542,0.9999981226085689
trajectory,0.34,4.0,18.0,0.25,1.0,2.5,0.0,0.0,1,1.0,1.0,1.0,1.0,1.0,1.0,-0.25,0.9995474612816102,0.9994018868505729
trajectory,0.34,4.0,18.0,0.25,1.0,4.0,0.0,0.0,1,1.0,1.0,1.0,1.0,1.0,1.0,-0.25,0.9999991209934712,0.999998838194477
trajectory,0.34,4.0,30.0,0.0,1.0,2.5,0.0,0.0,1,1.0,1.0,1.0,1.0,1.0,1.0,-0.25,0.9992571644265514,0.9990183116080144
trajectory,0.34,4.0,30.0,0.0,1.0,4.0,0.0,0.0,1,1.0,1.0,1.0,1.0,1.0,1.0,-0.25,0.9999980577591182,0.9999974328914839
trajectory,0.34,4.0,30.0,0.1,1.0,2.5,0.0,0.0,1,1.0,1.0,1.0,1.0,1.0,1.0,-0.25,0.9993917338778464,0.9991961107786348
trajectory,0.34,4.0,30.0,0.1,1.0,4.0,0.0,0.0,1,1.0,1.0,1.0,1.0,1.0,1.0,-0.25,0.9999985896425434,0.9999981358947886
trajectory,0.34,4.0,30.0,0.25,1.0,2.5,0.0,0.0,1,1.0,1.0,1.0,1.0,1.0,1.0,-0.25,0.9995493126652139,0.9994043334074018
trajectory,0.34,4.0,30.0,0.25,1.0,4.0,0.0,0.0,1,1.0,1.0,1.0,1.0,1.0,1.0,-0.25,0.9999991272934307,0.9999988465213697
trajectory,0.34,8.0,8.0,0.0,1.0,2.5,0.0,0.0,1,1.0,1.0,1.0,1.0,1.0,1.0,-0.25,0.9999999264699864,0.9999999027999652
trajectory,0.34,8.0,8.0,0.0,1.0,4.0,0.0,0.0,1,1.0,1.0,1.0,1.0,1.0,1.0,-0.25,0.999999999999148,0.9999999999988738
trajectory,0.34,8.0,8.0,0.1,1.0,2.5,0.0,0.0,1,1.0,1.0,1.0,1.0,1.0,1.0,-0.25,0.9999999396207215,0.9999999201840484
trajectory,0.34,8.0,8.0,0.1,1.0,4.0,0.0,0.0,1,1.0,1.0,1.0,1.0,1.0,1.0,-0.25,0.9999999999993775,0.9999999999991774
trajectory,0.34,8.0,8.0,0.25,1.0,2.5,0.0,0.0,1,1.0,1.0,1.0,1.0,1.0,1.0,-0.25,0.9999999550714062,0.9999999406084572
trajectory,0.34,8.0,8.0,0.25,1.0,4.0,0.0,0.0,1,1.0,1.0,1.0,1.0,1.0,1.0,-0.25,0.9999999999996115,0.9999999999994865
trajectory,0.34,8.0,18.0,0.0,1.0,2.5,0.0,0.0,1,1.0,1.0,1.0,1.0,1.0,1.0,-0.25,0.999999965975856,0.9999999550233069
trajectory,0.34,8.0,18.0,0.0,1.0,4.0,0.0,0.0,1,1.0,1.0,1.0,1.0,1.0,1.0,-0.25,0.9999999999997783,0.9999999999997069
trajectory,0.34,8.0,18.0,0.1,1.0,2.5,0.0,0.0,1,1.0,1.0,1.0,1.0,1.0,1.0,-0.25,0.9999999721425394,0.9999999631750777
trajectory,0.34,8.0,18.0,0.1,1.0,4.0,0.0,0.0,1,1.0,1.0,1.0,1.0,1.0,1.0,-0.25,0.9999999999998389,0.9999999999997873
trajectory,0.34,8.0,18.0,0.25,1.0,2.5,0.0,0.0,1,1.0,1.0,1.0,1.0,1.0,1.0,-0.25,0.9999999793617438,0.9999999727181815
trajectory,0.34,8.0,18.0,0.25,1.0,4.0,0.0,0.0,1,1.0,1.0,1.0,1.0,1.0,1.0,-0.25,0.9999999999999004,0.9999999999998684
trajectory,0.34,8.0,30.0,0.0,1.0,2.5,0.0,0.0,1,1.0,1.0,1.0,1.0,1.0,1.0,-0.25,0.9999999662491432,0.9999999553845679
trajectory,0.34,8.0,30.0,0.0,1.0,4.0,0.0,0.0,1,1.0,1.0,1.0,1.0,1.0,1.0,-0.25,0.9999999999997813,0.9999999999997112
trajectory,0.34,8.0,30.0,0.1,1.0,2.5,0.0,0.0,1,1.0,1.0,1.0,1.0,1.0,1.0,-0.25,0.9999999723671319,0.9999999634719691
trajectory,0.34,8.0,30.0,0.1,1.0,4.0,0.0,0.0,1,1.0,1.0,1.0,1.0,1.0,1.0,-0.25,0.9999999999998411,0.9999999999997903
trajectory,0.34,8.0,30.0,0.25,1.0,2.5,0.0,0.0,1,1.0,1.0,1.0,1.0,1.0,1.0,-0.25,0.9999999795290639,0.9999999729393639
trajectory,0.34,8.0,30.0,0.25,1.0,4.0,0.0,0.0,1,1.0,1.0,1.0,1.0,1.0,1.0,-0.25,0.9999999999999019,0.9999999999998702
trajectory,0.34,12.0,8.0,0.0,1.0,2.5,0.0,0.0,1,1.0,1.0,1.0,1.0,1.0,1.0,-0.25,0.9999999999950693,0.9999999999934822
trajectory,0.34,12.0,8.0,0.0,1.0,4.0,0.0,0.0,1,1.0,1.0,1.0,1.0,1.0,1.0,-0.25,1.0,1.0
trajectory,0.34,12.0,8.0,0.1,1.0,2.5,0.0,0.0,1,1.0,1.0,1.0,1.0,1.0,1.0,-0.25,0.9999999999959512,0.999999999994648
trajectory,0.34,12.0,8.0,0.1,1.0,4.0,0.0,0.0,1,1.0,1.0,1.0,1.0,1.0,1.0,-0.25,1.0,1.0
trajectory,0.34,12.0,8.0,0.25,1.0,2.5,0.0,0.0,1,1.0,1.0,1.0,1.0,1.0,1.0,-0.25,0.9999999999969874,0.9999999999960174
trajectory,0.34,12.0,8.0,0.25,1.0,4.0,0.0,0.0,1,1.0,1.0,1.0,1.0,1.0,1.0,-0.25,1.0,1.0
trajectory,0.34,12.0,18.0,0.0,1.0,2.5,0.0,0.0,1,1.0,1.0,1.0,1.0,1.0,1.0,-0.25,0.999999999998449,0.9999999999979498
trajectory,0.34,12.0,18.0,0.0,1.0,4.0,0.0,0.0,1,1.0,1.0,1.0,1.0,1.0,1.0,-0.25,1.0,1.0
trajectory,0.34,12.0,18.0,0.1,1.0,2.5,0.0,0.0,1,1.0,1.0,1.0,1.0,1.0,1.0,-0.25,0.9999999999987301,0.9999999999983213
trajectory,0.34,12.0,18.0,0.1,1.0,4.0,0.0,0.0,1,1.0,1.0,1.0,1.0,1.0,1.0,-0.25,1.0,1.0
trajectory,0.34,12.0,18.0,0.25,1.0,2.5,0.0,0.0,1,1.0,1.0,1.0,1.0,1.0,1.0,-0.25,0.9999999999990592,0.9999999999987564
trajectory,0.34,12.0,18.0,0.25,1.0,4.0,0.0,0.0,1,1.0,1.0,1.0,1.0,1.0,1.0,-0.25,1.0,1.0
trajectory,0.34,12.0,30.0,0.0,1.0,2.5,0.0,0.0,1,1.0,1.0,1.0,1.0,1.0,1.0,-0.25,0.9999999999984677,0.9999999999979744
trajectory,0.34,12.0,30.0,0.0,1.0,4.0,0.0,0.0,1,1.0,1.0,1.0,1.0,1.0,1.0,-0.25,1.0,1.0
trajectory,0.34,12.0,30.0,0.1,1.0,2.5,0.0,0.0,1,1.0,1.0,1.0,1.0,1.0,1.0,-0.25,0.9999999999987454,0.9999999999983417
trajectory,0.34,12.0,30.0,0.1,1.0,4.0,0.0,0.0,1,1.0,1.0,1.0,1.0,1.0,1.0,-0.25,1.0,1.0
trajectory,0.34,12.0,30.0,0.25,1.0,2.5,0.0,0.0,1,1.0,1.0,1.0,1.0,1.0,1.0,-0.25,0.9999999999990705,0.9999999999987713
trajectory,0.34,12.0,30.0,0.25,1.0,4.0,0.0,0.0,1,1.0,1.0,1.0,1.0,1.0,1.0,-0.25,1.0,1.0
trajectory,0.34,20.0,8.0,0.0,1.0,2.5,0.0,0.0,1,1.0,1.0,1.0,1.0,1.0,1.0,-0.25,1.0,1.0
trajectory,0.34,20.0,8.0,0.0,1.0,4.0,0.0,0.0,1,1.0,1.0,1.0,1.0,1.0,1.0,-0.25,1.0,1.0
trajectory,0.34,20.0,8.0,0.1,1.0,2.5,0.0,0.0,1,1.0,1.0,1.0,1.0,1.0,1.0,-0.25,1.0,1.0
trajectory,0.34,20.0,8.0,0.1,1.0,4.0,0.0,0.0,1,1.0,1.0,1.0,1.0,1.0,1.0,-0.25,1.0,1.0
trajectory,0.34,20.0,8.0,0.25,1.0,2.5,0.0,0.0,1,1.0,1.0,1.0,1.0,1.0,1.0,-0.25,1.0,1.0
trajectory,0.34,20.0,8.0,0.25,1.0,4.0,0.0,0.0,1,1.0,1.0,1.0,1.0,1.0,1.0,-0.25,1.0,1.0
trajectory,0.34,20.0,18.0,0.0,1.0,2.5,0.0,0.0,1,1.0,1.0,1.0,1.0,1.0,1.0,-0.25,1.0,1.0
trajectory,0.34,20.0,18.0,0.0,1.0,4.0,0.0,0.0,1,1.0,1.0,1.0,1.0,1.0,1.0,-0.25,1.0,1.0
trajectory,0.34,20.0,18.0,0.1,1.0,2.5,0.0,0.0,1,1.0,1.0,1.0,1.0,1.0,1.0,-0.25,1.0,1.0
trajectory,0.34,20.0,18.0,0.1,1.0,4.0,0.0,0.0,1,1.0,1.0,1.0,1.0,1.0,1.0,-0.25,1.0,1.0
trajectory,0.34,20.0,18.0,0.25,1.0,2.5,0.0,0.0,1,1.0,1.0,1.0,1.0,1.0,1.0,-0.25,1.0,1.0
trajectory,0.34,20.0,18.0,0.25,1.0,4.0,0.0,0.0,1,1.0,1.0,1.0,1.0,1.0,1.0,-0.25,1.0,1.0
trajectory,0.34,20.0,30.0,0.0,1.0,2.5,0.0,0.0,1,1.0,1.0,1.0,1.0,1.0,1.0,-0.25,1.0,1.0
trajectory,0.34,20.0,30.0,0.0,1.0,4.0,0.0,0.0,1,1.0,1.0,1.0,1.0,1.0,1.0,-0.25,1.0,1.0
trajectory,0.34,20.0,30.0,0.1,1.0,2.5,0.0,0.0,1,1.0,1.0,1.0,1.0,1.0,1.0,-0.25,1.0,1.0
trajectory,0.34,20.0,30.0,0.1,1.0,4.0,0.0,0.0,1,1.0,1.0,1.0,1.0,1.0,1.0,-0.25,1.0,1.0
trajectory,0.34,20.0,30.0,0.25,1.0,2.5,0.0,0.0,1,1.0,1.0,1.0,1.0,1.0,1.0,-0.25,1.0,1.0
trajectory,0.34,20.0,30.0,0.25,1.0,4.0,0.0,0.0,1,1.0,1.0,1.0,1.0,1.0,1.0,-0.25,1.0,1.0
trajectory,0.34,32.0,8.0,0.0,1.0,2.5,0.0,0.0,1,1.0,1.0,1.0,1.0,1.0,1.0,-0.25,1.0,1.0
trajectory,0.34,32.0,8.0,0.0,1.0,4.0,0.0,0.0,1,1.0,1.0,1.0,1.0,1.0,1.0,-0.25,1.0,1.0
trajectory,0.34,32.0,8.0,0.1,1.0,2.5,0.0,0.0,1,1.0,1.0,1.0,1.0,1.0,1.0,-0.25,1.0,1.0
trajectory,0.34,32.0,8.0,0.1,1.0,4.0,0.0,0.0,1,1.0,1.0,1.0,1.0,1.0,1.0,-0.25,1.0,1.0
trajectory,0.34,32.0,8.0,0.25,1.0,2.5,0.0,0.0,1,1.0,1.0,1.0,1.0,1.0,1.0,-0.25,1.0,1.0
trajectory,0.34,32.0,8.0,0.25,1.0,4.0,0.0,0.0,1,1.0,1.0,1.0,1.0,1.0,1.0,-0.25,1.0,1.0
trajectory,0.34,32.0,18.0,0.0,1.0,2.5,0.0,0.0,1,1.0,1.0,1.0,1.0,1.0,1.0,-0.25,1.0,1.0
trajectory,0.34,32.0,18.0,0.0,1.0,4.0,0.0,0.0,1,1.0,1.0,1.0,1.0,1.0,1.0,-0.25,1.0,1.0
trajectory,0.34,32.0,18.0,0.1,1.0,2.5,0.0,0.0,1,1.0,1.0,1.0,1.0,1.0,1.0,-0.25,1.0,1.0
trajectory,0.34,32.0,18.0,0.1,1.0,4.0,0.0,0.0,1,1.0,1.0,1.0,1.0,1.0,1.0,-0.25,1.0,1.0
trajectory,0.34,32.0,18.0,0.25,1.0,2.5,0.0,0.0,1,1.0,1.0,1.0,1.0,1.0,1.0,-0.25,1.0,1.0
trajectory,0.34,32.0,18.0,0.25,1.0,4.0,0.0,0.0,1,1.0,1.0,1.0,1.0,1.0,1.0,-0.25,1.0,1.0
trajectory,0.34,32.0,30.0,0.0,1.0,2.5,0.0,0.0,1,1.0,1.0,1.0,1.0,1.0,1.0,-0.25,1.0,1.0
trajectory,0.34,32.0,30.0,0.0,1.0,4.0,0.0,0.0,1,1.0,1.0,1.0,1.0,1.0,1.0,-0.25,1.0,1.0
trajectory,0.34,32.0,30.0,0.1,1.0,2.5,0.0,0.0,1,1.0,1.0,1.0,1.0,1.0,1.0,-0.25,1.0,1.0
trajectory,0.34,32.0,30.0,0.1,1.0,4.0,0.0,0.0,1,1.0,1.0,1.0,1.0,1.0,1.0,-0.25,1.0,1.0
trajectory,0.34,32.0,30.0,0.25,1.0,2.5,0.0,0.0,1,1.0,1.0,1.0,1.0,1.0,1.0,-0.25,1.0,1.0
trajectory,0.34,32.0,30.0,0.25,1.0,4.0,0.0,0.0,1,1.0,1.0,1.0,1.0,1.0,1.0,-0.25,1.0,1.0
trajectory,0.42,4.0,8.0,0.0,1.0,2.5,0.0,0.0,1,1.0,1.0,1.0,1.0,1.0,1.0,-0.25,0.9984819548552283,0.9979944018589443
trajectory,0.42,4.0,8.0,0.0,1.0,4.0,0.0,0.0,1,1.0,1.0,1.0,1.0,1.0,1.0,-0.25,0.9999932318272869,0.9999910542438225
trajectory,0.42,4.0,8.0,0.1,1.0,2.5,0.0,0.0,1,1.0,1.0,1.0,1.0,1.0,1.0,-0.25,0.9987499595870497,0.9983483184786343
trajectory,0.42,4.0,8.0,0.1,1.0,4.0,0.0,0.0,1,1.0,1.0,1.0,1.0,1.0,1.0,-0.25,0.9999950311458449,0.9999934324685252
trajectory,0.42,4.0,8.0,0.25,1.0,2.5,0.0,0.0,1,1.0,1.0,1.0,1.0,1.0,1.0,-0.25,0.9990660043571203,0.9987657650062495
trajectory,0.42,4.0,8.0,0.25,1.0,4.0,0.0,0.0,1,1.0,1.0,1.0,1.0,1.0,1.0,-0.25,0.9999968744021814,0.9999958687706668
trajectory,0.42,4.0,18.0,0.0,1.0,2.5,0.0,0.0,1,1.0,1.0,1.0,1.0,1.0,1.0,-0.25,0.9992444199305099,0.9990014737802705
trajectory,0.42,4.0,18.0,0.0,1.0,4.0,0.0,0.0,1,1.0,1.0,1.0,1.0,1.0,1.0,-0.25,0.9999979990567179,0.9999973553023574
trajectory,0.42,4.0,18.0,0.1,1.0,2.5,0.0,0.0,1,1.0,1.0,1.0,1.0,1.0,1.0,-0.25,0.9993812174244688,0.9991822152123735
trajectory,0.42,4.0,18.0,0.1,1.0,4.0,0.0,0.0,1,1.0,1.0,1.0,1.0,1.0,1.0,-0.25,0.9999985466433381,0.9999980790611356
trajectory,0.42,4.0,18.0,0.25,1.0,2.5,0.0,0.0,1,1.0,1.0,1.0,1.0,1.0,1.0,-0.25,0.9995414312494766,0.9993939183375086
trajectory,0.42,4.0,18.0,0.25,1.0,4.0,0.0,0.0,1,1.0,1.0,1.0,1.0,1.0,1.0,-0.25,0.999999100340381,0.9999988108965088
trajectory,0.42,4.0,30.0,0.0,1.0,2.5,0.0,0.0,1,1.0,1.0,1.0,1.0,1.0,1.0,-0.25,0.9992570439167934,0.9990181523916863
trajectory,0.42,4.0,30.0,0.0,1.0,4.0,0.0,0.0,1,1.0,1.0,1.0,1.0,1.0,1.0,-0.25,0.9999980572075222,0.9999974321624192
trajectory,0.42,4.0,30.0,0.1,1.0,2.5,0.0,0.0,1,1.0,1.0,1.0,1.0,1.0,1.0,-0.25,0.9993916344429253,0.9991959793931096
trajectory,0.42,4.0,30.0,0.1,1.0,4.0,0.0,0.0,1,1.0,1.0,1.0,1.0,1.0,1.0,-0.25,0.9999985892385553,0.9999981353608226
trajectory,0.42,4.0,30.0,0.25,1.0,2.5,0.0,0.0,1,1.0,1.0,1.0,1.0,1.0,1.0,-0.25,0.9995492381526779,0.9994042349408981
trajectory,0.42,4.0,30.0,0.25,1.0,4.0,0.0,0.0,1,1.0,1.0,1.0,1.0,1.0,1.0,-0.25,0.9999991270402501,0.9999988461867314
trajectory,0.42,8.0,8.0,0.0,1.0,2.5,0.0,0.0,1,1.0,1.0,1.0,1.0,1.0,1.0,-0.25,0.99999985848563,0.9999998129302458
trajectory,0.42,8.0,8.0,0.0,1.0,4.0,0.0,0.0,1,1.0,1.0,1.0,1.0,1.0,1.0,-0.25,0.999999999997333,0.9999999999964748
trajectory,0.42,8.0,8.0,0.1,1.0,2.5,0.0,0.0,1,1.0,1.0,1.0,1.0,1.0,1.0,-0.25,0.9999998835013795,0.9999998459989009
trajectory,0.42,8.0,8.0,0.1,1.0,4.0,0.0,0.0,1,1.0,1.0,1.0,1.0,1.0,1.0,-0.25,0.999999999998042,0.999999999997412
trajectory,0.42,8.0,8.0,0.25,1.0,2.5,0.0,0.0,1,1.0,1.0,1.0,1.0,1.0,1.0,-0.25,0.9999999129835943,0.9999998849718373
trajectory,0.42,8.0,8.0,0.25,1.0,4.0,0.0,0.0,1,1.0,1.0,1.0,1.0,1.0,1.0,-0.25,0.9999999999987683,0.999999999998372
trajectory,0.42,8.0,18.0,0.0,1.0,2.5,0.0,0.0,1,1.0,1.0,1.0,1.0,1.0,1.0,-0.25,0.9999999650782402,0.9999999538367385
trajectory,0.42,8.0,18.0,0.0,1.0,4.0,0.0,0.0,1,1.0,1.0,1.0,1.0,1.0,1.0,-0.25,0.999999999999768,0.9999999999996935
trajectory,0.42,8.0,18.0,0.1,1.0,2.5,0.0,0.0,1,1.0,1.0,1.0,1.0,1.0,1.0,-0.25,0.9999999714048133,0.9999999621998693
trajectory,0.42,8.0,18.0,0.1,1.0,4.0,0.0,0.0,1,1.0,1.0,1.0,1.0,1.0,1.0,-0.25,0.9999999999998315,0.9999999999997772
trajectory,0.42,8.0,18.0,0.25,1.0,2.5,0.0,0.0,1,1.0,1.0,1.0,1.0,1.0,1.0,-0.25,0.9999999788120881,0.9999999719915854
trajectory,0.42,8.0,18.0,0.25,1.0,4.0,0.0,0.0,1,1.0,1.0,1.0,1.0,1.0,1.0,-0.25,0.9999999999998956,0.9999999999998622
trajectory,0.42,8.0,30.0,0.0,1.0,2.5,0.0,0.0,1,1.0,1.0,1.0,1.0,1.0,1.0,-0.25,0.9999999662381652,0.9999999553700559
trajectory,0.42,8.0,30.0,0.0,1.0,4.0,0.0,0.0,1,1.0,1.0,1.0,1.0,1.0,1.0,-0.25,0.9999999999997813,0.999999999999711
trajectory,0.42,8.0,30.0,0.1,1.0,2.5,0.0,0.0,1,1.0,1.0,1.0,1.0,1.0,1.0,-0.25,0.9999999723581102,0.9999999634600428
trajectory,0.42,8.0,30.0,0.1,1.0,4.0,0.0,0.0,1,1.0,1.0,1.0,1.0,1.0,1.0,-0.25,0.999999999999841,0.9999999999997901
trajectory,0.42,8.0,30.0,0.25,1.0,2.5,0.0,0.0,1,1.0,1.0,1.0,1.0,1.0,1.0,-0.25,0.999999979522343,0.9999999729304792
trajectory,0.42,8.0,30.0,0.25,1.0,4.0,0.0,0.0,1,1.0,1.0,1.0,1.0,1.0,1.0,-0.25,0.9999999999999017,0.9999999999998702
trajectory,0.42,12.0,8.0,0.0,1.0,2.5,0.0,0.0,1,1.0,1.0,1.0,1.0,1.0,1.0,-0.25,0.9999999999868283,0.9999999999825882
trajectory,0.42,12.0,8.0,0.0,1.0,4.0,0.0,0.0,1,1.0,1.0,1.0,1.0,1.0,1.0,-0.25,1.0,1.0
trajectory,0.42,12.0,8.0,0.1,1.0,2.5,0.0,0.0,1,1.0,1.0,1.0,1.0,1.0,1.0,-0.25,0.9999999999891567,0.9999999999856661
trajectory,0.42,12.0,8.0,0.1,1.0,4.0,0.0,0.0,1,1.0,1.0,1.0,1.0,1.0,1.0,-0.25,1.0,1.0
trajectory,0.42,12.0,8.0,0.25,1.0,2.5,0.0,0.0,1,1.0,1.0,1.0,1.0,1.0,1.0,-0.25,0.9999999999919008,0.9999999999892936
trajectory,0.42,12.0,8.0,0.25,1.0,4.0,0.0,0.0,1,1.0,1.0,1.0,1.0,1.0,1.0,-0.25,1.0,1.0
trajectory,0.42,12.0,18.0,0.0,1.0,2.5,0.0,0.0,1,1.0,1.0,1.0,1.0,1.0,1.0,-0.25,0.9999999999983873,0.999999999997868
trajectory,0.42,12.0,18.0,0.0,1.0,4.0,0.0,0.0,1,1.0,1.0,1.0,1.0,1.0,1.0,-0.25,1.0,1.0
trajectory,0.42,12.0,18.0,0.1,1.0,2.5,0.0,0.0,1,1.0,1.0,1.0,1.0,1.0,1.0,-0.25,0.9999999999986795,0.9999999999982543
trajectory,0.42,12.0,18.0,0.1,1.0,4.0,0.0,0.0,1,1.0,1.0,1.0,1.0,1.0,1.0,-0.25,1.0,1.0
trajectory,0.42,12.0,18.0,0.25,1.0,2.5,0.0,0.0,1,1.0,1.0,1.0,1.0,1.0,1.0,-0.25,0.9999999999990214,0.9999999999987065
trajectory,0.42,12.0,18.0,0.25,1.0,4.0,0.0,0.0,1,1.0,1.0,1.0,1.0,1.0,1.0,-0.25,1.0,1.0
trajectory,0.42,12.0,30.0,0.0,1.0,2.5,0.0,0.0,1,1.0,1.0,1.0,1.0,1.0,1.0,-0.25,0.9999999999984669,0.9999999999979735
trajectory,0.42,12.0,30.0,0.0,1.0,4.0,0.0,0.0,1,1.0,1.0,1.0,1.0,1.0,1.0,-0.25,1.0,1.0
trajectory,0.42,12.0,30.0,0.1,1.0,2.5,0.0,0.0,1,1.0,1.0,1.0,1.0,1.0,1.0,-0.25,0.9999999999987448,0.9999999999983408
trajectory,0.42,12.0,30.0,0.1,1.0,4.0,0.0,0.0,1,1.0,1.0,1.0,1.0,1.0,1.0,-0.25,1.0,1.0
trajectory,0.42,12.0,30.0,0.25,1.0,2.5,0.0,0.0,1,1.0,1.0,1.0,1.0,1.0,1.0,-0.25,0.9999999999990702,0.9999999999987709
trajectory,0.42,12.0,30.0,0.25,1.0,4.0,0.0,0.0,1,1.0,1.0,1.0,1.0,1.0,1.0,-0.25,1.0,1.0
trajectory,0.42,20.0,8.0,0.0,1.0,2.5,0.0,0.0,1,1.0,1.0,1.0,1.0,1.0,1.0,-0.25,1.0,1.0
trajectory,0.42,20.0,8.0,0.0,1.0,4.0,0.0,0.0,1,1.0,1.0,1.0,1.0,1.0,1.0,-0.25,1.0,1.0
trajectory,0.42,20.0,8.0,0.1,1.0,2.5,0.0,0.0,1,1.0,1.0,1.0,1.0,1.0,1.0,-0.25,1.0,1.0
trajectory,0.42,20.0,8.0,0.1,1.0,4.0,0.0,0.0,1,1.0,1.0,1.0,1.0,1.0,1.0,-0.25,1.0,1.0
trajectory,0.42,20.0,8.0,0.25,1.0,2.5,0.0,0.0,1,1.0,1.0,1.0,1.0,1.0,1.0,-0.25,1.0,1.0
trajectory,0.42,20.0,8.0,0.25,1.0,4.0,0.0,0.0,1,1.0,1.0,1.0,1.0,1.0,1.0,-0.25,1.0,1.0
trajectory,0.42,20.0,18.0,0.0,1.0,2.5,0.0,0.0,1,1.0,1.0,1.0,1.0,1.0,1.0,-0.25,1.0,1.0
trajectory,0.42,20.0,18.0,0.0,1.0,4.0,0.0,0.0,1,1.0,1.0,1.0,1.0,1.0,1.0,-0.25,1.0,1.0
trajectory,0.42,20.0,18.0,0.1,1.0,2.5,0.0,0.0,1,1.0,1.0,1.0,1.0,1.0,1.0,-0.25,1.0,1.0
trajectory,0.42,20.0,18.0,0.1,1.0,4.0,0.0,0.0,1,1.0,1.0,1.0,1.0,1.0,1.0,-0.25,1.0,1.0
trajectory,0.42,20.0,18.0,0.25,1.0,2.5,0.0,0.0,1,1.0,1.0,1.0,1.0,1.0,1.0,-0.25,1.0,1.0
trajectory,0.42,20.0,18.0,0.25,1.0,4.0,0.0,0.0,1,1.0,1.0,1.0,1.0,1.0,1.0,-0.25,1.0,1.0
trajectory,0.42,20.0,30.0,0.0,1.0,2.5,0.0,0.0,1,1.0,1.0,1.0,1.0,1.0,1.0,-0.25,1.0,1.0
trajectory,0.42,20.0,30.0,0.0,1.0,4.0,0.0,0.0,1,1.0,1.0,1.0,1.0,1.0,1.0,-0.25,1.0,1.0
trajectory,0.42,20.0,30.0,0.1,1.0,2.5,0.0,0.0,1,1.0,1.0,1.0,1.0,1.0,1.0,-0.25,1.0,1.0
trajectory,0.42,20.0,30.0,0.1,1.0,4.0,0.0,0.0,1,1.0,1.0,1.0,1.0,1.0,1.0,-0.25,1.0,1.0
trajectory,0.42,20.0,30.0,0.25,1.0,2.5,0.0,0.0,1,1.0,1.0,1.0,1.0,1.0,1.0,-0.25,1.0,1.0
trajectory,0.42,20.0,30.0,0.25,1.0,4.0,0.0,0.0,1,1.0,1.0,1.0,1.0,1.0,1.0,-0.25,1.0,1.0
trajectory,0.42,32.0,8.0,0.0,1.0,2.5,0.0,0.0,1,1.0,1.0,1.0,1.0,1.0,1.0,-0.25,1.0,1.0
trajectory,0.42,32.0,8.0,0.0,1.0,4.0,0.0,0.0,1,1.0,1.0,1.0,1.0,1.0,1.0,-0.25,1.0,1.0
trajectory,0.42,32.0,8.0,0.1,1.0,2.5,0.0,0.0,1,1.0,1.0,1.0,1.0,1.0,1.0,-0.25,1.0,1.0
trajectory,0.42,32.0,8.0,0.1,1.0,4.0,0.0,0.0,1,1.0,1.0,1.0,1.0,1.0,1.0,-0.25,1.0,1.0
trajectory,0.42,32.0,8.0,0.25,1.0,2.5,0.0,0.0,1,1.0,1.0,1.0,1.0,1.0,1.0,-0.25,1.0,1.0
trajectory,0.42,32.0,8.0,0.25,1.0,4.0,0.0,0.0,1,1.0,1.0,1.0,1.0,1.0,1.0,-0.25,1.0,1.0
trajectory,0.42,32.0,18.0,0.0,1.0,2.5,0.0,0.0,1,1.0,1.0,1.0,1.0,1.0,1.0,-0.25,1.0,1.0
trajectory,0.42,32.0,18.0,0.0,1.0,4.0,0.0,0.0,1,1.0,1.0,1.0,1.0,1.0,1.0,-0.25,1.0,1.0
trajectory,0.42,32.0,18.0,0.1,1.0,2.5,0.0,0.0,1,1.0,1.0,1.0,1.0,1.0,1.0,-0.25,1.0,1.0
trajectory,0.42,32.0,18.0,0.1,1.0,4.0,0.0,0.0,1,1.0,1.0,1.0,1.0,1.0,1.0,-0.25,1.0,1.0
trajectory,0.42,32.0,18.0,0.25,1.0,2.5,0.0,0.0,1,1.0,1.0,1.0,1.0,1.0,1.0,-0.25,1.0,1.0
trajectory,0.42,32.0,18.0,0.25,1.0,4.0,0.0,0.0,1,1.0,1.0,1.0,1.0,1.0,1.0,-0.25,1.0,1.0
trajectory,0.42,32.0,30.0,0.0,1.0,2.5,0.0,0.0,1,1.0,1.0,1.0,1.0,1.0,1.0,-0.25,1.0,1.0
trajectory,0.42,32.0,30.0,0.0,1.0,4.0,0.0,0.0,1,1.0,1.0,1.0,1.0,1.0,1.0,-0.25,1.0,1.0
trajectory,0.42,32.0,30.0,0.1,1.0,2.5,0.0,0.0,1,1.0,1.0,1.0,1.0,1.0,1.0,-0.25,1.0,1.0
trajectory,0.42,32.0,30.0,0.1,1.0,4.0,0.0,0.0,1,1.0,1.0,1.0,1.0,1.0,1.0,-0.25,1.0,1.0
trajectory,0.42,32.0,30.0,0.25,1.0,2.5,0.0,0.0,1,1.0,1.0,1.0,1.0,1.0,1.0,-0.25,1.0,1.0
trajectory,0.42,32.0,30.0,0.25,1.0,4.0,0.0,0.0,1,1.0,1.0,1.0,1.0,1.0,1.0,-0.25,1.0,1.0
probe_all,0.1,4.0,8.0,0.0,1.0,2.5,0.0,0.0,1,0.8571428571428571,0.75,1.0,1.0,1.0,1.0,0.035714285714285726,0.8357277809190296,0.9987989885047132
probe_all,0.1,4.0,8.0,0.0,1.0,4.0,0.0,0.0,1,1.0,1.0,1.0,1.0,1.0,1.0,-0.25,0.8932668370391084,0.9999955645214981
probe_all,0.1,4.0,8.0,0.1,1.0,2.5,0.0,0.0,1,0.8571428571428571,0.75,1.0,1.0,1.0,1.0,0.035714285714285726,0.8365204474356387,0.9990091846272556
probe_all,0.1,4.0,8.0,0.1,1.0,4.0,0.0,0.0,1,1.0,1.0,1.0,1.0,1.0,1.0,-0.25,0.8935992301462371,0.9999965724340106
probe_all,0.1,4.0,8.0,0.25,1.0,2.5,0.0,0.0,1,0.8571428571428571,0.75,1.0,1.0,1.0,1.0,0.035714285714285726,0.8376577046592677,0.9992527403072408
probe_all,0.1,4.0,8.0,0.25,1.0,4.0,0.0,0.0,1,1.0,1.0,1.0,1.0,1.0,1.0,-0.25,0.8940917162373343,0.9999976186241611
probe_all,0.1,4.0,18.0,0.0,1.0,2.5,0.0,0.0,1,0.7857142857142857,0.75,1.0,1.0,1.0,1.0,0.053571428571428575,0.7935830552995193,0.9990131902637224
probe_all,0.1,4.0,18.0,0.0,1.0,4.0,0.0,0.0,1,0.8571428571428571,0.75,1.0,1.0,1.0,1.0,0.035714285714285726,0.8045843293827946,0.9999974081193305
probe_all,0.1,4.0,18.0,0.1,1.0,2.5,0.0,0.0,1,0.7857142857142857,0.75,1.0,1.0,1.0,1.0,0.053571428571428575,0.7938144320865272,0.9992008795136137
probe_all,0.1,4.0,18.0,0.1,1.0,4.0,0.0,0.0,1,0.8571428571428571,0.75,1.0,1.0,1.0,1.0,0.035714285714285726,0.8047388965662564,0.9999981477733623
probe_all,0.1,4.0,18.0,0.25,1.0,2.5,0.0,0.0,1,0.7857142857142857,0.75,1.0,1.0,1.0,1.0,0.053571428571428575,0.7941437813005678,0.9994155014050087
probe_all,0.1,4.0,18.0,0.25,1.0,4.0,0.0,0.0,1,0.8571428571428571,0.75,1.0,1.0,1.0,1.0,0.035714285714285726,0.8049710675383585,0.9999988694648487
probe_all,0.1,4.0,30.0,0.0,1.0,2.5,0.0,0.0,1,0.6428571428571429,0.75,1.0,1.0,1.0,1.0,0.08928571428571427,0.7759484051594082,0.9990181256752834
probe_all,0.1,4.0,30.0,0.0,1.0,4.0,0.0,0.0,1,0.7857142857142857,0.75,1.0,1.0,1.0,1.0,0.053571428571428575,0.7777870492253607,0.9999974320379098
probe_all,0.1,4.0,30.0,0.1,1.0,2.5,0.0,0.0,1,0.6428571428571429,0.75,1.0,1.0,1.0,1.0,0.08928571428571427,0.7760804870297436,0.9992053841348673
probe_all,0.1,4.0,30.0,0.1,1.0,4.0,0.0,0.0,1,0.7857142857142857,0.75,1.0,1.0,1.0,1.0,0.053571428571428575,0.7778576800513434,0.9999981684195021
probe_all,0.1,4.0,30.0,0.25,1.0,2.5,0.0,0.0,1,0.6428571428571429,0.75,1.0,1.0,1.0,1.0,0.08928571428571427,0.7762648570357767,0.9994194312498376
probe_all,0.1,4.0,30.0,0.25,1.0,4.0,0.0,0.0,1,0.7857142857142857,0.75,1.0,1.0,1.0,1.0,0.053571428571428575,0.777963823741376,0.9999988860435969
probe_all,0.1,8.0,8.0,0.0,1.0,2.5,0.0,0.0,1,1.0,1.0,1.0,1.0,1.0,1.0,-0.25,0.962168691477538,0.9999999062278676
probe_all,0.1,8.0,8.0,0.0,1.0,4.0,0.0,0.0,1,1.0,1.0,1.0,1.0,1.0,1.0,-0.25,0.9899674293510696,0.9999999999960155
probe_all,0.1,8.0,8.0,0.1,1.0,2.5,0.0,0.0,1,1.0,1.0,1.0,1.0,1.0,1.0,-0.25,0.9622804097766761,0.9999999192581198
probe_all,0.1,8.0,8.0,0.1,1.0,4.0,0.0,0.0,1,1.0,1.0,1.0,1.0,1.0,1.0,-0.25,0.9900116194025782,0.99999999999656
probe_all,0.1,8.0,8.0,0.25,1.0,2.5,0.0,0.0,1,1.0,1.0,1.0,1.0,1.0,1.0,-0.25,0.9624473380649454,0.9999999349269025
probe_all,0.1,8.0,8.0,0.25,1.0,4.0,0.0,0.0,1,1.0,1.0,1.0,1.0,1.0,1.0,-0.25,0.9900775537736932,0.9999999999972249
probe_all,0.1,8.0,18.0,0.0,1.0,2.5,0.0,0.0,1,0.8571428571428571,0.75,1.0,1.0,1.0,1.0,0.035714285714285726,0.8461144740245821,0.9999999548817832
probe_all,0.1,8.0,18.0,0.0,1.0,4.0,0.0,0.0,1,0.8571428571428571,0.75,1.0,1.0,1.0,1.0,0.035714285714285726,0.8744599146873753,0.9999999999997047
probe_all,0.1,8.0,18.0,0.1,1.0,2.5,0.0,0.0,1,0.8571428571428571,0.75,1.0,1.0,1.0,1.0,0.035714285714285726,0.8462868189023863,0.9999999634434116
probe_all,0.1,8.0,18.0,0.1,1.0,4.0,0.0,0.0,1,0.8571428571428571,0.75,1.0,1.0,1.0,1.0,0.035714285714285726,0.8746836238142368,0.9999999999997885
probe_all,0.1,8.0,18.0,0.25,1.0,2.5,0.0,0.0,1,0.8571428571428571,0.75,1.0,1.0,1.0,1.0,0.035714285714285726,0.8465455492018854,0.9999999732336131
probe_all,0.1,8.0,18.0,0.25,1.0,4.0,0.0,0.0,1,0.9285714285714286,1.0,1.0,1.0,1.0,1.0,-0.23214285714285715,0.8750191908557723,0.9999999999998702
probe_all,0.1,8.0,30.0,0.0,1.0,2.5,0.0,0.0,1,0.8571428571428571,0.75,1.0,1.0,1.0,1.0,0.035714285714285726,0.7880138516513226,0.9999999553675657
probe_all,0.1,8.0,30.0,0.0,1.0,4.0,0.0,0.0,1,0.8571428571428571,0.75,1.0,1.0,1.0,1.0,0.035714285714285726,0.7910130115250927,0.9999999999997109
probe_all,0.1,8.0,30.0,0.1,1.0,2.5,0.0,0.0,1,0.8571428571428571,0.75,1.0,1.0,1.0,1.0,0.035714285714285726,0.7880958983436539,0.9999999638861663
probe_all,0.1,8.0,30.0,0.1,1.0,4.0,0.0,0.0,1,0.8571428571428571,0.75,1.0,1.0,1.0,1.0,0.035714285714285726,0.7911105507329691,0.9999999999997938
probe_all,0.1,8.0,30.0,0.25,1.0,2.5,0.0,0.0,1,0.8571428571428571,0.75,1.0,1.0,1.0,1.0,0.035714285714285726,0.7882192399031349,0.9999999736190666
probe_all,0.1,8.0,30.0,0.25,1.0,4.0,0.0,0.0,1,0.8571428571428571,0.75,1.0,1.0,1.0,1.0,0.035714285714285726,0.7912572087729758,0.9999999999998744
probe_all,0.1,12.0,8.0,0.0,1.0,2.5,0.0,0.0,1,1.0,1.0,1.0,1.0,1.0,1.0,-0.25,0.9948324850414274,0.999999999986468
probe_all,0.1,12.0,8.0,0.0,1.0,4.0,0.0,0.0,1,1.0,1.0,1.0,1.0,1.0,1.0,-0.25,0.9994063574986863,1.0
probe_all,0.1,12.0,8.0,0.1,1.0,2.5,0.0,0.0,1,1.0,1.0,1.0,1.0,1.0,1.0,-0.25,0.9948497746222815,0.9999999999878143
probe_all,0.1,12.0,8.0,0.1,1.0,4.0,0.0,0.0,1,1.0,1.0,1.0,1.0,1.0,1.0,-0.25,0.9994090740043398,1.0
probe_all,0.1,12.0,8.0,0.25,1.0,2.5,0.0,0.0,1,1.0,1.0,1.0,1.0,1.0,1.0,-0.25,0.9948756023526957,0.9999999999895416
probe_all,0.1,12.0,8.0,0.25,1.0,4.0,0.0,0.0,1,1.0,1.0,1.0,1.0,1.0,1.0,-0.25,0.9994131255275653,1.0
probe_all,0.1,12.0,18.0,0.0,1.0,2.5,0.0,0.0,1,1.0,1.0,1.0,1.0,1.0,1.0,-0.25,0.9090734888509873,0.9999999999979373
probe_all,0.1,12.0,18.0,0.0,1.0,4.0,0.0,0.0,1,1.0,1.0,1.0,1.0,1.0,1.0,-0.25,0.9446522896453811,1.0
probe_all,0.1,12.0,18.0,0.1,1.0,2.5,0.0,0.0,1,1.0,1.0,1.0,1.0,1.0,1.0,-0.25,0.9092418727830256,0.9999999999983274
probe_all,0.1,12.0,18.0,0.1,1.0,4.0,0.0,0.0,1,1.0,1.0,1.0,1.0,1.0,1.0,-0.25,0.9448063868407134,1.0
probe_all,0.1,12.0,18.0,0.25,1.0,2.5,0.0,0.0,1,1.0,1.0,1.0,1.0,1.0,1.0,-0.25,0.9094941967973629,0.9999999999987735
probe_all,0.1,12.0,18.0,0.25,1.0,4.0,0.0,0.0,1,1.0,1.0,1.0,1.0,1.0,1.0,-0.25,0.9450369556410865,1.0
probe_all,0.1,12.0,30.0,0.0,1.0,2.5,0.0,0.0,1,0.8571428571428571,0.75,1.0,1.0,1.0,1.0,0.035714285714285726,0.8028943214006996,0.9999999999979733
probe_all,0.1,12.0,30.0,0.0,1.0,4.0,0.0,0.0,1,0.8571428571428571,0.75,1.0,1.0,1.0,1.0,0.035714285714285726,0.8088612461117033,1.0
probe_all,0.1,12.0,30.0,0.1,1.0,2.5,0.0,0.0,1,0.8571428571428571,0.75,1.0,1.0,1.0,1.0,0.035714285714285726,0.8030004496945322,0.9999999999983601
probe_all,0.1,12.0,30.0,0.1,1.0,4.0,0.0,0.0,1,0.8571428571428571,0.75,1.0,1.0,1.0,1.0,0.035714285714285726,0.8089892515162822,1.0
probe_all,0.1,12.0,30.0,0.25,1.0,2.5,0.0,0.0,1,0.8571428571428571,0.75,1.0,1.0,1.0,1.0,0.035714285714285726,0.8031599338200406,0.999999999998802
probe_all,0.1,12.0,30.0,0.25,1.0,4.0,0.0,0.0,1,0.8571428571428571,0.75,1.0,1.0,1.0,1.0,0.035714285714285726,0.8091816201117857,1.0
probe_all,0.1,20.0,8.0,0.0,1.0,2.5,0.0,0.0,1,1.0,1.0,1.0,1.0,1.0,1.0,-0.25,0.9999258453598878,1.0
probe_all,0.1,20.0,8.0,0.0,1.0,4.0,0.0,0.0,1,1.0,1.0,1.0,1.0,1.0,1.0,-0.25,0.9999980712004362,1.0
probe_all,0.1,20.0,8.0,0.1,1.0,2.5,0.0,0.0,1,1.0,1.0,1.0,1.0,1.0,1.0,-0.25,0.9999260985016801,1.0
probe_all,0.1,20.0,8.0,0.1,1.0,4.0,0.0,0.0,1,1.0,1.0,1.0,1.0,1.0,1.0,-0.25,0.999998080047451,1.0
probe_all,0.1,20.0,8.0,0.25,1.0,2.5,0.0,0.0,1,1.0,1.0,1.0,1.0,1.0,1.0,-0.25,0.9999264765954777,1.0
probe_all,0.1,20.0,8.0,0.25,1.0,4.0,0.0,0.0,1,1.0,1.0,1.0,1.0,1.0,1.0,-0.25,0.9999980932419456,1.0
probe_all,0.1,20.0,18.0,0.0,1.0,2.5,0.0,0.0,1,1.0,1.0,1.0,1.0,1.0,1.0,-0.25,0.9830227078547319,1.0
probe_all,0.1,20.0,18.0,0.0,1.0,4.0,0.0,0.0,1,1.0,1.0,1.0,1.0,1.0,1.0,-0.25,0.994476037238255,1.0
probe_all,0.1,20.0,18.0,0.1,1.0,2.5,0.0,0.0,1,1.0,1.0,1.0,1.0,1.0,1.0,-0.25,0.9830687234744595,1.0
probe_all,0.1,20.0,18.0,0.1,1.0,4.0,0.0,0.0,1,1.0,1.0,1.0,1.0,1.0,1.0,-0.25,0.9944953397253674,1.0
probe_all,0.1,20.0,18.0,0.25,1.0,2.5,0.0,0.0,1,1.0,1.0,1.0,1.0,1.0,1.0,-0.25,0.9831375300719709,1.0
probe_all,0.1,20.0,18.0,0.25,1.0,4.0,0.0,0.0,1,1.0,1.0,1.0,1.0,1.0,1.0,-0.25,0.994524169893788,1.0
probe_all,0.1,20.0,30.0,0.0,1.0,2.5,0.0,0.0,1,0.8571428571428571,0.75,1.0,1.0,1.0,1.0,0.035714285714285726,0.84384556043194,1.0
probe_all,0.1,20.0,30.0,0.0,1.0,4.0,0.0,0.0,1,0.8571428571428571,0.75,1.0,1.0,1.0,1.0,0.035714285714285726,0.8578166748471404,1.0
probe_all,0.1,20.0,30.0,0.1,1.0,2.5,0.0,0.0,1,0.8571428571428571,0.75,1.0,1.0,1.0,1.0,0.035714285714285726,0.8439946715570965,1.0
probe_all,0.1,20.0,30.0,0.1,1.0,4.0,0.0,0.0,1,0.8571428571428571,0.75,1.0,1.0,1.0,1.0,0.035714285714285726,0.8579909930965406,1.0
probe_all,0.1,20.0,30.0,0.25,1.0,2.5,0.0,0.0,1,0.8571428571428571,0.75,1.0,1.0,1.0,1.0,0.035714285714285726,0.8442185145300685,1.0
probe_all,0.1,20.0,30.0,0.25,1.0,4.0,0.0,0.0,1,0.8571428571428571,0.75,1.0,1.0,1.0,1.0,0.035714285714285726,0.8582525966956565,1.0
probe_all,0.1,32.0,8.0,0.0,1.0,2.5,0.0,0.0,1,1.0,1.0,1.0,1.0,1.0,1.0,-0.25,0.9999998763581498,1.0
probe_all,0.1,32.0,8.0,0.0,1.0,4.0,0.0,0.0,1,1.0,1.0,1.0,1.0,1.0,1.0,-0.25,0.9999999996440492,1.0
probe_all,0.1,32.0,8.0,0.1,1.0,2.5,0.0,0.0,1,1.0,1.0,1.0,1.0,1.0,1.0,-0.25,0.9999998767803506,1.0
probe_all,0.1,32.0,8.0,0.1,1.0,4.0,0.0,0.0,1,1.0,1.0,1.0,1.0,1.0,1.0,-0.25,0.999999999645682,1.0
probe_all,0.1,32.0,8.0,0.25,1.0,2.5,0.0,0.0,1,1.0,1.0,1.0,1.0,1.0,1.0,-0.25,0.9999998774109501,1.0
probe_all,0.1,32.0,8.0,0.25,1.0,4.0,0.0,0.0,1,1.0,1.0,1.0,1.0,1.0,1.0,-0.25,0.9999999996481169,1.0
probe_all,0.1,32.0,18.0,0.0,1.0,2.5,0.0,0.0,1,1.0,1.0,1.0,1.0,1.0,1.0,-0.25,0.9991738882602527,1.0
probe_all,0.1,32.0,18.0,0.0,1.0,4.0,0.0,0.0,1,1.0,1.0,1.0,1.0,1.0,1.0,-0.25,0.999873527519881,1.0
probe_all,0.1,32.0,18.0,0.1,1.0,2.5,0.0,0.0,1,1.0,1.0,1.0,1.0,1.0,1.0,-0.25,0.9991762821181529,1.0
probe_all,0.1,32.0,18.0,0.1,1.0,4.0,0.0,0.0,1,1.0,1.0,1.0,1.0,1.0,1.0,-0.25,0.9998739791771661,1.0
probe_all,0.1,32.0,18.0,0.25,1.0,2.5,0.0,0.0,1,1.0,1.0,1.0,1.0,1.0,1.0,-0.25,0.9991798599476132,1.0
probe_all,0.1,32.0,18.0,0.25,1.0,4.0,0.0,0.0,1,1.0,1.0,1.0,1.0,1.0,1.0,-0.25,0.9998746536421221,1.0
probe_all,0.1,32.0,30.0,0.0,1.0,2.5,0.0,0.0,1,0.9285714285714286,1.0,1.0,1.0,1.0,1.0,-0.23214285714285715,0.9170568305627761,1.0
probe_all,0.1,32.0,30.0,0.0,1.0,4.0,0.0,0.0,1,0.9285714285714286,1.0,1.0,1.0,1.0,1.0,-0.23214285714285715,0.9363872587554868,1.0
probe_all,0.1,32.0,30.0,0.1,1.0,2.5,0.0,0.0,1,0.9285714285714286,1.0,1.0,1.0,1.0,1.0,-0.23214285714285715,0.9171977151371209,1.0
probe_all,0.1,32.0,30.0,0.1,1.0,4.0,0.0,0.0,1,0.9285714285714286,1.0,1.0,1.0,1.0,1.0,-0.23214285714285715,0.9365219628373977,1.0
probe_all,0.1,32.0,30.0,0.25,1.0,2.5,0.0,0.0,1,0.9285714285714286,1.0,1.0,1.0,1.0,1.0,-0.23214285714285715,0.9174088152312212,1.0
probe_all,0.1,32.0,30.0,0.25,1.0,4.0,0.0,0.0,1,0.9285714285714286,1.0,1.0,1.0,1.0,1.0,-0.23214285714285715,0.9367236658431602,1.0
probe_all,0.18,4.0,8.0,0.0,1.0,2.5,0.0,0.0,1,0.6428571428571429,0.75,1.0,1.0,1.0,1.0,0.08928571428571427,0.7405862566151676,0.9983634532968791
probe_all,0.18,4.0,8.0,0.0,1.0,4.0,0.0,0.0,1,0.6428571428571429,0.75,1.0,1.0,1.0,1.0,0.08928571428571427,0.799975862537826,0.9999856073251762
probe_all,0.18,4.0,8.0,0.1,1.0,2.5,0.0,0.0,1,0.6428571428571429,0.75,1.0,1.0,1.0,1.0,0.08928571428571427,0.7424298364275552,0.9986119410794968
probe_all,0.18,4.0,8.0,0.1,1.0,4.0,0.0,0.0,1,0.6428571428571429,0.75,1.0,1.0,1.0,1.0,0.08928571428571427,0.8008042355865413,0.9999877975984418
probe_all,0.18,4.0,8.0,0.25,1.0,2.5,0.0,0.0,1,0.6428571428571429,0.75,1.0,1.0,1.0,1.0,0.08928571428571427,0.7451123833127794,0.9989060699519484
probe_all,0.18,4.0,8.0,0.25,1.0,4.0,0.0,0.0,1,0.6428571428571429,0.75,1.0,1.0,1.0,1.0,0.08928571428571427,0.8019924634304157,0.999990348585219
probe_all,0.18,4.0,18.0,0.0,1.0,2.5,0.0,0.0,1,0.6428571428571429,0.75,1.0,1.0,1.0,1.0,0.08928571428571427,0.7315268071263831,0.9989919888128947
probe_all,0.18,4.0,18.0,0.0,1.0,4.0,0.0,0.0,1,0.6428571428571429,0.75,1.0,1.0,1.0,1.0,0.08928571428571427,0.7668441436157832,0.9999972774349833
probe_all,0.18,4.0,18.0,0.1,1.0,2.5,0.0,0.0,1,0.6428571428571429,0.75,1.0,1.0,1.0,1.0,0.08928571428571427,0.7328875258460934,0.9991814750156681
probe_all,0.18,4.0,18.0,0.1,1.0,4.0,0.0,0.0,1,0.6428571428571429,0.75,1.0,1.0,1.0,1.0,0.08928571428571427,0.7672398744143338,0.9999980342442433
probe_all,0.18,4.0,18.0,0.25,1.0,2.5,0.0,0.0,1,0.6428571428571429,0.75,1.0,1.0,1.0,1.0,0.08928571428571427,0.7348577683094532,0.999398504154566
probe_all,0.18,4.0,18.0,0.25,1.0,4.0,0.0,0.0,1,0.6428571428571429,0.75,1.0,1.0,1.0,1.0,0.08928571428571427,0.7678019459519925,0.999998777462095
probe_all,0.18,4.0,30.0,0.0,1.0,2.5,0.0,0.0,1,0.6428571428571429,0.75,1.0,1.0,1.0,1.0,0.08928571428571427,0.7436976723891217,0.9990160292452317
probe_all,0.18,4.0,30.0,0.0,1.0,4.0,0.0,0.0,1,0.6428571428571429,0.75,1.0,1.0,1.0,1.0,0.08928571428571427,0.766585952621639,0.9999974220979372
probe_all,0.18,4.0,30.0,0.1,1.0,2.5,0.0,0.0,1,0.6428571428571429,0.75,1.0,1.0,1.0,1.0,0.08928571428571427,0.7446467695194898,0.9992034594006033
probe_all,0.18,4.0,30.0,0.1,1.0,4.0,0.0,0.0,1,0.6428571428571429,0.75,1.0,1.0,1.0,1.0,0.08928571428571427,0.7667723090988826,0.9999981597633744
probe_all,0.18,4.0,30.0,0.25,1.0,2.5,0.0,0.0,1,0.6428571428571429,0.75,1.0,1.0,1.0,1.0,0.08928571428571427,0.7460093794347383,0.9994177380220272
probe_all,0.18,4.0,30.0,0.25,1.0,4.0,0.0,0.0,1,0.6428571428571429,0.75,1.0,1.0,1.0,1.0,0.08928571428571427,0.7670372233505989,0.9999988790083054
probe_all,0.18,8.0,8.0,0.0,1.0,2.5,0.0,0.0,1,0.8571428571428571,0.75,1.0,1.0,1.0,1.0,0.035714285714285726,0.8621903889093409,0.9999995134635257
probe_all,0.18,8.0,8.0,0.0,1.0,4.0,0.0,0.0,1,1.0,1.0,1.0,1.0,1.0,1.0,-0.25,0.8992949247562531,0.9999999997993729
probe_all,0.18,8.0,8.0,0.1,1.0,2.5,0.0,0.0,1,0.8571428571428571,0.75,1.0,1.0,1.0,1.0,0.035714285714285726,0.8624326937653868,0.999999556697059
probe_all,0.18,8.0,8.0,0.1,1.0,4.0,0.0,0.0,1,1.0,1.0,1.0,1.0,1.0,1.0,-0.25,0.8995218889857446,0.999999999822187
probe_all,0.18,8.0,8.0,0.25,1.0,2.5,0.0,0.0,1,0.8571428571428571,0.75,1.0,1.0,1.0,1.0,0.035714285714285726,0.8627925599625643,0.9999996132618648
probe_all,0.18,8.0,8.0,0.25,1.0,4.0,0.0,0.0,1,1.0,1.0,1.0,1.0,1.0,1.0,-0.25,0.8998617714931658,0.9999999998516126
probe_all,0.18,8.0,18.0,0.0,1.0,2.5,0.0,0.0,1,0.6428571428571429,0.75,1.0,1.0,1.0,1.0,0.08928571428571427,0.7780418885079892,0.9999999519772255
probe_all,0.18,8.0,18.0,0.0,1.0,4.0,0.0,0.0,1,0.6428571428571429,0.75,1.0,1.0,1.0,1.0,0.08928571428571427,0.7795510963292184,0.9999999999996408
probe_all,0.18,8.0,18.0,0.1,1.0,2.5,0.0,0.0,1,0.6428571428571429,0.75,1.0,1.0,1.0,1.0,0.08928571428571427,0.7781271405011413,0.9999999607853978
probe_all,0.18,8.0,18.0,0.1,1.0,4.0,0.0,0.0,1,0.6428571428571429,0.75,1.0,1.0,1.0,1.0,0.08928571428571427,0.7796200047500739,0.999999999999733
probe_all,0.18,8.0,18.0,0.25,1.0,2.5,0.0,0.0,1,0.6428571428571429,0.75,1.0,1.0,1.0,1.0,0.08928571428571427,0.7782536561549428,0.9999999709060031
probe_all,0.18,8.0,18.0,0.25,1.0,4.0,0.0,0.0,1,0.6428571428571429,0.75,1.0,1.0,1.0,1.0,0.08928571428571427,0.7797235614227254,0.9999999999998251
probe_all,0.18,8.0,30.0,0.0,1.0,2.5,0.0,0.0,1,0.6428571428571429,0.75,1.0,1.0,1.0,1.0,0.08928571428571427,0.7696618824733228,0.999999955167293
probe_all,0.18,8.0,30.0,0.0,1.0,4.0,0.0,0.0,1,0.6428571428571429,0.75,1.0,1.0,1.0,1.0,0.08928571428571427,0.769876292190111,0.9999999999997086
probe_all,0.18,8.0,30.0,0.1,1.0,2.5,0.0,0.0,1,0.6428571428571429,0.75,1.0,1.0,1.0,1.0,0.08928571428571427,0.7697113359239115,0.9999999637026171
probe_all,0.18,8.0,30.0,0.1,1.0,4.0,0.0,0.0,1,0.6428571428571429,0.75,1.0,1.0,1.0,1.0,0.08928571428571427,0.7699185707793861,0.9999999999997916
probe_all,0.18,8.0,30.0,0.25,1.0,2.5,0.0,0.0,1,0.6428571428571429,0.75,1.0,1.0,1.0,1.0,0.08928571428571427,0.7697851152500627,0.9999999734580124
probe_all,0.18,8.0,30.0,0.25,1.0,4.0,0.0,0.0,1,0.6428571428571429,0.75,1.0,1.0,1.0,1.0,0.08928571428571427,0.7699821313929752,0.9999999999998729
probe_all,0.18,12.0,8.0,0.0,1.0,2.5,0.0,0.0,1,1.0,1.0,1.0,1.0,1.0,1.0,-0.25,0.9325874206120923,0.9999999996318626
probe_all,0.18,12.0,8.0,0.0,1.0,4.0,0.0,0.0,1,1.0,1.0,1.0,1.0,1.0,1.0,-0.25,0.9664310453491447,0.9999999999999963
probe_all,0.18,12.0,8.0,0.1,1.0,2.5,0.0,0.0,1,1.0,1.0,1.0,1.0,1.0,1.0,-0.25,0.9327355583472958,0.9999999996597998
probe_all,0.18,12.0,8.0,0.1,1.0,4.0,0.0,0.0,1,1.0,1.0,1.0,1.0,1.0,1.0,-0.25,0.9665393224088823,0.9999999999999968
probe_all,0.18,12.0,8.0,0.25,1.0,2.5,0.0,0.0,1,1.0,1.0,1.0,1.0,1.0,1.0,-0.25,0.9329573054777769,0.9999999996977099
probe_all,0.18,12.0,8.0,0.25,1.0,4.0,0.0,0.0,1,1.0,1.0,1.0,1.0,1.0,1.0,-0.25,0.9667011833521879,0.9999999999999972
probe_all,0.18,12.0,18.0,0.0,1.0,2.5,0.0,0.0,1,0.6428571428571429,0.75,1.0,1.0,1.0,1.0,0.08928571428571427,0.7853640651960099,0.9999999999976303
probe_all,0.18,12.0,18.0,0.0,1.0,4.0,0.0,0.0,1,0.6428571428571429,0.75,1.0,1.0,1.0,1.0,0.08928571428571427,0.7869915805359297,1.0
probe_all,0.18,12.0,18.0,0.1,1.0,2.5,0.0,0.0,1,0.6428571428571429,0.75,1.0,1.0,1.0,1.0,0.08928571428571427,0.7854382398741057,0.999999999998046
probe_all,0.18,12.0,18.0,0.1,1.0,4.0,0.0,0.0,1,0.6428571428571429,0.75,1.0,1.0,1.0,1.0,0.08928571428571427,0.7870741292582931,1.0
probe_all,0.18,12.0,18.0,0.25,1.0,2.5,0.0,0.0,1,0.6428571428571429,0.75,1.0,1.0,1.0,1.0,0.08928571428571427,0.7855497222284126,0.999999999998527
probe_all,0.18,12.0,18.0,0.25,1.0,4.0,0.0,0.0,1,0.6428571428571429,0.75,1.0,1.0,1.0,1.0,0.08928571428571427,0.7871982374144105,1.0
probe_all,0.18,12.0,30.0,0.0,1.0,2.5,0.0,0.0,1,0.6428571428571429,0.75,1.0,1.0,1.0,1.0,0.08928571428571427,0.770528507161261,0.999999999997959
probe_all,0.18,12.0,30.0,0.0,1.0,4.0,0.0,0.0,1,0.6428571428571429,0.75,1.0,1.0,1.0,1.0,0.08928571428571427,0.7705474524310846,1.0
probe_all,0.18,12.0,30.0,0.1,1.0,2.5,0.0,0.0,1,0.6428571428571429,0.75,1.0,1.0,1.0,1.0,0.08928571428571427,0.770571443864365,0.999999999998347
probe_all,0.18,12.0,30.0,0.1,1.0,4.0,0.0,0.0,1,0.6428571428571429,0.75,1.0,1.0,1.0,1.0,0.08928571428571427,0.7705909219299003,1.0
probe_all,0.18,12.0,30.0,0.25,1.0,2.5,0.0,0.0,1,0.6428571428571429,0.75,1.0,1.0,1.0,1.0,0.08928571428571427,0.7706359976768682,0.9999999999987904
probe_all,0.18,12.0,30.0,0.25,1.0,4.0,0.0,0.0,1,0.6428571428571429,0.75,1.0,1.0,1.0,1.0,0.08928571428571427,0.7706562831331575,1.0
probe_all,0.18,20.0,8.0,0.0,1.0,2.5,0.0,0.0,1,1.0,1.0,1.0,1.0,1.0,1.0,-0.25,0.9915237132508721,0.9999999999999997
probe_all,0.18,20.0,8.0,0.0,1.0,4.0,0.0,0.0,1,1.0,1.0,1.0,1.0,1.0,1.0,-0.25,0.9979629297203446,1.0
probe_all,0.18,20.0,8.0,0.1,1.0,2.5,0.0,0.0,1,1.0,1.0,1.0,1.0,1.0,1.0,-0.25,0.9915481410512812,0.9999999999999997
probe_all,0.18,20.0,8.0,0.1,1.0,4.0,0.0,0.0,1,1.0,1.0,1.0,1.0,1.0,1.0,-0.25,0.997970453373788,1.0
probe_all,0.18,20.0,8.0,0.25,1.0,2.5,0.0,0.0,1,1.0,1.0,1.0,1.0,1.0,1.0,-0.25,0.991584655385455,0.9999999999999997
probe_all,0.18,20.0,8.0,0.25,1.0,4.0,0.0,0.0,1,1.0,1.0,1.0,1.0,1.0,1.0,-0.25,0.997981687208044,1.0
probe_all,0.18,20.0,18.0,0.0,1.0,2.5,0.0,0.0,1,0.8571428571428571,0.75,1.0,1.0,1.0,1.0,0.035714285714285726,0.8025836599324121,1.0
probe_all,0.18,20.0,18.0,0.0,1.0,4.0,0.0,0.0,1,0.8571428571428571,0.75,1.0,1.0,1.0,1.0,0.035714285714285726,0.8063813471227074,1.0
probe_all,0.18,20.0,18.0,0.1,1.0,2.5,0.0,0.0,1,0.8571428571428571,0.75,1.0,1.0,1.0,1.0,0.035714285714285726,0.8026846406672216,1.0
probe_all,0.18,20.0,18.0,0.1,1.0,4.0,0.0,0.0,1,0.8571428571428571,0.75,1.0,1.0,1.0,1.0,0.035714285714285726,0.8064956873497557,1.0
probe_all,0.18,20.0,18.0,0.25,1.0,2.5,0.0,0.0,1,0.8571428571428571,0.75,1.0,1.0,1.0,1.0,0.035714285714285726,0.8028363781475315,1.0
probe_all,0.18,20.0,18.0,0.25,1.0,4.0,0.0,0.0,1,0.8571428571428571,0.75,1.0,1.0,1.0,1.0,0.035714285714285726,0.8066675053331412,1.0
probe_all,0.18,20.0,30.0,0.0,1.0,2.5,0.0,0.0,1,0.6428571428571429,0.75,1.0,1.0,1.0,1.0,0.08928571428571427,0.7719109963031411,1.0
probe_all,0.18,20.0,30.0,0.0,1.0,4.0,0.0,0.0,1,0.6428571428571429,0.75,1.0,1.0,1.0,1.0,0.08928571428571427,0.7719479498704636,1.0
probe_all,0.18,20.0,30.0,0.1,1.0,2.5,0.0,0.0,1,0.6428571428571429,0.75,1.0,1.0,1.0,1.0,0.08928571428571427,0.7719564827664517,1.0
probe_all,0.18,20.0,30.0,0.1,1.0,4.0,0.0,0.0,1,0.6428571428571429,0.75,1.0,1.0,1.0,1.0,0.08928571428571427,0.7719940981344761,1.0
probe_all,0.18,20.0,30.0,0.25,1.0,2.5,0.0,0.0,1,0.6428571428571429,0.75,1.0,1.0,1.0,1.0,0.08928571428571427,0.7720248724734298,1.0
probe_all,0.18,20.0,30.0,0.25,1.0,4.0,0.0,0.0,1,0.6428571428571429,0.75,1.0,1.0,1.0,1.0,0.08928571428571427,0.7720634849225643,1.0
probe_all,0.18,32.0,8.0,0.0,1.0,2.5,0.0,0.0,1,1.0,1.0,1.0,1.0,1.0,1.0,-0.25,0.9997428656869652,1.0
probe_all,0.18,32.0,8.0,0.0,1.0,4.0,0.0,0.0,1,1.0,1.0,1.0,1.0,1.0,1.0,-0.25,0.9999749664879105,1.0
probe_all,0.18,32.0,8.0,0.1,1.0,2.5,0.0,0.0,1,1.0,1.0,1.0,1.0,1.0,1.0,-0.25,0.9997436318490895,1.0
probe_all,0.18,32.0,8.0,0.1,1.0,4.0,0.0,0.0,1,1.0,1.0,1.0,1.0,1.0,1.0,-0.25,0.9999750596933575,1.0
probe_all,0.18,32.0,8.0,0.25,1.0,2.5,0.0,0.0,1,1.0,1.0,1.0,1.0,1.0,1.0,-0.25,0.9997447768183918,1.0
probe_all,0.18,32.0,8.0,0.25,1.0,4.0,0.0,0.0,1,1.0,1.0,1.0,1.0,1.0,1.0,-0.25,0.9999751988513247,1.0
probe_all,0.18,32.0,18.0,0.0,1.0,2.5,0.0,0.0,1,0.8571428571428571,0.75,1.0,1.0,1.0,1.0,0.035714285714285726,0.8384243037618168,1.0
probe_all,0.18,32.0,18.0,0.0,1.0,4.0,0.0,0.0,1,0.8571428571428571,0.75,1.0,1.0,1.0,1.0,0.035714285714285726,0.8468402169805452,1.0
probe_all,0.18,32.0,18.0,0.1,1.0,2.5,0.0,0.0,1,0.8571428571428571,0.75,1.0,1.0,1.0,1.0,0.035714285714285726,0.8385632352424507,1.0
probe_all,0.18,32.0,18.0,0.1,1.0,4.0,0.0,0.0,1,0.8571428571428571,0.75,1.0,1.0,1.0,1.0,0.035714285714285726,0.8469955031899494,1.0
probe_all,0.18,32.0,18.0,0.25,1.0,2.5,0.0,0.0,1,0.8571428571428571,0.75,1.0,1.0,1.0,1.0,0.035714285714285726,0.838771816964493,1.0
probe_all,0.18,32.0,18.0,0.25,1.0,4.0,0.0,0.0,1,0.8571428571428571,0.75,1.0,1.0,1.0,1.0,0.035714285714285726,0.8472286030981624,1.0
probe_all,0.18,32.0,30.0,0.0,1.0,2.5,0.0,0.0,1,0.6428571428571429,0.75,1.0,1.0,1.0,1.0,0.08928571428571427,0.7741399997512608,1.0
probe_all,0.18,32.0,30.0,0.0,1.0,4.0,0.0,0.0,1,0.6428571428571429,0.75,1.0,1.0,1.0,1.0,0.08928571428571427,0.7742106126089082,1.0
probe_all,0.18,32.0,30.0,0.1,1.0,2.5,0.0,0.0,1,0.6428571428571429,0.75,1.0,1.0,1.0,1.0,0.08928571428571427,0.7741896227994504,1.0
probe_all,0.18,32.0,30.0,0.1,1.0,4.0,0.0,0.0,1,0.6428571428571429,0.75,1.0,1.0,1.0,1.0,0.08928571428571427,0.7742610122763615,1.0
probe_all,0.18,32.0,30.0,0.25,1.0,2.5,0.0,0.0,1,0.6428571428571429,0.75,1.0,1.0,1.0,1.0,0.08928571428571427,0.7742642281464656,1.0
probe_all,0.18,32.0,30.0,0.25,1.0,4.0,0.0,0.0,1,0.6428571428571429,0.75,1.0,1.0,1.0,1.0,0.08928571428571427,0.7743367873566086,1.0
probe_all,0.26,4.0,8.0,0.0,1.0,2.5,0.0,0.0,1,0.5714285714285714,0.5,1.0,1.0,1.0,1.0,0.35714285714285715,0.6354456169473184,0.9963943517599078
probe_all,0.26,4.0,8.0,0.0,1.0,4.0,0.0,0.0,1,0.6428571428571429,0.75,1.0,1.0,1.0,1.0,0.08928571428571427,0.6914548523716719,0.9998463610378275
probe_all,0.26,4.0,8.0,0.1,1.0,2.5,0.0,0.0,1,0.5714285714285714,0.5,1.0,1.0,1.0,1.0,0.35714285714285715,0.6376265696521484,0.9967865834327566
probe_all,0.26,4.0,8.0,0.1,1.0,4.0,0.0,0.0,1,0.6428571428571429,0.75,1.0,1.0,1.0,1.0,0.08928571428571427,0.6940095205715271,0.9998628004701479
probe_all,0.26,4.0,8.0,0.25,1.0,2.5,0.0,0.0,1,0.5714285714285714,0.5,1.0,1.0,1.0,1.0,0.35714285714285715,0.6408669851195395,0.9972755259784161
probe_all,0.26,4.0,8.0,0.25,1.0,4.0,0.0,0.0,1,0.6428571428571429,0.75,1.0,1.0,1.0,1.0,0.08928571428571427,0.6977883135356191,0.9998840055482415
probe_all,0.26,4.0,18.0,0.0,1.0,2.5,0.0,0.0,1,0.5714285714285714,0.5,1.0,1.0,1.0,1.0,0.35714285714285715,0.5709529590792467,0.9987695533985846
probe_all,0.26,4.0,18.0,0.0,1.0,4.0,0.0,0.0,1,0.5714285714285714,0.5,1.0,1.0,1.0,1.0,0.35714285714285715,0.5872450243419816,0.9999935745919689
probe_all,0.26,4.0,18.0,0.1,1.0,2.5,0.0,0.0,1,0.5714285714285714,0.5,1.0,1.0,1.0,1.0,0.35714285714285715,0.5721736139764404,0.9989762343780176
probe_all,0.26,4.0,18.0,0.1,1.0,4.0,0.0,0.0,1,0.5714285714285714,0.5,1.0,1.0,1.0,1.0,0.35714285714285715,0.5889958473272262,0.9999947667967043
probe_all,0.26,4.0,18.0,0.25,1.0,2.5,0.0,0.0,1,0.5714285714285714,0.5,1.0,1.0,1.0,1.0,0.35714285714285715,0.5740241687019059,0.9992165717358099
probe_all,0.26,4.0,18.0,0.25,1.0,4.0,0.0,0.0,1,0.5714285714285714,0.5,1.0,1.0,1.0,1.0,0.35714285714285715,0.5916713663041865,0.9999960685843489
probe_all,0.26,4.0,30.0,0.0,1.0,2.5,0.0,0.0,1,0.5714285714285714,0.5,1.0,1.0,1.0,1.0,0.35714285714285715,0.5470411581346879,0.9989820985257426
probe_all,0.26,4.0,30.0,0.0,1.0,4.0,0.0,0.0,1,0.5714285714285714,0.5,1.0,1.0,1.0,1.0,0.35714285714285715,0.55011621438274,0.9999971872967018
probe_all,0.26,4.0,30.0,0.1,1.0,2.5,0.0,0.0,1,0.5714285714285714,0.5,1.0,1.0,1.0,1.0,0.35714285714285715,0.5477438969607968,0.9991722440421186
probe_all,0.26,4.0,30.0,0.1,1.0,4.0,0.0,0.0,1,0.5714285714285714,0.5,1.0,1.0,1.0,1.0,0.35714285714285715,0.550924868360278,0.9999979544095834
probe_all,0.26,4.0,30.0,0.25,1.0,2.5,0.0,0.0,1,0.5714285714285714,0.5,1.0,1.0,1.0,1.0,0.35714285714285715,0.5488066797211206,0.9993901938654332
probe_all,0.26,4.0,30.0,0.25,1.0,4.0,0.0,0.0,1,0.5714285714285714,0.5,1.0,1.0,1.0,1.0,0.35714285714285715,0.5521679489879816,0.9999987110397441
probe_all,0.26,8.0,8.0,0.0,1.0,2.5,0.0,0.0,1,0.6428571428571429,0.75,1.0,1.0,1.0,1.0,0.08928571428571427,0.7755639829612595,0.9999904225366026
probe_all,0.26,8.0,8.0,0.0,1.0,4.0,0.0,0.0,1,0.6428571428571429,0.75,1.0,1.0,1.0,1.0,0.08928571428571427,0.8072097603458748,0.99999996095673
probe_all,0.26,8.0,8.0,0.1,1.0,2.5,0.0,0.0,1,0.6428571428571429,0.75,1.0,1.0,1.0,1.0,0.08928571428571427,0.776454992057788,0.9999910929964481
probe_all,0.26,8.0,8.0,0.1,1.0,4.0,0.0,0.0,1,0.6428571428571429,0.75,1.0,1.0,1.0,1.0,0.08928571428571427,0.8075916177311913,0.9999999649273708
probe_all,0.26,8.0,8.0,0.25,1.0,2.5,0.0,0.0,1,0.6428571428571429,0.75,1.0,1.0,1.0,1.0,0.08928571428571427,0.7777572701181993,0.999992009777379
probe_all,0.26,8.0,8.0,0.25,1.0,4.0,0.0,0.0,1,0.6428571428571429,0.75,1.0,1.0,1.0,1.0,0.08928571428571427,0.8081475527919142,0.9999999701391017
probe_all,0.26,8.0,18.0,0.0,1.0,2.5,0.0,0.0,1,0.6428571428571429,0.75,1.0,1.0,1.0,1.0,0.08928571428571427,0.6459076315248347,0.9999998284197532
probe_all,0.26,8.0,18.0,0.0,1.0,4.0,0.0,0.0,1,0.6428571428571429,0.75,1.0,1.0,1.0,1.0,0.08928571428571427,0.6886221106054345,0.9999999999733694
probe_all,0.26,8.0,18.0,0.1,1.0,2.5,0.0,0.0,1,0.6428571428571429,0.75,1.0,1.0,1.0,1.0,0.08928571428571427,0.6476421935493268,0.9999998467513648
probe_all,0.26,8.0,18.0,0.1,1.0,4.0,0.0,0.0,1,0.6428571428571429,0.75,1.0,1.0,1.0,1.0,0.08928571428571427,0.6905483846569237,0.9999999999765407
probe_all,0.26,8.0,18.0,0.25,1.0,2.5,0.0,0.0,1,0.6428571428571429,0.75,1.0,1.0,1.0,1.0,0.08928571428571427,0.65024264251806,0.9999998697945309
probe_all,0.26,8.0,18.0,0.25,1.0,4.0,0.0,0.0,1,0.6428571428571429,0.75,1.0,1.0,1.0,1.0,0.08928571428571427,0.6933945276988144,0.9999999999805884
probe_all,0.26,8.0,30.0,0.0,1.0,2.5,0.0,0.0,1,0.5714285714285714,0.5,1.0,1.0,1.0,1.0,0.35714285714285715,0.5683064121630043,0.9999999497097699
probe_all,0.26,8.0,30.0,0.0,1.0,4.0,0.0,0.0,1,0.5714285714285714,0.5,1.0,1.0,1.0,1.0,0.35714285714285715,0.5770724186555599,0.9999999999995516
probe_all,0.26,8.0,30.0,0.1,1.0,2.5,0.0,0.0,1,0.5714285714285714,0.5,1.0,1.0,1.0,1.0,0.35714285714285715,0.5692956362909323,0.9999999586893109
probe_all,0.26,8.0,30.0,0.1,1.0,4.0,0.0,0.0,1,0.5714285714285714,0.5,1.0,1.0,1.0,1.0,0.35714285714285715,0.5783597055887341,0.9999999999996545
probe_all,0.26,8.0,30.0,0.25,1.0,2.5,0.0,0.0,1,0.5714285714285714,0.5,1.0,1.0,1.0,1.0,0.35714285714285715,0.5708049909753515,0.9999999690440716
probe_all,0.26,8.0,30.0,0.25,1.0,4.0,0.0,0.0,1,0.5714285714285714,0.5,1.0,1.0,1.0,1.0,0.35714285714285715,0.5803249187795674,0.999999999999761
probe_all,0.26,12.0,8.0,0.0,1.0,2.5,0.0,0.0,1,0.8571428571428571,0.75,1.0,1.0,1.0,1.0,0.035714285714285726,0.8320822380708309,0.9999999604722928
probe_all,0.26,12.0,8.0,0.0,1.0,4.0,0.0,0.0,1,0.8571428571428571,0.75,1.0,1.0,1.0,1.0,0.035714285714285726,0.852240213814816,0.9999999999896602
probe_all,0.26,12.0,8.0,0.1,1.0,2.5,0.0,0.0,1,0.8571428571428571,0.75,1.0,1.0,1.0,1.0,0.035714285714285726,0.8323230793986791,0.9999999631931978
probe_all,0.26,12.0,8.0,0.1,1.0,4.0,0.0,0.0,1,0.8571428571428571,0.75,1.0,1.0,1.0,1.0,0.035714285714285726,0.8524386266807471,0.9999999999907114
probe_all,0.26,12.0,8.0,0.25,1.0,2.5,0.0,0.0,1,0.8571428571428571,0.75,1.0,1.0,1.0,1.0,0.035714285714285726,0.8326795609311074,0.9999999669272714
probe_all,0.26,12.0,8.0,0.25,1.0,4.0,0.0,0.0,1,0.8571428571428571,0.75,1.0,1.0,1.0,1.0,0.035714285714285726,0.8527356946426297,0.9999999999920917
probe_all,0.26,12.0,18.0,0.0,1.0,2.5,0.0,0.0,1,0.6428571428571429,0.75,1.0,1.0,1.0,1.0,0.08928571428571427,0.7202517828228986,0.9999999999365502
probe_all,0.26,12.0,18.0,0.0,1.0,4.0,0.0,0.0,1,0.6428571428571429,0.75,1.0,1.0,1.0,1.0,0.08928571428571427,0.751437789961855,0.9999999999999999
probe_all,0.26,12.0,18.0,0.1,1.0,2.5,0.0,0.0,1,0.6428571428571429,0.75,1.0,1.0,1.0,1.0,0.08928571428571427,0.7213942809845898,0.9999999999416634
probe_all,0.26,12.0,18.0,0.1,1.0,4.0,0.0,0.0,1,0.6428571428571429,0.75,1.0,1.0,1.0,1.0,0.08928571428571427,0.7521164329007853,0.9999999999999999
probe_all,0.26,12.0,18.0,0.25,1.0,2.5,0.0,0.0,1,0.6428571428571429,0.75,1.0,1.0,1.0,1.0,0.08928571428571427,0.7230752280864728,0.9999999999485213
probe_all,0.26,12.0,18.0,0.25,1.0,4.0,0.0,0.0,1,0.6428571428571429,0.75,1.0,1.0,1.0,1.0,0.08928571428571427,0.7531008823982966,0.9999999999999999
probe_all,0.26,12.0,30.0,0.0,1.0,2.5,0.0,0.0,1,0.5714285714285714,0.5,1.0,1.0,1.0,1.0,0.35714285714285715,0.5987326429550823,0.9999999999972692
probe_all,0.26,12.0,30.0,0.0,1.0,4.0,0.0,0.0,1,0.5714285714285714,0.5,1.0,1.0,1.0,1.0,0.35714285714285715,0.6167248509125032,1.0
probe_all,0.26,12.0,30.0,0.1,1.0,2.5,0.0,0.0,1,0.5714285714285714,0.5,1.0,1.0,1.0,1.0,0.35714285714285715,0.6000680800155634,0.9999999999977134
probe_all,0.26,12.0,30.0,0.1,1.0,4.0,0.0,0.0,1,0.5714285714285714,0.5,1.0,1.0,1.0,1.0,0.35714285714285715,0.618419129365966,1.0
probe_all,0.26,12.0,30.0,0.25,1.0,2.5,0.0,0.0,1,0.5714285714285714,0.5,1.0,1.0,1.0,1.0,0.35714285714285715,0.6020915805319975,0.999999999998233
probe_all,0.26,12.0,30.0,0.25,1.0,4.0,0.0,0.0,1,0.5714285714285714,0.5,1.0,1.0,1.0,1.0,0.35714285714285715,0.6209780298972207,1.0
probe_all,0.26,20.0,8.0,0.0,1.0,2.5,0.0,0.0,1,1.0,1.0,1.0,1.0,1.0,1.0,-0.25,0.9103234009117507,0.9999999999993063
probe_all,0.26,20.0,8.0,0.0,1.0,4.0,0.0,0.0,1,1.0,1.0,1.0,1.0,1.0,1.0,-0.25,0.936716645547464,1.0
probe_all,0.26,20.0,8.0,0.1,1.0,2.5,0.0,0.0,1,1.0,1.0,1.0,1.0,1.0,1.0,-0.25,0.9104783376297474,0.999999999999354
probe_all,0.26,20.0,8.0,0.1,1.0,4.0,0.0,0.0,1,1.0,1.0,1.0,1.0,1.0,1.0,-0.25,0.9368639694970887,1.0
probe_all,0.26,20.0,8.0,0.25,1.0,2.5,0.0,0.0,1,1.0,1.0,1.0,1.0,1.0,1.0,-0.25,0.9107104765020906,0.9999999999994196
probe_all,0.26,20.0,8.0,0.25,1.0,4.0,0.0,0.0,1,1.0,1.0,1.0,1.0,1.0,1.0,-0.25,0.93708452813248,1.0
probe_all,0.26,20.0,18.0,0.0,1.0,2.5,0.0,0.0,1,0.6428571428571429,0.75,1.0,1.0,1.0,1.0,0.08928571428571427,0.7697145425652333,1.0
probe_all,0.26,20.0,18.0,0.0,1.0,4.0,0.0,0.0,1,0.6428571428571429,0.75,1.0,1.0,1.0,1.0,0.08928571428571427,0.7734130605699201,1.0
probe_all,0.26,20.0,18.0,0.1,1.0,2.5,0.0,0.0,1,0.6428571428571429,0.75,1.0,1.0,1.0,1.0,0.08928571428571427,0.7698776098763618,1.0
probe_all,0.26,20.0,18.0,0.1,1.0,4.0,0.0,0.0,1,0.6428571428571429,0.75,1.0,1.0,1.0,1.0,0.08928571428571427,0.7734884281535573,1.0
probe_all,0.26,20.0,18.0,0.25,1.0,2.5,0.0,0.0,1,0.6428571428571429,0.75,1.0,1.0,1.0,1.0,0.08928571428571427,0.7701169235840339,1.0
probe_all,0.26,20.0,18.0,0.25,1.0,4.0,0.0,0.0,1,0.6428571428571429,0.75,1.0,1.0,1.0,1.0,0.08928571428571427,0.7736001333103049,1.0
probe_all,0.26,20.0,30.0,0.0,1.0,2.5,0.0,0.0,1,0.6428571428571429,0.75,1.0,1.0,1.0,1.0,0.08928571428571427,0.676241165224018,1.0
probe_all,0.26,20.0,30.0,0.0,1.0,4.0,0.0,0.0,1,0.6428571428571429,0.75,1.0,1.0,1.0,1.0,0.08928571428571427,0.7045165814898051,1.0
probe_all,0.26,20.0,30.0,0.1,1.0,2.5,0.0,0.0,1,0.6428571428571429,0.75,1.0,1.0,1.0,1.0,0.08928571428571427,0.6776603586621642,1.0
probe_all,0.26,20.0,30.0,0.1,1.0,4.0,0.0,0.0,1,0.6428571428571429,0.75,1.0,1.0,1.0,1.0,0.08928571428571427,0.7058711494472002,1.0
probe_all,0.26,20.0,30.0,0.25,1.0,2.5,0.0,0.0,1,0.6428571428571429,0.75,1.0,1.0,1.0,1.0,0.08928571428571427,0.6797726776370534,1.0
probe_all,0.26,20.0,30.0,0.25,1.0,4.0,0.0,0.0,1,0.6428571428571429,0.75,1.0,1.0,1.0,1.0,0.08928571428571427,0.7078694833676475,1.0
probe_all,0.26,32.0,8.0,0.0,1.0,2.5,0.0,0.0,1,1.0,1.0,1.0,1.0,1.0,1.0,-0.25,0.9800763637825339,1.0
probe_all,0.26,32.0,8.0,0.0,1.0,4.0,0.0,0.0,1,1.0,1.0,1.0,1.0,1.0,1.0,-0.25,0.9906815675634238,1.0
probe_all,0.26,32.0,8.0,0.1,1.0,2.5,0.0,0.0,1,1.0,1.0,1.0,1.0,1.0,1.0,-0.25,0.9801254750624574,1.0
probe_all,0.26,32.0,8.0,0.1,1.0,4.0,0.0,0.0,1,1.0,1.0,1.0,1.0,1.0,1.0,-0.25,0.9907095091320052,1.0
probe_all,0.26,32.0,8.0,0.25,1.0,2.5,0.0,0.0,1,1.0,1.0,1.0,1.0,1.0,1.0,-0.25,0.9801989345868435,1.0
probe_all,0.26,32.0,8.0,0.25,1.0,4.0,0.0,0.0,1,1.0,1.0,1.0,1.0,1.0,1.0,-0.25,0.9907512705030111,1.0
probe_all,0.26,32.0,18.0,0.0,1.0,2.5,0.0,0.0,1,0.6428571428571429,0.75,1.0,1.0,1.0,1.0,0.08928571428571427,0.7778538070712898,1.0
probe_all,0.26,32.0,18.0,0.0,1.0,4.0,0.0,0.0,1,0.6428571428571429,0.75,1.0,1.0,1.0,1.0,0.08928571428571427,0.7781333702851115,1.0
probe_all,0.26,32.0,18.0,0.1,1.0,2.5,0.0,0.0,1,0.6428571428571429,0.75,1.0,1.0,1.0,1.0,0.08928571428571427,0.777912737846532,1.0
probe_all,0.26,32.0,18.0,0.1,1.0,4.0,0.0,0.0,1,0.6428571428571429,0.75,1.0,1.0,1.0,1.0,0.08928571428571427,0.7781919000394698,1.0
probe_all,0.26,32.0,18.0,0.25,1.0,2.5,0.0,0.0,1,0.6428571428571429,0.75,1.0,1.0,1.0,1.0,0.08928571428571427,0.7780012207081684,1.0
probe_all,0.26,32.0,18.0,0.25,1.0,4.0,0.0,0.0,1,0.6428571428571429,0.75,1.0,1.0,1.0,1.0,0.08928571428571427,0.7782798837469648,1.0
probe_all,0.26,32.0,30.0,0.0,1.0,2.5,0.0,0.0,1,0.6428571428571429,0.75,1.0,1.0,1.0,1.0,0.08928571428571427,0.749312255934221,1.0
probe_all,0.26,32.0,30.0,0.0,1.0,4.0,0.0,0.0,1,0.6428571428571429,0.75,1.0,1.0,1.0,1.0,0.08928571428571427,0.7602308229572593,1.0
probe_all,0.26,32.0,30.0,0.1,1.0,2.5,0.0,0.0,1,0.6428571428571429,0.75,1.0,1.0,1.0,1.0,0.08928571428571427,0.7497793290934527,1.0
probe_all,0.26,32.0,30.0,0.1,1.0,4.0,0.0,0.0,1,0.6428571428571429,0.75,1.0,1.0,1.0,1.0,0.08928571428571427,0.760503453434245,1.0
probe_all,0.26,32.0,30.0,0.25,1.0,2.5,0.0,0.0,1,0.6428571428571429,0.75,1.0,1.0,1.0,1.0,0.08928571428571427,0.7504641983880382,1.0
probe_all,0.26,32.0,30.0,0.25,1.0,4.0,0.0,0.0,1,0.6428571428571429,0.75,1.0,1.0,1.0,1.0,0.08928571428571427,0.7609014592921768,1.0
probe_all,0.34,4.0,8.0,0.0,1.0,2.5,0.0,0.0,1,0.35714285714285715,0.5,1.0,1.0,1.0,1.0,0.4107142857142857,0.5709412686714949,0.9880106673278092
probe_all,0.34,4.0,8.0,0.0,1.0,4.0,0.0,0.0,1,0.5,0.5,1.0,1.0,1.0,1.0,0.375,0.5916395467335215,0.997711813041256
probe_all,0.34,4.0,8.0,0.1,1.0,2.5,0.0,0.0,1,0.35714285714285715,0.5,1.0,1.0,1.0,1.0,0.4107142857142857,0.5726623492327526,0.9888407545036472
probe_all,0.34,4.0,8.0,0.1,1.0,4.0,0.0,0.0,1,0.5,0.5,1.0,1.0,1.0,1.0,0.375,0.5933913964978569,0.9979040374360307
probe_all,0.34,4.0,8.0,0.25,1.0,2.5,0.0,0.0,1,0.35714285714285715,0.5,1.0,1.0,1.0,1.0,0.4107142857142857,0.5751600230334883,0.9899454592265965
probe_all,0.34,4.0,8.0,0.25,1.0,4.0,0.0,0.0,1,0.5714285714285714,0.5,1.0,1.0,1.0,1.0,0.35714285714285715,0.5960644095622157,0.9981632582410769
probe_all,0.34,4.0,18.0,0.0,1.0,2.5,0.0,0.0,1,0.2857142857142857,0.5,1.0,1.0,1.0,1.0,0.4285714285714286,0.5397740284325443,0.9917885374344017
probe_all,0.34,4.0,18.0,0.0,1.0,4.0,0.0,0.0,1,0.35714285714285715,0.5,1.0,1.0,1.0,1.0,0.4107142857142857,0.5409393514069999,0.9986728530544003
probe_all,0.34,4.0,18.0,0.1,1.0,2.5,0.0,0.0,1,0.35714285714285715,0.5,1.0,1.0,1.0,1.0,0.4107142857142857,0.5403274334958563,0.9923599224883866
probe_all,0.34,4.0,18.0,0.1,1.0,4.0,0.0,0.0,1,0.35714285714285715,0.5,1.0,1.0,1.0,1.0,0.4107142857142857,0.5414681438212481,0.9987897617932071
probe_all,0.34,4.0,18.0,0.25,1.0,2.5,0.0,0.0,1,0.35714285714285715,0.5,1.0,1.0,1.0,1.0,0.4107142857142857,0.5411545512294329,0.993118469062411
probe_all,0.34,4.0,18.0,0.25,1.0,4.0,0.0,0.0,1,0.35714285714285715,0.5,1.0,1.0,1.0,1.0,0.4107142857142857,0.5422795902755336,0.998946400835442
probe_all,0.34,4.0,30.0,0.0,1.0,2.5,0.0,0.0,1,0.2857142857142857,0.5,1.0,1.0,1.0,1.0,0.4285714285714286,0.5351740263926712,0.994032302906345
probe_all,0.34,4.0,30.0,0.0,1.0,4.0,0.0,0.0,1,0.35714285714285715,0.5,1.0,1.0,1.0,1.0,0.4107142857142857,0.5356162299158953,0.9993237490770408
probe_all,0.34,4.0,30.0,0.1,1.0,2.5,0.0,0.0,1,0.2857142857142857,0.5,1.0,1.0,1.0,1.0,0.4285714285714286,0.53559047377156,0.9945058891983725
probe_all,0.34,4.0,30.0,0.1,1.0,4.0,0.0,0.0,1,0.35714285714285715,0.5,1.0,1.0,1.0,1.0,0.4107142857142857,0.5359842835251049,0.9993869092771034
probe_all,0.34,4.0,30.0,0.25,1.0,2.5,0.0,0.0,1,0.2857142857142857,0.5,1.0,1.0,1.0,1.0,0.4285714285714286,0.536213048258213,0.9951225145426967
probe_all,0.34,4.0,30.0,0.25,1.0,4.0,0.0,0.0,1,0.35714285714285715,0.5,1.0,1.0,1.0,1.0,0.4107142857142857,0.5365474913567478,0.999470724126771
probe_all,0.34,8.0,8.0,0.0,1.0,2.5,0.0,0.0,1,0.5714285714285714,0.5,1.0,1.0,1.0,1.0,0.35714285714285715,0.6557777269214524,0.9997180627703713
probe_all,0.34,8.0,8.0,0.0,1.0,4.0,0.0,0.0,1,0.6428571428571429,0.75,1.0,1.0,1.0,1.0,0.08928571428571427,0.6995119914775589,0.9999895612260984
probe_all,0.34,8.0,8.0,0.1,1.0,2.5,0.0,0.0,1,0.5714285714285714,0.5,1.0,1.0,1.0,1.0,0.35714285714285715,0.6575350196417975,0.999735281527479
probe_all,0.34,8.0,8.0,0.1,1.0,4.0,0.0,0.0,1,0.6428571428571429,0.75,1.0,1.0,1.0,1.0,0.08928571428571427,0.7015058402474902,0.9999904703831558
probe_all,0.34,8.0,8.0,0.25,1.0,2.5,0.0,0.0,1,0.6428571428571429,0.75,1.0,1.0,1.0,1.0,0.08928571428571427,0.6601714678739067,0.9997591631721056
probe_all,0.34,8.0,8.0,0.25,1.0,4.0,0.0,0.0,1,0.6428571428571429,0.75,1.0,1.0,1.0,1.0,0.08928571428571427,0.7044563510771943,0.999991687857463
probe_all,0.34,8.0,18.0,0.0,1.0,2.5,0.0,0.0,1,0.35714285714285715,0.5,1.0,1.0,1.0,1.0,0.4107142857142857,0.5477700366016558,0.9998588173316619
probe_all,0.34,8.0,18.0,0.0,1.0,4.0,0.0,0.0,1,0.42857142857142855,0.5,1.0,1.0,1.0,1.0,0.39285714285714285,0.5492733374660819,0.9999965954886366
probe_all,0.34,8.0,18.0,0.1,1.0,2.5,0.0,0.0,1,0.35714285714285715,0.5,1.0,1.0,1.0,1.0,0.4107142857142857,0.548370800846014,0.9998676782558938
probe_all,0.34,8.0,18.0,0.1,1.0,4.0,0.0,0.0,1,0.42857142857142855,0.5,1.0,1.0,1.0,1.0,0.39285714285714285,0.5499570411452743,0.9999969028907566
probe_all,0.34,8.0,18.0,0.25,1.0,2.5,0.0,0.0,1,0.35714285714285715,0.5,1.0,1.0,1.0,1.0,0.4107142857142857,0.54928991102236,0.9998799394250915
probe_all,0.34,8.0,18.0,0.25,1.0,4.0,0.0,0.0,1,0.42857142857142855,0.5,1.0,1.0,1.0,1.0,0.39285714285714285,0.551004821436436,0.9999973127467411
probe_all,0.34,8.0,30.0,0.0,1.0,2.5,0.0,0.0,1,0.35714285714285715,0.5,1.0,1.0,1.0,1.0,0.4107142857142857,0.5365307441960951,0.999939481546333
probe_all,0.34,8.0,30.0,0.0,1.0,4.0,0.0,0.0,1,0.35714285714285715,0.5,1.0,1.0,1.0,1.0,0.4107142857142857,0.5365567073772249,0.9999991500468118
probe_all,0.34,8.0,30.0,0.1,1.0,2.5,0.0,0.0,1,0.35714285714285715,0.5,1.0,1.0,1.0,1.0,0.4107142857142857,0.536907857776657,0.9999434063212552
probe_all,0.34,8.0,30.0,0.1,1.0,4.0,0.0,0.0,1,0.35714285714285715,0.5,1.0,1.0,1.0,1.0,0.4107142857142857,0.5369412123964266,0.9999992299757968
probe_all,0.34,8.0,30.0,0.25,1.0,2.5,0.0,0.0,1,0.35714285714285715,0.5,1.0,1.0,1.0,1.0,0.4107142857142857,0.5374847226671609,0.9999488206619137
probe_all,0.34,8.0,30.0,0.25,1.0,4.0,0.0,0.0,1,0.35714285714285715,0.5,1.0,1.0,1.0,1.0,0.4107142857142857,0.5375296347125244,0.9999993359996665
probe_all,0.34,12.0,8.0,0.0,1.0,2.5,0.0,0.0,1,0.6428571428571429,0.75,1.0,1.0,1.0,1.0,0.08928571428571427,0.7395404254457496,0.999993477543733
probe_all,0.34,12.0,8.0,0.0,1.0,4.0,0.0,0.0,1,0.6428571428571429,0.75,1.0,1.0,1.0,1.0,0.08928571428571427,0.7750260209834027,0.9999999544057805
probe_all,0.34,12.0,8.0,0.1,1.0,2.5,0.0,0.0,1,0.6428571428571429,0.75,1.0,1.0,1.0,1.0,0.08928571428571427,0.7407662313579999,0.9999938771958886
probe_all,0.34,12.0,8.0,0.1,1.0,4.0,0.0,0.0,1,0.6428571428571429,0.75,1.0,1.0,1.0,1.0,0.08928571428571427,0.7758104320806567,0.9999999583775961
probe_all,0.34,12.0,8.0,0.25,1.0,2.5,0.0,0.0,1,0.6428571428571429,0.75,1.0,1.0,1.0,1.0,0.08928571428571427,0.7425724128965686,0.9999944312353263
probe_all,0.34,12.0,8.0,0.25,1.0,4.0,0.0,0.0,1,0.6428571428571429,0.75,1.0,1.0,1.0,1.0,0.08928571428571427,0.7769519555495475,0.9999999636961059
probe_all,0.34,12.0,18.0,0.0,1.0,2.5,0.0,0.0,1,0.5,0.5,1.0,1.0,1.0,1.0,0.375,0.5571087128780468,0.9999976928603226
probe_all,0.34,12.0,18.0,0.0,1.0,4.0,0.0,0.0,1,0.5714285714285714,0.5,1.0,1.0,1.0,1.0,0.35714285714285715,0.5600451730679028,0.9999999915244978
probe_all,0.34,12.0,18.0,0.1,1.0,2.5,0.0,0.0,1,0.5714285714285714,0.5,1.0,1.0,1.0,1.0,0.35714285714285715,0.5578569284376044,0.999997838014564
probe_all,0.34,12.0,18.0,0.1,1.0,4.0,0.0,0.0,1,0.5714285714285714,0.5,1.0,1.0,1.0,1.0,0.35714285714285715,0.5609114459089409,0.9999999922898293
probe_all,0.34,12.0,18.0,0.25,1.0,2.5,0.0,0.0,1,0.5714285714285714,0.5,1.0,1.0,1.0,1.0,0.35714285714285715,0.5589996847132453,0.9999980388043724
probe_all,0.34,12.0,18.0,0.25,1.0,4.0,0.0,0.0,1,0.5714285714285714,0.5,1.0,1.0,1.0,1.0,0.35714285714285715,0.5622360551067077,0.9999999933102203
probe_all,0.34,12.0,30.0,0.0,1.0,2.5,0.0,0.0,1,0.35714285714285715,0.5,1.0,1.0,1.0,1.0,0.4107142857142857,0.5374959783545968,0.9999993553815792
probe_all,0.34,12.0,30.0,0.0,1.0,4.0,0.0,0.0,1,0.35714285714285715,0.5,1.0,1.0,1.0,1.0,0.4107142857142857,0.5375431960844809,0.9999999989450216
probe_all,0.34,12.0,30.0,0.1,1.0,2.5,0.0,0.0,1,0.35714285714285715,0.5,1.0,1.0,1.0,1.0,0.4107142857142857,0.5378897422515294,0.999999397183129
probe_all,0.34,12.0,30.0,0.1,1.0,4.0,0.0,0.0,1,0.35714285714285715,0.5,1.0,1.0,1.0,1.0,0.4107142857142857,0.5379450644053585,0.9999999990442326
probe_all,0.34,12.0,30.0,0.25,1.0,2.5,0.0,0.0,1,0.35714285714285715,0.5,1.0,1.0,1.0,1.0,0.4107142857142857,0.5384920193113867,0.999999454858274
probe_all,0.34,12.0,30.0,0.25,1.0,4.0,0.0,0.0,1,0.35714285714285715,0.5,1.0,1.0,1.0,1.0,0.4107142857142857,0.5385599951391007,0.9999999991758334
probe_all,0.34,20.0,8.0,0.0,1.0,2.5,0.0,0.0,1,0.7857142857142857,0.75,1.0,1.0,1.0,1.0,0.053571428571428575,0.8173296194558326,0.9999999965338427
probe_all,0.34,20.0,8.0,0.0,1.0,4.0,0.0,0.0,1,0.8571428571428571,0.75,1.0,1.0,1.0,1.0,0.035714285714285726,0.8295684664936958,0.9999999999991306
probe_all,0.34,20.0,8.0,0.1,1.0,2.5,0.0,0.0,1,0.7857142857142857,0.75,1.0,1.0,1.0,1.0,0.053571428571428575,0.8175829390517493,0.9999999967462432
probe_all,0.34,20.0,8.0,0.1,1.0,4.0,0.0,0.0,1,0.8571428571428571,0.75,1.0,1.0,1.0,1.0,0.035714285714285726,0.8297460707860287,0.9999999999992063
probe_all,0.34,20.0,8.0,0.25,1.0,2.5,0.0,0.0,1,0.7857142857142857,0.75,1.0,1.0,1.0,1.0,0.053571428571428575,0.8179571664460551,0.9999999970406909
probe_all,0.34,20.0,8.0,0.25,1.0,4.0,0.0,0.0,1,0.8571428571428571,0.75,1.0,1.0,1.0,1.0,0.035714285714285726,0.8300109878172495,0.9999999999993077
probe_all,0.34,20.0,18.0,0.0,1.0,2.5,0.0,0.0,1,0.5714285714285714,0.5,1.0,1.0,1.0,1.0,0.35714285714285715,0.5826862191390936,0.9999999993875162
probe_all,0.34,20.0,18.0,0.0,1.0,4.0,0.0,0.0,1,0.5714285714285714,0.5,1.0,1.0,1.0,1.0,0.35714285714285715,0.590029516007816,0.9999999999999475
probe_all,0.34,20.0,18.0,0.1,1.0,2.5,0.0,0.0,1,0.5714285714285714,0.5,1.0,1.0,1.0,1.0,0.35714285714285715,0.5837638042346806,0.9999999994260528
probe_all,0.34,20.0,18.0,0.1,1.0,4.0,0.0,0.0,1,0.5714285714285714,0.5,1.0,1.0,1.0,1.0,0.35714285714285715,0.5912905787881184,0.9999999999999521
probe_all,0.34,20.0,18.0,0.25,1.0,2.5,0.0,0.0,1,0.5714285714285714,0.5,1.0,1.0,1.0,1.0,0.35714285714285715,0.5854012030270316,0.9999999994793592
probe_all,0.34,20.0,18.0,0.25,1.0,4.0,0.0,0.0,1,0.5714285714285714,0.5,1.0,1.0,1.0,1.0,0.35714285714285715,0.5932059206900236,0.9999999999999586
probe_all,0.34,20.0,30.0,0.0,1.0,2.5,0.0,0.0,1,0.35714285714285715,0.5,1.0,1.0,1.0,1.0,0.4107142857142857,0.5395694791522897,0.9999999999269673
probe_all,0.34,20.0,30.0,0.0,1.0,4.0,0.0,0.0,1,0.42857142857142855,0.5,1.0,1.0,1.0,1.0,0.39285714285714285,0.5396654257189923,0.9999999999999983
probe_all,0.34,20.0,30.0,0.1,1.0,2.5,0.0,0.0,1,0.42857142857142855,0.5,1.0,1.0,1.0,1.0,0.39285714285714285,0.5399985120949241,0.9999999999317032
probe_all,0.34,20.0,30.0,0.1,1.0,4.0,0.0,0.0,1,0.42857142857142855,0.5,1.0,1.0,1.0,1.0,0.39285714285714285,0.5401041071668439,0.9999999999999986
probe_all,0.34,20.0,30.0,0.25,1.0,2.5,0.0,0.0,1,0.42857142857142855,0.5,1.0,1.0,1.0,1.0,0.39285714285714285,0.5406545794656844,0.9999999999382377
probe_all,0.34,20.0,30.0,0.25,1.0,4.0,0.0,0.0,1,0.42857142857142855,0.5,1.0,1.0,1.0,1.0,0.39285714285714285,0.5407752000265141,0.9999999999999987
probe_all,0.34,32.0,8.0,0.0,1.0,2.5,0.0,0.0,1,0.9285714285714286,1.0,1.0,1.0,1.0,1.0,-0.23214285714285715,0.8793077853377023,0.9999999999999575
probe_all,0.34,32.0,8.0,0.0,1.0,4.0,0.0,0.0,1,1.0,1.0,1.0,1.0,1.0,1.0,-0.25,0.8949981457321887,1.0
probe_all,0.34,32.0,8.0,0.1,1.0,2.5,0.0,0.0,1,0.9285714285714286,1.0,1.0,1.0,1.0,1.0,-0.23214285714285715,0.8794656432455957,0.9999999999999601
probe_all,0.34,32.0,8.0,0.1,1.0,4.0,0.0,0.0,1,1.0,1.0,1.0,1.0,1.0,1.0,-0.25,0.8951648884611099,1.0
probe_all,0.34,32.0,8.0,0.25,1.0,2.5,0.0,0.0,1,0.9285714285714286,1.0,1.0,1.0,1.0,1.0,-0.23214285714285715,0.8797022816477624,0.9999999999999637
probe_all,0.34,32.0,8.0,0.25,1.0,4.0,0.0,0.0,1,1.0,1.0,1.0,1.0,1.0,1.0,-0.25,0.8954148528987698,1.0
probe_all,0.34,32.0,18.0,0.0,1.0,2.5,0.0,0.0,1,0.5714285714285714,0.5,1.0,1.0,1.0,1.0,0.35714285714285715,0.6369474409615935,0.9999999999999973
probe_all,0.34,32.0,18.0,0.0,1.0,4.0,0.0,0.0,1,0.6428571428571429,0.75,1.0,1.0,1.0,1.0,0.08928571428571427,0.6521149780453842,1.0
probe_all,0.34,32.0,18.0,0.1,1.0,2.5,0.0,0.0,1,0.5714285714285714,0.5,1.0,1.0,1.0,1.0,0.35714285714285715,0.6383530809013942,0.9999999999999974
probe_all,0.34,32.0,18.0,0.1,1.0,4.0,0.0,0.0,1,0.6428571428571429,0.75,1.0,1.0,1.0,1.0,0.08928571428571427,0.6536539705077404,1.0
probe_all,0.34,32.0,18.0,0.25,1.0,2.5,0.0,0.0,1,0.5714285714285714,0.5,1.0,1.0,1.0,1.0,0.35714285714285715,0.6404648166832112,0.9999999999999978
probe_all,0.34,32.0,18.0,0.25,1.0,4.0,0.0,0.0,1,0.6428571428571429,0.75,1.0,1.0,1.0,1.0,0.08928571428571427,0.6559581190489338,1.0
probe_all,0.34,32.0,30.0,0.0,1.0,2.5,0.0,0.0,1,0.42857142857142855,0.5,1.0,1.0,1.0,1.0,0.39285714285714285,0.5430650850572875,0.9999999999999999
probe_all,0.34,32.0,30.0,0.0,1.0,4.0,0.0,0.0,1,0.5714285714285714,0.5,1.0,1.0,1.0,1.0,0.35714285714285715,0.5432513072442411,1.0
probe_all,0.34,32.0,30.0,0.1,1.0,2.5,0.0,0.0,1,0.42857142857142855,0.5,1.0,1.0,1.0,1.0,0.39285714285714285,0.5435520072524304,0.9999999999999999
probe_all,0.34,32.0,30.0,0.1,1.0,4.0,0.0,0.0,1,0.5714285714285714,0.5,1.0,1.0,1.0,1.0,0.35714285714285715,0.5437505057963944,1.0
probe_all,0.34,32.0,30.0,0.25,1.0,2.5,0.0,0.0,1,0.5,0.5,1.0,1.0,1.0,1.0,0.375,0.5442962517585961,1.0
probe_all,0.34,32.0,30.0,0.25,1.0,4.0,0.0,0.0,1,0.5714285714285714,0.5,1.0,1.0,1.0,1.0,0.35714285714285715,0.544513800725714,1.0
probe_all,0.42,4.0,8.0,0.0,1.0,2.5,0.0,0.0,1,0.2857142857142857,0.5,0.75,1.0,1.0,0.9583333333333334,0.386904761904762,0.5319393139381673,0.9694661477336867
probe_all,0.42,4.0,8.0,0.0,1.0,4.0,0.0,0.0,1,0.2857142857142857,0.5,1.0,1.0,1.0,1.0,0.4285714285714286,0.5545809789375602,0.9845707669471858
probe_all,0.42,4.0,8.0,0.1,1.0,2.5,0.0,0.0,1,0.2857142857142857,0.5,0.75,1.0,1.0,0.9583333333333334,0.386904761904762,0.5347096218385449,0.9708974276695496
probe_all,0.42,4.0,8.0,0.1,1.0,4.0,0.0,0.0,1,0.2857142857142857,0.5,1.0,1.0,1.0,1.0,0.4285714285714286,0.5556120385360369,0.985325637888285
probe_all,0.42,4.0,8.0,0.25,1.0,2.5,0.0,0.0,1,0.2857142857142857,0.5,0.75,1.0,1.0,0.9583333333333334,0.386904761904762,0.5385059138167785,0.9728455048297073
probe_all,0.42,4.0,8.0,0.25,1.0,4.0,0.0,0.0,1,0.2857142857142857,0.5,1.0,1.0,1.0,1.0,0.4285714285714286,0.5571492407238543,0.9864145058573833
probe_all,0.42,4.0,18.0,0.0,1.0,2.5,0.0,0.0,1,0.2857142857142857,0.5,0.75,1.0,1.0,0.9583333333333334,0.386904761904762,0.5339683525505117,0.9659362048681873
probe_all,0.42,4.0,18.0,0.0,1.0,4.0,0.0,0.0,1,0.2857142857142857,0.5,0.75,1.0,1.0,0.9583333333333334,0.386904761904762,0.5359321968025528,0.9697239640986752
probe_all,0.42,4.0,18.0,0.1,1.0,2.5,0.0,0.0,1,0.2857142857142857,0.5,0.75,1.0,1.0,0.9583333333333334,0.386904761904762,0.5345699840410127,0.9665168680936196
probe_all,0.42,4.0,18.0,0.1,1.0,4.0,0.0,0.0,1,0.2857142857142857,0.5,0.75,1.0,1.0,0.9583333333333334,0.386904761904762,0.5363123130337288,0.9702278207170676
probe_all,0.42,4.0,18.0,0.25,1.0,2.5,0.0,0.0,1,0.2857142857142857,0.5,0.75,1.0,1.0,0.9583333333333334,0.386904761904762,0.5354325750038788,0.967326553228638
probe_all,0.42,4.0,18.0,0.25,1.0,4.0,0.0,0.0,1,0.2857142857142857,0.5,0.75,1.0,1.0,0.9583333333333334,0.386904761904762,0.5368931248707333,0.9710072759421137
probe_all,0.42,4.0,30.0,0.0,1.0,2.5,0.0,0.0,1,0.2857142857142857,0.5,0.75,1.0,1.0,0.9583333333333334,0.386904761904762,0.5341933398736652,0.9624374107185085
probe_all,0.42,4.0,30.0,0.0,1.0,4.0,0.0,0.0,1,0.2857142857142857,0.5,0.75,1.0,1.0,0.9583333333333334,0.386904761904762,0.5348186261553359,0.9638177203024237
probe_all,0.42,4.0,30.0,0.1,1.0,2.5,0.0,0.0,1,0.2857142857142857,0.5,0.75,1.0,1.0,0.9583333333333334,0.386904761904762,0.534613292781504,0.9628199880003251
probe_all,0.42,4.0,30.0,0.1,1.0,4.0,0.0,0.0,1,0.2857142857142857,0.5,0.75,1.0,1.0,0.9583333333333334,0.386904761904762,0.5351611396828472,0.9640510571341094
probe_all,0.42,4.0,30.0,0.25,1.0,2.5,0.0,0.0,1,0.2857142857142857,0.5,0.75,1.0,1.0,0.9583333333333334,0.386904761904762,0.5352352730446283,0.9633369760068521
probe_all,0.42,4.0,30.0,0.25,1.0,4.0,0.0,0.0,1,0.2857142857142857,0.5,0.75,1.0,1.0,0.9583333333333334,0.386904761904762,0.5356848078489047,0.9644161376937648
probe_all,0.42,8.0,8.0,0.0,1.0,2.5,0.0,0.0,1,0.35714285714285715,0.5,1.0,1.0,1.0,1.0,0.4107142857142857,0.5798579838788879,0.9952655179871744
probe_all,0.42,8.0,8.0,0.0,1.0,4.0,0.0,0.0,1,0.5,0.5,1.0,1.0,1.0,1.0,0.375,0.5913730183248687,0.9989730604238666
probe_all,0.42,8.0,8.0,0.1,1.0,2.5,0.0,0.0,1,0.35714285714285715,0.5,1.0,1.0,1.0,1.0,0.4107142857142857,0.5809511257297979,0.9954921072610853
probe_all,0.42,8.0,8.0,0.1,1.0,4.0,0.0,0.0,1,0.5714285714285714,0.5,1.0,1.0,1.0,1.0,0.35714285714285715,0.592812757240016,0.9990451122897924
probe_all,0.42,8.0,8.0,0.25,1.0,2.5,0.0,0.0,1,0.35714285714285715,0.5,1.0,1.0,1.0,1.0,0.4107142857142857,0.5826160276517492,0.9958139844103379
probe_all,0.42,8.0,8.0,0.25,1.0,4.0,0.0,0.0,1,0.5714285714285714,0.5,1.0,1.0,1.0,1.0,0.35714285714285715,0.5950067718418819,0.9991440201579408
probe_all,0.42,8.0,18.0,0.0,1.0,2.5,0.0,0.0,1,0.2857142857142857,0.5,0.75,1.0,1.0,0.9583333333333334,0.386904761904762,0.5372116886874221,0.9787608263189381
probe_all,0.42,8.0,18.0,0.0,1.0,4.0,0.0,0.0,1,0.2857142857142857,0.5,1.0,1.0,1.0,1.0,0.4285714285714286,0.5372617847751376,0.9851520271954733
probe_all,0.42,8.0,18.0,0.1,1.0,2.5,0.0,0.0,1,0.2857142857142857,0.5,1.0,1.0,1.0,1.0,0.4285714285714286,0.5376013714278178,0.9792565479793788
probe_all,0.42,8.0,18.0,0.1,1.0,4.0,0.0,0.0,1,0.2857142857142857,0.5,1.0,1.0,1.0,1.0,0.4285714285714286,0.5376616424745015,0.985718996555398
probe_all,0.42,8.0,18.0,0.25,1.0,2.5,0.0,0.0,1,0.2857142857142857,0.5,1.0,1.0,1.0,1.0,0.4285714285714286,0.5381974870705625,0.9799997575445097
probe_all,0.42,8.0,18.0,0.25,1.0,4.0,0.0,0.0,1,0.2857142857142857,0.5,1.0,1.0,1.0,1.0,0.4285714285714286,0.5382736712384993,0.9865494176989702
probe_all,0.42,8.0,30.0,0.0,1.0,2.5,0.0,0.0,1,0.2857142857142857,0.5,0.75,1.0,1.0,0.9583333333333334,0.386904761904762,0.5348993701231969,0.9665534180306233
probe_all,0.42,8.0,30.0,0.0,1.0,4.0,0.0,0.0,1,0.2857142857142857,0.5,0.75,1.0,1.0,0.9583333333333334,0.386904761904762,0.5348986875649662,0.9676889963839277
probe_all,0.42,8.0,30.0,0.1,1.0,2.5,0.0,0.0,1,0.2857142857142857,0.5,0.75,1.0,1.0,0.9583333333333334,0.386904761904762,0.5352422376664374,0.9668316672947691
probe_all,0.42,8.0,30.0,0.1,1.0,4.0,0.0,0.0,1,0.2857142857142857,0.5,0.75,1.0,1.0,0.9583333333333334,0.386904761904762,0.5352421203080782,0.968041490261968
probe_all,0.42,8.0,30.0,0.25,1.0,2.5,0.0,0.0,1,0.2857142857142857,0.5,0.75,1.0,1.0,0.9583333333333334,0.386904761904762,0.5357665829554774,0.9672620618636664
probe_all,0.42,8.0,30.0,0.25,1.0,4.0,0.0,0.0,1,0.2857142857142857,0.5,0.75,1.0,1.0,0.9583333333333334,0.386904761904762,0.5357673522780654,0.9685873507336188
probe_all,0.42,12.0,8.0,0.0,1.0,2.5,0.0,0.0,1,0.5714285714285714,0.5,1.0,1.0,1.0,1.0,0.35714285714285715,0.619639887147436,0.9994724072804152
probe_all,0.42,12.0,8.0,0.0,1.0,4.0,0.0,0.0,1,0.5714285714285714,0.5,1.0,1.0,1.0,1.0,0.35714285714285715,0.6424601000838187,0.9999534999851706
probe_all,0.42,12.0,8.0,0.1,1.0,2.5,0.0,0.0,1,0.5714285714285714,0.5,1.0,1.0,1.0,1.0,0.35714285714285715,0.621093487225237,0.9995002660567112
probe_all,0.42,12.0,8.0,0.1,1.0,4.0,0.0,0.0,1,0.5714285714285714,0.5,1.0,1.0,1.0,1.0,0.35714285714285715,0.6442824338467336,0.9999568354332178
probe_all,0.42,12.0,8.0,0.25,1.0,2.5,0.0,0.0,1,0.5714285714285714,0.5,1.0,1.0,1.0,1.0,0.35714285714285715,0.623290816435016,0.9995393508659585
probe_all,0.42,12.0,8.0,0.25,1.0,4.0,0.0,0.0,1,0.5714285714285714,0.5,1.0,1.0,1.0,1.0,0.35714285714285715,0.6470241006071845,0.9999613958312521
probe_all,0.42,12.0,18.0,0.0,1.0,2.5,0.0,0.0,1,0.2857142857142857,0.5,1.0,1.0,1.0,1.0,0.4285714285714286,0.5385703897897197,0.9904125268948304
probe_all,0.42,12.0,18.0,0.0,1.0,4.0,0.0,0.0,1,0.2857142857142857,0.5,1.0,1.0,1.0,1.0,0.4285714285714286,0.5386587636615504,0.9956883132115455
probe_all,0.42,12.0,18.0,0.1,1.0,2.5,0.0,0.0,1,0.2857142857142857,0.5,1.0,1.0,1.0,1.0,0.4285714285714286,0.5389827030858678,0.9907593018444995
probe_all,0.42,12.0,18.0,0.1,1.0,4.0,0.0,0.0,1,0.2857142857142857,0.5,1.0,1.0,1.0,1.0,0.4285714285714286,0.5390825723710821,0.9959142483458105
probe_all,0.42,12.0,18.0,0.25,1.0,2.5,0.0,0.0,1,0.2857142857142857,0.5,1.0,1.0,1.0,1.0,0.4285714285714286,0.539613359634242,0.9912624674712168
probe_all,0.42,12.0,18.0,0.25,1.0,4.0,0.0,0.0,1,0.2857142857142857,0.5,1.0,1.0,1.0,1.0,0.4285714285714286,0.5397311589760888,0.9962333687425265
probe_all,0.42,12.0,30.0,0.0,1.0,2.5,0.0,0.0,1,0.2857142857142857,0.5,0.75,1.0,1.0,0.9583333333333334,0.386904761904762,0.5349774398814486,0.9708811843213144
probe_all,0.42,12.0,30.0,0.0,1.0,4.0,0.0,0.0,1,0.2857142857142857,0.5,0.75,1.0,1.0,0.9583333333333334,0.386904761904762,0.5349768585982059,0.9731664910116228
probe_all,0.42,12.0,30.0,0.1,1.0,2.5,0.0,0.0,1,0.2857142857142857,0.5,0.75,1.0,1.0,0.9583333333333334,0.386904761904762,0.5353216485522865,0.9712493425281142
probe_all,0.42,12.0,30.0,0.1,1.0,4.0,0.0,0.0,1,0.2857142857142857,0.5,0.75,1.0,1.0,0.9583333333333334,0.386904761904762,0.535321642949189,0.9736276732089163
probe_all,0.42,12.0,30.0,0.25,1.0,2.5,0.0,0.0,1,0.2857142857142857,0.5,0.75,1.0,1.0,0.9583333333333334,0.386904761904762,0.5358480432439742,0.9718125306607113
probe_all,0.42,12.0,30.0,0.25,1.0,4.0,0.0,0.0,1,0.2857142857142857,0.5,0.75,1.0,1.0,0.9583333333333334,0.386904761904762,0.5358489390172408,0.9743304056785332
probe_all,0.42,20.0,8.0,0.0,1.0,2.5,0.0,0.0,1,0.6428571428571429,0.75,1.0,1.0,1.0,1.0,0.08928571428571427,0.7137619275194855,0.9999946159094487
probe_all,0.42,20.0,8.0,0.0,1.0,4.0,0.0,0.0,1,0.6428571428571429,0.75,1.0,1.0,1.0,1.0,0.08928571428571427,0.743596937896663,0.9999999089923165
probe_all,0.42,20.0,8.0,0.1,1.0,2.5,0.0,0.0,1,0.6428571428571429,0.75,1.0,1.0,1.0,1.0,0.08928571428571427,0.7151039362168767,0.9999949036029818
probe_all,0.42,20.0,8.0,0.1,1.0,4.0,0.0,0.0,1,0.6428571428571429,0.75,1.0,1.0,1.0,1.0,0.08928571428571427,0.7447611191792741,0.999999915527057
probe_all,0.42,20.0,8.0,0.25,1.0,2.5,0.0,0.0,1,0.6428571428571429,0.75,1.0,1.0,1.0,1.0,0.08928571428571427,0.7170941710004184,0.9999953065812749
probe_all,0.42,20.0,8.0,0.25,1.0,4.0,0.0,0.0,1,0.6428571428571429,0.75,1.0,1.0,1.0,1.0,0.08928571428571427,0.7464719209141951,0.9999999244600031
probe_all,0.42,20.0,18.0,0.0,1.0,2.5,0.0,0.0,1,0.35714285714285715,0.5,1.0,1.0,1.0,1.0,0.4107142857142857,0.5415421800231559,0.998995831984819
probe_all,0.42,20.0,18.0,0.0,1.0,4.0,0.0,0.0,1,0.35714285714285715,0.5,1.0,1.0,1.0,1.0,0.4107142857142857,0.5417225233408299,0.9997920053176063
probe_all,0.42,20.0,18.0,0.1,1.0,2.5,0.0,0.0,1,0.35714285714285715,0.5,1.0,1.0,1.0,1.0,0.4107142857142857,0.5420032782868255,0.9990414291463384
probe_all,0.42,20.0,18.0,0.1,1.0,4.0,0.0,0.0,1,0.35714285714285715,0.5,1.0,1.0,1.0,1.0,0.4107142857142857,0.542197932152581,0.9998040324707246
probe_all,0.42,20.0,18.0,0.25,1.0,2.5,0.0,0.0,1,0.35714285714285715,0.5,1.0,1.0,1.0,1.0,0.4107142857142857,0.5427082970147568,0.9991060570168525
probe_all,0.42,20.0,18.0,0.25,1.0,4.0,0.0,0.0,1,0.35714285714285715,0.5,1.0,1.0,1.0,1.0,0.4107142857142857,0.5429251999516583,0.9998207874508376
probe_all,0.42,20.0,30.0,0.0,1.0,2.5,0.0,0.0,1,0.2857142857142857,0.5,1.0,1.0,1.0,1.0,0.4285714285714286,0.5351345249138505,0.9820768594818968
probe_all,0.42,20.0,30.0,0.0,1.0,4.0,0.0,0.0,1,0.2857142857142857,0.5,1.0,1.0,1.0,1.0,0.4285714285714286,0.5351342364759911,0.9861790429547321
probe_all,0.42,20.0,30.0,0.1,1.0,2.5,0.0,0.0,1,0.2857142857142857,0.5,1.0,1.0,1.0,1.0,0.4285714285714286,0.5354814415454033,0.9825008722778187
probe_all,0.42,20.0,30.0,0.1,1.0,4.0,0.0,0.0,1,0.2857142857142857,0.5,1.0,1.0,1.0,1.0,0.4285714285714286,0.5354817390603542,0.9866183404643983
probe_all,0.42,20.0,30.0,0.25,1.0,2.5,0.0,0.0,1,0.2857142857142857,0.5,1.0,1.0,1.0,1.0,0.4285714285714286,0.5360119713272109,0.9831315068461826
probe_all,0.42,20.0,30.0,0.25,1.0,4.0,0.0,0.0,1,0.2857142857142857,0.5,1.0,1.0,1.0,1.0,0.4285714285714286,0.5360131860454143,0.9872631883821178
probe_all,0.42,32.0,8.0,0.0,1.0,2.5,0.0,0.0,1,0.6428571428571429,0.75,1.0,1.0,1.0,1.0,0.08928571428571427,0.7967796410678234,0.9999999945521852
probe_all,0.42,32.0,8.0,0.0,1.0,4.0,0.0,0.0,1,0.6428571428571429,0.75,1.0,1.0,1.0,1.0,0.08928571428571427,0.8079268407882241,0.9999999999921334
probe_all,0.42,32.0,8.0,0.1,1.0,2.5,0.0,0.0,1,0.6428571428571429,0.75,1.0,1.0,1.0,1.0,0.08928571428571427,0.7971696035897086,0.9999999948433195
probe_all,0.42,32.0,8.0,0.1,1.0,4.0,0.0,0.0,1,0.6428571428571429,0.75,1.0,1.0,1.0,1.0,0.08928571428571427,0.8081756953346924,0.9999999999926982
probe_all,0.42,32.0,8.0,0.25,1.0,2.5,0.0,0.0,1,0.6428571428571429,0.75,1.0,1.0,1.0,1.0,0.08928571428571427,0.7977434663082474,0.9999999952511103
probe_all,0.42,32.0,8.0,0.25,1.0,4.0,0.0,0.0,1,0.6428571428571429,0.75,1.0,1.0,1.0,1.0,0.08928571428571427,0.8085426812246244,0.9999999999934704
probe_all,0.42,32.0,18.0,0.0,1.0,2.5,0.0,0.0,1,0.35714285714285715,0.5,1.0,1.0,1.0,1.0,0.4107142857142857,0.5467005387183036,0.9999755744836089
probe_all,0.42,32.0,18.0,0.0,1.0,4.0,0.0,0.0,1,0.35714285714285715,0.5,1.0,1.0,1.0,1.0,0.4107142857142857,0.5470602254818046,0.9999981058558739
probe_all,0.42,32.0,18.0,0.1,1.0,2.5,0.0,0.0,1,0.35714285714285715,0.5,1.0,1.0,1.0,1.0,0.4107142857142857,0.5472434190378281,0.9999767090771932
probe_all,0.42,32.0,18.0,0.1,1.0,4.0,0.0,0.0,1,0.35714285714285715,0.5,1.0,1.0,1.0,1.0,0.4107142857142857,0.5476223283557154,0.9999982158963437
probe_all,0.42,32.0,18.0,0.25,1.0,2.5,0.0,0.0,1,0.35714285714285715,0.5,1.0,1.0,1.0,1.0,0.4107142857142857,0.548072869804705,0.9999783129696982
probe_all,0.42,32.0,18.0,0.25,1.0,4.0,0.0,0.0,1,0.35714285714285715,0.5,1.0,1.0,1.0,1.0,0.4107142857142857,0.5484815333122092,0.9999983690879106
probe_all,0.42,32.0,30.0,0.0,1.0,2.5,0.0,0.0,1,0.2857142857142857,0.5,1.0,1.0,1.0,1.0,0.4285714285714286,0.5353727513804633,0.9948816181528803
probe_all,0.42,32.0,30.0,0.0,1.0,4.0,0.0,0.0,1,0.2857142857142857,0.5,1.0,1.0,1.0,1.0,0.4285714285714286,0.5353729120685979,0.9972257317191852
probe_all,0.42,32.0,30.0,0.1,1.0,2.5,0.0,0.0,1,0.2857142857142857,0.5,1.0,1.0,1.0,1.0,0.4285714285714286,0.5357237674182449,0.9950656587182781
probe_all,0.42,32.0,30.0,0.1,1.0,4.0,0.0,0.0,1,0.2857142857142857,0.5,1.0,1.0,1.0,1.0,0.4285714285714286,0.5357245296815608,0.997347359729707
probe_all,0.42,32.0,30.0,0.25,1.0,2.5,0.0,0.0,1,0.2857142857142857,0.5,1.0,1.0,1.0,1.0,0.4285714285714286,0.5362605565060374,0.9953309633266856
probe_all,0.42,32.0,30.0,0.25,1.0,4.0,0.0,0.0,1,0.2857142857142857,0.5,1.0,1.0,1.0,1.0,0.4285714285714286,0.5362622600367042,0.9975205101073789
probe_latent,0.1,4.0,8.0,0.0,1.0,2.5,0.0,0.0,1,0.9285714285714286,1.0,0.75,1.0,1.0,0.9583333333333334,-0.2738095238095238,0.975944043007788,0.9616347220109852
probe_latent,0.1,4.0,8.0,0.0,1.0,4.0,0.0,0.0,1,1.0,1.0,1.0,1.0,1.0,1.0,-0.25,0.9974917778260691,0.9811391613431465
probe_latent,0.1,4.0,8.0,0.1,1.0,2.5,0.0,0.0,1,0.9285714285714286,1.0,0.75,1.0,1.0,0.9583333333333334,-0.2738095238095238,0.9767231872232862,0.9620444211411406
probe_latent,0.1,4.0,8.0,0.1,1.0,4.0,0.0,0.0,1,1.0,1.0,1.0,1.0,1.0,1.0,-0.25,0.997606452270806,0.9813193502573045
probe_latent,0.1,4.0,8.0,0.25,1.0,2.5,0.0,0.0,1,0.9285714285714286,1.0,0.75,1.0,1.0,0.9583333333333334,-0.2738095238095238,0.9778304462351131,0.9625933074891662
probe_latent,0.1,4.0,8.0,0.25,1.0,4.0,0.0,0.0,1,1.0,1.0,1.0,1.0,1.0,1.0,-0.25,0.9977686489374757,0.9815857543086883
probe_latent,0.1,4.0,18.0,0.0,1.0,2.5,0.0,0.0,1,0.9285714285714286,1.0,0.75,1.0,1.0,0.9583333333333334,-0.2738095238095238,0.9945721975668051,0.9499178859417986
probe_latent,0.1,4.0,18.0,0.0,1.0,4.0,0.0,0.0,1,0.9285714285714286,1.0,0.75,1.0,1.0,0.9583333333333334,-0.2738095238095238,0.9998364449880711,0.964057710392709
probe_latent,0.1,4.0,18.0,0.1,1.0,2.5,0.0,0.0,1,0.9285714285714286,1.0,0.75,1.0,1.0,0.9583333333333334,-0.2738095238095238,0.994818201017075,0.950284046681911
probe_latent,0.1,4.0,18.0,0.1,1.0,4.0,0.0,0.0,1,0.9285714285714286,1.0,0.75,1.0,1.0,0.9583333333333334,-0.2738095238095238,0.99984522873597,0.9642532535692028
probe_latent,0.1,4.0,18.0,0.25,1.0,2.5,0.0,0.0,1,0.9285714285714286,1.0,0.75,1.0,1.0,0.9583333333333334,-0.2738095238095238,0.9951553856959616,0.9507734929962018
probe_latent,0.1,4.0,18.0,0.25,1.0,4.0,0.0,0.0,1,0.9285714285714286,1.0,0.75,1.0,1.0,0.9583333333333334,-0.2738095238095238,0.9998574538671099,0.9645433519485201
probe_latent,0.1,4.0,30.0,0.0,1.0,2.5,0.0,0.0,1,0.9285714285714286,1.0,0.5,1.0,1.0,0.9166666666666666,-0.3154761904761905,0.9983554753575385,0.9422416691492529
probe_latent,0.1,4.0,30.0,0.0,1.0,4.0,0.0,0.0,1,0.9285714285714286,1.0,0.75,1.0,1.0,0.9583333333333334,-0.2738095238095238,0.9999867860497613,0.9534844323510413
probe_latent,0.1,4.0,30.0,0.1,1.0,2.5,0.0,0.0,1,0.9285714285714286,1.0,0.75,1.0,1.0,0.9583333333333334,-0.2738095238095238,0.998476668184069,0.9425872337117777
probe_latent,0.1,4.0,30.0,0.1,1.0,4.0,0.0,0.0,1,0.9285714285714286,1.0,0.75,1.0,1.0,0.9583333333333334,-0.2738095238095238,0.9999877853374016,0.9536784831751292
probe_latent,0.1,4.0,30.0,0.25,1.0,2.5,0.0,0.0,1,0.9285714285714286,1.0,0.75,1.0,1.0,0.9583333333333334,-0.2738095238095238,0.9986341765343191,0.9430464553270038
probe_latent,0.1,4.0,30.0,0.25,1.0,4.0,0.0,0.0,1,0.9285714285714286,1.0,0.75,1.0,1.0,0.9583333333333334,-0.2738095238095238,0.9999890825627324,0.9539666379360033
probe_latent,0.1,8.0,8.0,0.0,1.0,2.5,0.0,0.0,1,1.0,1.0,1.0,1.0,1.0,1.0,-0.25,0.9997988498111984,0.9952958446481102
probe_latent,0.1,8.0,8.0,0.0,1.0,4.0,0.0,0.0,1,1.0,1.0,1.0,1.0,1.0,1.0,-0.25,0.9999980725985419,0.9992150363424086
probe_latent,0.1,8.0,8.0,0.1,1.0,2.5,0.0,0.0,1,1.0,1.0,1.0,1.0,1.0,1.0,-0.25,0.9998051273811945,0.9953309030196135
probe_latent,0.1,8.0,8.0,0.1,1.0,4.0,0.0,0.0,1,1.0,1.0,1.0,1.0,1.0,1.0,-0.25,0.9999981611330139,0.9992224940053953
probe_latent,0.1,8.0,8.0,0.25,1.0,2.5,0.0,0.0,1,1.0,1.0,1.0,1.0,1.0,1.0,-0.25,0.9998141773609331,0.9953829227813477
probe_latent,0.1,8.0,8.0,0.25,1.0,4.0,0.0,0.0,1,1.0,1.0,1.0,1.0,1.0,1.0,-0.25,0.9999982863681958,0.9992335331087713
probe_latent,0.1,8.0,18.0,0.0,1.0,2.5,0.0,0.0,1,0.9285714285714286,1.0,1.0,1.0,1.0,1.0,-0.23214285714285715,0.9999924843548699,0.9807183977519208
probe_latent,0.1,8.0,18.0,0.0,1.0,4.0,0.0,0.0,1,1.0,1.0,1.0,1.0,1.0,1.0,-0.25,0.9999999921979266,0.9891647029036456
probe_latent,0.1,8.0,18.0,0.1,1.0,2.5,0.0,0.0,1,0.9285714285714286,1.0,1.0,1.0,1.0,1.0,-0.23214285714285715,0.9999927455956693,0.9807966433399112
probe_latent,0.1,8.0,18.0,0.1,1.0,4.0,0.0,0.0,1,1.0,1.0,1.0,1.0,1.0,1.0,-0.25,0.9999999926051744,0.9892244733052994
probe_latent,0.1,8.0,18.0,0.25,1.0,2.5,0.0,0.0,1,0.9285714285714286,1.0,1.0,1.0,1.0,1.0,-0.23214285714285715,0.9999931199617382,0.9809133819311339
probe_latent,0.1,8.0,18.0,0.25,1.0,4.0,0.0,0.0,1,1.0,1.0,1.0,1.0,1.0,1.0,-0.25,0.9999999931765291,0.9893136453372094
probe_latent,0.1,8.0,30.0,0.0,1.0,2.5,0.0,0.0,1,0.9285714285714286,1.0,0.75,1.0,1.0,0.9583333333333334,-0.2738095238095238,0.99999963114624,0.9658465078627584
probe_latent,0.1,8.0,30.0,0.0,1.0,4.0,0.0,0.0,1,0.9285714285714286,1.0,0.75,1.0,1.0,0.9583333333333334,-0.2738095238095238,0.9999999999599174,0.9701275625868027
probe_latent,0.1,8.0,30.0,0.1,1.0,2.5,0.0,0.0,1,0.9285714285714286,1.0,0.75,1.0,1.0,0.9583333333333334,-0.2738095238095238,0.9999996475563488,0.9659203325219271
probe_latent,0.1,8.0,30.0,0.1,1.0,4.0,0.0,0.0,1,0.9285714285714286,1.0,0.75,1.0,1.0,0.9583333333333334,-0.2738095238095238,0.9999999999622453,0.9701848904039211
probe_latent,0.1,8.0,30.0,0.25,1.0,2.5,0.0,0.0,1,0.9285714285714286,1.0,0.75,1.0,1.0,0.9583333333333334,-0.2738095238095238,0.9999996703130364,0.9660304132840106
probe_latent,0.1,8.0,30.0,0.25,1.0,4.0,0.0,0.0,1,0.9285714285714286,1.0,0.75,1.0,1.0,0.9583333333333334,-0.2738095238095238,0.9999999999654783,0.970270847832332
probe_latent,0.1,12.0,8.0,0.0,1.0,2.5,0.0,0.0,1,1.0,1.0,1.0,1.0,1.0,1.0,-0.25,0.999998407228796,0.999592563599811
probe_latent,0.1,12.0,8.0,0.0,1.0,4.0,0.0,0.0,1,1.0,1.0,1.0,1.0,1.0,1.0,-0.25,0.9999999985313216,0.9999721252874066
probe_latent,0.1,12.0,8.0,0.1,1.0,2.5,0.0,0.0,1,1.0,1.0,1.0,1.0,1.0,1.0,-0.25,0.9999984569176151,0.9995954310309298
probe_latent,0.1,12.0,8.0,0.1,1.0,4.0,0.0,0.0,1,1.0,1.0,1.0,1.0,1.0,1.0,-0.25,0.9999999985987851,0.9999723745509703
probe_latent,0.1,12.0,8.0,0.25,1.0,2.5,0.0,0.0,1,1.0,1.0,1.0,1.0,1.0,1.0,-0.25,0.9999985285594657,0.9995996902396151
probe_latent,0.1,12.0,8.0,0.25,1.0,4.0,0.0,0.0,1,1.0,1.0,1.0,1.0,1.0,1.0,-0.25,0.9999999986942146,0.9999727441087263
probe_latent,0.1,12.0,18.0,0.0,1.0,2.5,0.0,0.0,1,1.0,1.0,1.0,1.0,1.0,1.0,-0.25,0.999999988605216,0.9935263337944074
probe_latent,0.1,12.0,18.0,0.0,1.0,4.0,0.0,0.0,1,1.0,1.0,1.0,1.0,1.0,1.0,-0.25,0.9999999999996244,0.9977593110172139
probe_latent,0.1,12.0,18.0,0.1,1.0,2.5,0.0,0.0,1,1.0,1.0,1.0,1.0,1.0,1.0,-0.25,0.999999988997091,0.9935577932754248
probe_latent,0.1,12.0,18.0,0.1,1.0,4.0,0.0,0.0,1,1.0,1.0,1.0,1.0,1.0,1.0,-0.25,0.9999999999996441,0.9977744908684415
probe_latent,0.1,12.0,18.0,0.25,1.0,2.5,0.0,0.0,1,1.0,1.0,1.0,1.0,1.0,1.0,-0.25,0.9999999895597538,0.9936047305457792
probe_latent,0.1,12.0,18.0,0.25,1.0,4.0,0.0,0.0,1,1.0,1.0,1.0,1.0,1.0,1.0,-0.25,0.9999999999996716,0.9977970779969366
probe_latent,0.1,12.0,30.0,0.0,1.0,2.5,0.0,0.0,1,0.9285714285714286,1.0,0.75,1.0,1.0,0.9583333333333334,-0.2738095238095238,0.9999999998879712,0.974593226810263
probe_latent,0.1,12.0,30.0,0.0,1.0,4.0,0.0,0.0,1,0.9285714285714286,1.0,0.75,1.0,1.0,0.9583333333333334,-0.2738095238095238,0.9999999999999999,0.9785204882045382
probe_latent,0.1,12.0,30.0,0.1,1.0,2.5,0.0,0.0,1,0.9285714285714286,1.0,0.75,1.0,1.0,0.9583333333333334,-0.2738095238095238,0.9999999998922451,0.974645138460417
probe_latent,0.1,12.0,30.0,0.1,1.0,4.0,0.0,0.0,1,0.9285714285714286,1.0,0.75,1.0,1.0,0.9583333333333334,-0.2738095238095238,0.9999999999999999,0.978581146378308
probe_latent,0.1,12.0,30.0,0.25,1.0,2.5,0.0,0.0,1,0.9285714285714286,1.0,0.75,1.0,1.0,0.9583333333333334,-0.2738095238095238,0.9999999998983279,0.9747230276129005
probe_latent,0.1,12.0,30.0,0.25,1.0,4.0,0.0,0.0,1,0.9285714285714286,1.0,0.75,1.0,1.0,0.9583333333333334,-0.2738095238095238,0.9999999999999999,0.978672145003246
probe_latent,0.1,20.0,8.0,0.0,1.0,2.5,0.0,0.0,1,1.0,1.0,1.0,1.0,1.0,1.0,-0.25,0.9999999999002084,0.9999969410701891
probe_latent,0.1,20.0,8.0,0.0,1.0,4.0,0.0,0.0,1,1.0,1.0,1.0,1.0,1.0,1.0,-0.25,0.9999999999999991,0.9999999625549182
probe_latent,0.1,20.0,8.0,0.1,1.0,2.5,0.0,0.0,1,1.0,1.0,1.0,1.0,1.0,1.0,-0.25,0.9999999999033214,0.9999969609797136
probe_latent,0.1,20.0,8.0,0.1,1.0,4.0,0.0,0.0,1,1.0,1.0,1.0,1.0,1.0,1.0,-0.25,0.9999999999999991,0.9999999628808885
probe_latent,0.1,20.0,8.0,0.25,1.0,2.5,0.0,0.0,1,1.0,1.0,1.0,1.0,1.0,1.0,-0.25,0.99999999990781,0.9999969905945781
probe_latent,0.1,20.0,8.0,0.25,1.0,4.0,0.0,0.0,1,1.0,1.0,1.0,1.0,1.0,1.0,-0.25,0.9999999999999992,0.9999999633645152
probe_latent,0.1,20.0,18.0,0.0,1.0,2.5,0.0,0.0,1,1.0,1.0,1.0,1.0,1.0,1.0,-0.25,0.9999999999999737,0.9995573353776783
probe_latent,0.1,20.0,18.0,0.0,1.0,4.0,0.0,0.0,1,1.0,1.0,1.0,1.0,1.0,1.0,-0.25,1.0,0.9999361339635083
probe_latent,0.1,20.0,18.0,0.1,1.0,2.5,0.0,0.0,1,1.0,1.0,1.0,1.0,1.0,1.0,-0.25,0.9999999999999746,0.9995597887849271
probe_latent,0.1,20.0,18.0,0.1,1.0,4.0,0.0,0.0,1,1.0,1.0,1.0,1.0,1.0,1.0,-0.25,1.0,0.9999365894583135
probe_latent,0.1,20.0,18.0,0.25,1.0,2.5,0.0,0.0,1,1.0,1.0,1.0,1.0,1.0,1.0,-0.25,0.9999999999999759,0.9995634436630557
probe_latent,0.1,20.0,18.0,0.25,1.0,4.0,0.0,0.0,1,1.0,1.0,1.0,1.0,1.0,1.0,-0.25,1.0,0.9999372666256495
probe_latent,0.1,20.0,30.0,0.0,1.0,2.5,0.0,0.0,1,0.9285714285714286,1.0,1.0,1.0,1.0,1.0,-0.23214285714285715,1.0,0.9885782320334698
probe_latent,0.1,20.0,30.0,0.0,1.0,4.0,0.0,0.0,1,1.0,1.0,1.0,1.0,1.0,1.0,-0.25,1.0,0.9929321173313906
probe_latent,0.1,20.0,30.0,0.1,1.0,2.5,0.0,0.0,1,0.9285714285714286,1.0,1.0,1.0,1.0,1.0,-0.23214285714285715,1.0,0.9886191083878996
probe_latent,0.1,20.0,30.0,0.1,1.0,4.0,0.0,0.0,1,1.0,1.0,1.0,1.0,1.0,1.0,-0.25,1.0,0.9929661563068085
probe_latent,0.1,20.0,30.0,0.25,1.0,2.5,0.0,0.0,1,0.9285714285714286,1.0,1.0,1.0,1.0,1.0,-0.23214285714285715,1.0,0.9886802511524152
probe_latent,0.1,20.0,30.0,0.25,1.0,4.0,0.0,0.0,1,1.0,1.0,1.0,1.0,1.0,1.0,-0.25,1.0,0.9930169696387514
probe_latent,0.1,32.0,8.0,0.0,1.0,2.5,0.0,0.0,1,1.0,1.0,1.0,1.0,1.0,1.0,-0.25,1.0,0.9999999978495077
probe_latent,0.1,32.0,8.0,0.0,1.0,4.0,0.0,0.0,1,1.0,1.0,1.0,1.0,1.0,1.0,-0.25,1.0,0.9999999999981063
probe_latent,0.1,32.0,8.0,0.1,1.0,2.5,0.0,0.0,1,1.0,1.0,1.0,1.0,1.0,1.0,-0.25,1.0,0.9999999978632318
probe_latent,0.1,32.0,8.0,0.1,1.0,4.0,0.0,0.0,1,1.0,1.0,1.0,1.0,1.0,1.0,-0.25,1.0,0.9999999999981227
probe_latent,0.1,32.0,8.0,0.25,1.0,2.5,0.0,0.0,1,1.0,1.0,1.0,1.0,1.0,1.0,-0.25,1.0,0.9999999978836535
probe_latent,0.1,32.0,8.0,0.25,1.0,4.0,0.0,0.0,1,1.0,1.0,1.0,1.0,1.0,1.0,-0.25,1.0,0.9999999999981471
probe_latent,0.1,32.0,18.0,0.0,1.0,2.5,0.0,0.0,1,1.0,1.0,1.0,1.0,1.0,1.0,-0.25,1.0,0.9999935627936832
probe_latent,0.1,32.0,18.0,0.0,1.0,4.0,0.0,0.0,1,1.0,1.0,1.0,1.0,1.0,1.0,-0.25,1.0,0.9999997156209256
probe_latent,0.1,32.0,18.0,0.1,1.0,2.5,0.0,0.0,1,1.0,1.0,1.0,1.0,1.0,1.0,-0.25,1.0,0.9999935988207979
probe_latent,0.1,32.0,18.0,0.1,1.0,4.0,0.0,0.0,1,1.0,1.0,1.0,1.0,1.0,1.0,-0.25,1.0,0.9999997176521765
probe_latent,0.1,32.0,18.0,0.25,1.0,2.5,0.0,0.0,1,1.0,1.0,1.0,1.0,1.0,1.0,-0.25,1.0,0.9999936524838146
probe_latent,0.1,32.0,18.0,0.25,1.0,4.0,0.0,0.0,1,1.0,1.0,1.0,1.0,1.0,1.0,-0.25,1.0,0.9999997206718815
probe_latent,0.1,32.0,30.0,0.0,1.0,2.5,0.0,0.0,1,1.0,1.0,1.0,1.0,1.0,1.0,-0.25,1.0,0.998160230723844
probe_latent,0.1,32.0,30.0,0.0,1.0,4.0,0.0,0.0,1,1.0,1.0,1.0,1.0,1.0,1.0,-0.25,1.0,0.9992951525105412
probe_latent,0.1,32.0,30.0,0.1,1.0,2.5,0.0,0.0,1,1.0,1.0,1.0,1.0,1.0,1.0,-0.25,1.0,0.9981688887516289
probe_latent,0.1,32.0,30.0,0.1,1.0,4.0,0.0,0.0,1,1.0,1.0,1.0,1.0,1.0,1.0,-0.25,1.0,0.999299167784371
probe_latent,0.1,32.0,30.0,0.25,1.0,2.5,0.0,0.0,1,1.0,1.0,1.0,1.0,1.0,1.0,-0.25,1.0,0.9981818029413893
probe_latent,0.1,32.0,30.0,0.25,1.0,4.0,0.0,0.0,1,1.0,1.0,1.0,1.0,1.0,1.0,-0.25,1.0,0.9993051485746478
probe_latent,0.18,4.0,8.0,0.0,1.0,2.5,0.0,0.0,1,0.9285714285714286,1.0,0.5,1.0,1.0,0.9166666666666666,-0.3154761904761905,0.9117844016144978,0.9378754814493119
probe_latent,0.18,4.0,8.0,0.0,1.0,4.0,0.0,0.0,1,0.9285714285714286,1.0,0.5,1.0,1.0,0.9166666666666666,-0.3154761904761905,0.9680303409831922,0.9486422260565476
probe_latent,0.18,4.0,8.0,0.1,1.0,2.5,0.0,0.0,1,0.9285714285714286,1.0,0.5,1.0,1.0,0.9166666666666666,-0.3154761904761905,0.9135394920464054,0.9382849850497608
probe_latent,0.18,4.0,8.0,0.1,1.0,4.0,0.0,0.0,1,0.9285714285714286,1.0,0.5,1.0,1.0,0.9166666666666666,-0.3154761904761905,0.9691117638952712,0.9488888806986925
probe_latent,0.18,4.0,8.0,0.25,1.0,2.5,0.0,0.0,1,0.9285714285714286,1.0,0.5,1.0,1.0,0.9166666666666666,-0.3154761904761905,0.9161041020789132,0.9388279748379581
probe_latent,0.18,4.0,8.0,0.25,1.0,4.0,0.0,0.0,1,0.9285714285714286,1.0,0.5,1.0,1.0,0.9166666666666666,-0.3154761904761905,0.9706744870934664,0.9492586631525657
probe_latent,0.18,4.0,18.0,0.0,1.0,2.5,0.0,0.0,1,0.9285714285714286,1.0,0.5,1.0,1.0,0.9166666666666666,-0.3154761904761905,0.8904156487684044,0.9254003806757667
probe_latent,0.18,4.0,18.0,0.0,1.0,4.0,0.0,0.0,1,0.9285714285714286,1.0,0.5,1.0,1.0,0.9166666666666666,-0.3154761904761905,0.9476598433930544,0.9272320165584511
probe_latent,0.18,4.0,18.0,0.1,1.0,2.5,0.0,0.0,1,0.9285714285714286,1.0,0.5,1.0,1.0,0.9166666666666666,-0.3154761904761905,0.8921482470253996,0.9256453877863398
probe_latent,0.18,4.0,18.0,0.1,1.0,4.0,0.0,0.0,1,0.9285714285714286,1.0,0.5,1.0,1.0,0.9166666666666666,-0.3154761904761905,0.9491876985534966,0.9273221153318286
probe_latent,0.18,4.0,18.0,0.25,1.0,2.5,0.0,0.0,1,0.9285714285714286,1.0,0.5,1.0,1.0,0.9166666666666666,-0.3154761904761905,0.8947130389036256,0.9259540137392848
probe_latent,0.18,4.0,18.0,0.25,1.0,4.0,0.0,0.0,1,0.9285714285714286,1.0,0.5,1.0,1.0,0.9166666666666666,-0.3154761904761905,0.9514166350351676,0.9274582606684252
probe_latent,0.18,4.0,30.0,0.0,1.0,2.5,0.0,0.0,1,0.8571428571428571,0.75,0.5,1.0,1.0,0.9166666666666666,-0.047619047619047644,0.8646206237386954,0.9224348738850053
probe_latent,0.18,4.0,30.0,0.0,1.0,4.0,0.0,0.0,1,0.9285714285714286,1.0,0.5,1.0,1.0,0.9166666666666666,-0.3154761904761905,0.9163698746897472,0.9234259114386604
probe_latent,0.18,4.0,30.0,0.1,1.0,2.5,0.0,0.0,1,0.8571428571428571,0.75,0.5,1.0,1.0,0.9166666666666666,-0.047619047619047644,0.8662999514711259,0.9226497906428714
probe_latent,0.18,4.0,30.0,0.1,1.0,4.0,0.0,0.0,1,0.9285714285714286,1.0,0.5,1.0,1.0,0.9166666666666666,-0.3154761904761905,0.9183066259182416,0.9234728832681077
probe_latent,0.18,4.0,30.0,0.25,1.0,2.5,0.0,0.0,1,0.8571428571428571,0.75,0.5,1.0,1.0,0.9166666666666666,-0.047619047619047644,0.8688021698222999,0.922913383960978
probe_latent,0.18,4.0,30.0,0.25,1.0,4.0,0.0,0.0,1,0.9285714285714286,1.0,0.5,1.0,1.0,0.9166666666666666,-0.3154761904761905,0.9211676350115467,0.9235436290322725
probe_latent,0.18,8.0,8.0,0.0,1.0,2.5,0.0,0.0,1,1.0,1.0,1.0,1.0,1.0,1.0,-0.25,0.9946047375667164,0.9711023764297037
probe_latent,0.18,8.0,8.0,0.0,1.0,4.0,0.0,0.0,1,1.0,1.0,1.0,1.0,1.0,1.0,-0.25,0.9995894257109654,0.9844763582174186
probe_latent,0.18,8.0,8.0,0.1,1.0,2.5,0.0,0.0,1,1.0,1.0,1.0,1.0,1.0,1.0,-0.25,0.9947497462554513,0.9712586006295604
probe_latent,0.18,8.0,8.0,0.1,1.0,4.0,0.0,0.0,1,1.0,1.0,1.0,1.0,1.0,1.0,-0.25,0.9996052244648179,0.9845911889115139
probe_latent,0.18,8.0,8.0,0.25,1.0,2.5,0.0,0.0,1,1.0,1.0,1.0,1.0,1.0,1.0,-0.25,0.9949601309381989,0.971491582347838
probe_latent,0.18,8.0,8.0,0.25,1.0,4.0,0.0,0.0,1,1.0,1.0,1.0,1.0,1.0,1.0,-0.25,0.9996277917602499,0.9847616213939605
probe_latent,0.18,8.0,18.0,0.0,1.0,2.5,0.0,0.0,1,0.9285714285714286,1.0,0.5,1.0,1.0,0.9166666666666666,-0.3154761904761905,0.9887906126623884,0.9328746216890074
probe_latent,0.18,8.0,18.0,0.0,1.0,4.0,0.0,0.0,1,0.9285714285714286,1.0,0.5,1.0,1.0,0.9166666666666666,-0.3154761904761905,0.9986592669956166,0.9357644391886449
probe_latent,0.18,8.0,18.0,0.1,1.0,2.5,0.0,0.0,1,0.9285714285714286,1.0,0.5,1.0,1.0,0.9166666666666666,-0.3154761904761905,0.9890745043754235,0.9329835762103357
probe_latent,0.18,8.0,18.0,0.1,1.0,4.0,0.0,0.0,1,0.9285714285714286,1.0,0.5,1.0,1.0,0.9166666666666666,-0.3154761904761905,0.9987081240829743,0.9359082544498422
probe_latent,0.18,8.0,18.0,0.25,1.0,2.5,0.0,0.0,1,0.9285714285714286,1.0,0.5,1.0,1.0,0.9166666666666666,-0.3154761904761905,0.9894875083270228,0.9331480176436485
probe_latent,0.18,8.0,18.0,0.25,1.0,4.0,0.0,0.0,1,0.9285714285714286,1.0,0.5,1.0,1.0,0.9166666666666666,-0.3154761904761905,0.9987781081724204,0.936125206632115
probe_latent,0.18,8.0,30.0,0.0,1.0,2.5,0.0,0.0,1,0.9285714285714286,1.0,0.5,1.0,1.0,0.9166666666666666,-0.3154761904761905,0.975649840831433,0.9244796502820974
probe_latent,0.18,8.0,30.0,0.0,1.0,4.0,0.0,0.0,1,0.9285714285714286,1.0,0.5,1.0,1.0,0.9166666666666666,-0.3154761904761905,0.9952114948189936,0.9246455251192417
probe_latent,0.18,8.0,30.0,0.1,1.0,2.5,0.0,0.0,1,0.9285714285714286,1.0,0.5,1.0,1.0,0.9166666666666666,-0.3154761904761905,0.9762084691438495,0.9245305354992152
probe_latent,0.18,8.0,30.0,0.1,1.0,4.0,0.0,0.0,1,0.9285714285714286,1.0,0.5,1.0,1.0,0.9166666666666666,-0.3154761904761905,0.9953731418508948,0.9247011688739941
probe_latent,0.18,8.0,30.0,0.25,1.0,2.5,0.0,0.0,1,0.9285714285714286,1.0,0.5,1.0,1.0,0.9166666666666666,-0.3154761904761905,0.9770249117556319,0.9246074867495877
probe_latent,0.18,8.0,30.0,0.25,1.0,4.0,0.0,0.0,1,0.9285714285714286,1.0,0.5,1.0,1.0,0.9166666666666666,-0.3154761904761905,0.9956056211078322,0.9247853722472493
probe_latent,0.18,12.0,8.0,0.0,1.0,2.5,0.0,0.0,1,1.0,1.0,1.0,1.0,1.0,1.0,-0.25,0.9997707926486873,0.9907685191550054
probe_latent,0.18,12.0,8.0,0.0,1.0,4.0,0.0,0.0,1,1.0,1.0,1.0,1.0,1.0,1.0,-0.25,0.9999953844600643,0.9968630203677069
probe_latent,0.18,12.0,8.0,0.1,1.0,2.5,0.0,0.0,1,1.0,1.0,1.0,1.0,1.0,1.0,-0.25,0.9997770785981864,0.9908248685011632
probe_latent,0.18,12.0,8.0,0.1,1.0,4.0,0.0,0.0,1,1.0,1.0,1.0,1.0,1.0,1.0,-0.25,0.9999955623421268,0.9968866167118221
probe_latent,0.18,12.0,8.0,0.25,1.0,2.5,0.0,0.0,1,1.0,1.0,1.0,1.0,1.0,1.0,-0.25,0.9997861860476156,0.990908662827251
probe_latent,0.18,12.0,8.0,0.25,1.0,4.0,0.0,0.0,1,1.0,1.0,1.0,1.0,1.0,1.0,-0.25,0.9999958163942615,0.9969216420720178
probe_latent,0.18,12.0,18.0,0.0,1.0,2.5,0.0,0.0,1,0.9285714285714286,1.0,0.5,1.0,1.0,0.9166666666666666,-0.3154761904761905,0.9992889264728753,0.9421069843813389
probe_latent,0.18,12.0,18.0,0.0,1.0,4.0,0.0,0.0,1,0.9285714285714286,1.0,0.75,1.0,1.0,0.9583333333333334,-0.2738095238095238,0.9999725546479376,0.947496950000037
probe_latent,0.18,12.0,18.0,0.1,1.0,2.5,0.0,0.0,1,0.9285714285714286,1.0,0.5,1.0,1.0,0.9166666666666666,-0.3154761904761905,0.9993077059156582,0.9422470764908476
probe_latent,0.18,12.0,18.0,0.1,1.0,4.0,0.0,0.0,1,0.9285714285714286,1.0,0.75,1.0,1.0,0.9583333333333334,-0.2738095238095238,0.9999735598611434,0.9476649571715723
probe_latent,0.18,12.0,18.0,0.25,1.0,2.5,0.0,0.0,1,0.9285714285714286,1.0,0.5,1.0,1.0,0.9166666666666666,-0.3154761904761905,0.9993349517225344,0.942457669754596
probe_latent,0.18,12.0,18.0,0.25,1.0,4.0,0.0,0.0,1,0.9285714285714286,1.0,0.75,1.0,1.0,0.9583333333333334,-0.2738095238095238,0.999974999079415,0.9479168236905428
probe_latent,0.18,12.0,30.0,0.0,1.0,2.5,0.0,0.0,1,0.9285714285714286,1.0,0.5,1.0,1.0,0.9166666666666666,-0.3154761904761905,0.9975359709186616,0.9258142982283727
probe_latent,0.18,12.0,30.0,0.0,1.0,4.0,0.0,0.0,1,0.9285714285714286,1.0,0.5,1.0,1.0,0.9166666666666666,-0.3154761904761905,0.9998104809686289,0.9261280190722475
probe_latent,0.18,12.0,30.0,0.1,1.0,2.5,0.0,0.0,1,0.9285714285714286,1.0,0.5,1.0,1.0,0.9166666666666666,-0.3154761904761905,0.997597844109213,0.9258742457006034
probe_latent,0.18,12.0,30.0,0.1,1.0,4.0,0.0,0.0,1,0.9285714285714286,1.0,0.5,1.0,1.0,0.9166666666666666,-0.3154761904761905,0.9998169944858954,0.9261944564851534
probe_latent,0.18,12.0,30.0,0.25,1.0,2.5,0.0,0.0,1,0.9285714285714286,1.0,0.5,1.0,1.0,0.9166666666666666,-0.3154761904761905,0.9976877800896327,0.9259648705696389
probe_latent,0.18,12.0,30.0,0.25,1.0,4.0,0.0,0.0,1,0.9285714285714286,1.0,0.5,1.0,1.0,0.9166666666666666,-0.3154761904761905,0.9998263477273955,0.9262949451338623
probe_latent,0.18,20.0,8.0,0.0,1.0,2.5,0.0,0.0,1,1.0,1.0,1.0,1.0,1.0,1.0,-0.25,0.9999996028505971,0.9993645971600419
probe_latent,0.18,20.0,8.0,0.0,1.0,4.0,0.0,0.0,1,1.0,1.0,1.0,1.0,1.0,1.0,-0.25,0.9999999994185927,0.9999001026261235
probe_latent,0.18,20.0,8.0,0.1,1.0,2.5,0.0,0.0,1,1.0,1.0,1.0,1.0,1.0,1.0,-0.25,0.999999613752007,0.9993683691237464
probe_latent,0.18,20.0,8.0,0.1,1.0,4.0,0.0,0.0,1,1.0,1.0,1.0,1.0,1.0,1.0,-0.25,0.9999999994410005,0.9999008215692208
probe_latent,0.18,20.0,8.0,0.25,1.0,2.5,0.0,0.0,1,1.0,1.0,1.0,1.0,1.0,1.0,-0.25,0.9999996295456338,0.9993739816479391
probe_latent,0.18,20.0,8.0,0.25,1.0,4.0,0.0,0.0,1,1.0,1.0,1.0,1.0,1.0,1.0,-0.25,0.9999999994730032,0.9999018899862246
probe_latent,0.18,20.0,18.0,0.0,1.0,2.5,0.0,0.0,1,0.9285714285714286,1.0,0.75,1.0,1.0,0.9583333333333334,-0.2738095238095238,0.9999973670467023,0.9620633531068475
probe_latent,0.18,20.0,18.0,0.0,1.0,4.0,0.0,0.0,1,0.9285714285714286,1.0,0.75,1.0,1.0,0.9583333333333334,-0.2738095238095238,0.9999999886186414,0.9677483321064386
probe_latent,0.18,20.0,18.0,0.1,1.0,2.5,0.0,0.0,1,0.9285714285714286,1.0,0.75,1.0,1.0,0.9583333333333334,-0.2738095238095238,0.9999974367753428,0.9621784855747552
probe_latent,0.18,20.0,18.0,0.1,1.0,4.0,0.0,0.0,1,0.9285714285714286,1.0,0.75,1.0,1.0,0.9583333333333334,-0.2738095238095238,0.9999999890355389,0.9678474701456755
probe_latent,0.18,20.0,18.0,0.25,1.0,2.5,0.0,0.0,1,0.9285714285714286,1.0,0.75,1.0,1.0,0.9583333333333334,-0.2738095238095238,0.9999975379212451,0.9623504109107796
probe_latent,0.18,20.0,18.0,0.25,1.0,4.0,0.0,0.0,1,0.9285714285714286,1.0,0.75,1.0,1.0,0.9583333333333334,-0.2738095238095238,0.999999989632428,0.9679953032891112
probe_latent,0.18,20.0,30.0,0.0,1.0,2.5,0.0,0.0,1,0.9285714285714286,1.0,0.5,1.0,1.0,0.9166666666666666,-0.3154761904761905,0.9999788264723288,0.9292633784728016
probe_latent,0.18,20.0,30.0,0.0,1.0,4.0,0.0,0.0,1,0.9285714285714286,1.0,0.5,1.0,1.0,0.9166666666666666,-0.3154761904761905,0.9999997137485274,0.9300234476559858
probe_latent,0.18,20.0,30.0,0.1,1.0,2.5,0.0,0.0,1,0.9285714285714286,1.0,0.5,1.0,1.0,0.9166666666666666,-0.3154761904761905,0.9999793632657744,0.9293441500295702
probe_latent,0.18,20.0,30.0,0.1,1.0,4.0,0.0,0.0,1,0.9285714285714286,1.0,0.5,1.0,1.0,0.9166666666666666,-0.3154761904761905,0.9999997235938063,0.9301145020187548
probe_latent,0.18,20.0,30.0,0.25,1.0,2.5,0.0,0.0,1,0.9285714285714286,1.0,0.5,1.0,1.0,0.9166666666666666,-0.3154761904761905,0.9999801430495422,0.9294661023877957
probe_latent,0.18,20.0,30.0,0.25,1.0,4.0,0.0,0.0,1,0.9285714285714286,1.0,0.5,1.0,1.0,0.9166666666666666,-0.3154761904761905,0.9999997377304742,0.9302520022143428
probe_latent,0.18,32.0,8.0,0.0,1.0,2.5,0.0,0.0,1,1.0,1.0,1.0,1.0,1.0,1.0,-0.25,0.9999999999713948,0.9999894470854241
probe_latent,0.18,32.0,8.0,0.0,1.0,4.0,0.0,0.0,1,1.0,1.0,1.0,1.0,1.0,1.0,-0.25,0.9999999999999991,0.9999994321163452
probe_latent,0.18,32.0,8.0,0.1,1.0,2.5,0.0,0.0,1,1.0,1.0,1.0,1.0,1.0,1.0,-0.25,0.9999999999721799,0.9999895064937698
probe_latent,0.18,32.0,8.0,0.1,1.0,4.0,0.0,0.0,1,1.0,1.0,1.0,1.0,1.0,1.0,-0.25,0.9999999999999992,0.9999994361213985
probe_latent,0.18,32.0,8.0,0.25,1.0,2.5,0.0,0.0,1,1.0,1.0,1.0,1.0,1.0,1.0,-0.25,0.9999999999733175,0.9999895949674049
probe_latent,0.18,32.0,8.0,0.25,1.0,4.0,0.0,0.0,1,1.0,1.0,1.0,1.0,1.0,1.0,-0.25,0.9999999999999992,0.9999994420759281
probe_latent,0.18,32.0,18.0,0.0,1.0,2.5,0.0,0.0,1,0.9285714285714286,1.0,1.0,1.0,1.0,1.0,-0.23214285714285715,0.9999999994092659,0.9797869298469393
probe_latent,0.18,32.0,18.0,0.0,1.0,4.0,0.0,0.0,1,0.9285714285714286,1.0,1.0,1.0,1.0,1.0,-0.23214285714285715,0.999999999999904,0.9832003161994098
probe_latent,0.18,32.0,18.0,0.1,1.0,2.5,0.0,0.0,1,0.9285714285714286,1.0,1.0,1.0,1.0,1.0,-0.23214285714285715,0.9999999994249105,0.9798440876356372
probe_latent,0.18,32.0,18.0,0.1,1.0,4.0,0.0,0.0,1,0.9285714285714286,1.0,1.0,1.0,1.0,1.0,-0.23214285714285715,0.9999999999999074,0.9832535789036276
probe_latent,0.18,32.0,18.0,0.25,1.0,2.5,0.0,0.0,1,0.9285714285714286,1.0,1.0,1.0,1.0,1.0,-0.23214285714285715,0.999999999447604,0.9799295900322725
probe_latent,0.18,32.0,18.0,0.25,1.0,4.0,0.0,0.0,1,0.9285714285714286,1.0,1.0,1.0,1.0,1.0,-0.23214285714285715,0.9999999999999125,0.9833332866429187
probe_latent,0.18,32.0,30.0,0.0,1.0,2.5,0.0,0.0,1,0.9285714285714286,1.0,0.5,1.0,1.0,0.9166666666666666,-0.3154761904761905,0.9999999833791321,0.9365196245960966
probe_latent,0.18,32.0,30.0,0.0,1.0,4.0,0.0,0.0,1,0.9285714285714286,1.0,0.5,1.0,1.0,0.9166666666666666,-0.3154761904761905,0.999999999983216,0.9382432237591076
probe_latent,0.18,32.0,30.0,0.1,1.0,2.5,0.0,0.0,1,0.9285714285714286,1.0,0.5,1.0,1.0,0.9166666666666666,-0.3154761904761905,0.9999999838005409,0.9366301486299164
probe_latent,0.18,32.0,30.0,0.1,1.0,4.0,0.0,0.0,1,0.9285714285714286,1.0,0.5,1.0,1.0,0.9166666666666666,-0.3154761904761905,0.9999999999837932,0.9383661402247699
probe_latent,0.18,32.0,30.0,0.25,1.0,2.5,0.0,0.0,1,0.9285714285714286,1.0,0.5,1.0,1.0,0.9166666666666666,-0.3154761904761905,0.9999999844127054,0.9367965016642444
probe_latent,0.18,32.0,30.0,0.25,1.0,4.0,0.0,0.0,1,0.9285714285714286,1.0,0.5,1.0,1.0,0.9166666666666666,-0.3154761904761905,0.9999999999846221,0.9385510221585455
probe_latent,0.26,4.0,8.0,0.0,1.0,2.5,0.0,0.0,1,0.8571428571428571,0.75,0.5,1.0,1.0,0.9166666666666666,-0.047619047619047644,0.830546666920609,0.9243628096676489
probe_latent,0.26,4.0,8.0,0.0,1.0,4.0,0.0,0.0,1,0.8571428571428571,0.75,0.5,1.0,1.0,0.9166666666666666,-0.047619047619047644,0.8694240987071487,0.9311085050705344
probe_latent,0.26,4.0,8.0,0.1,1.0,2.5,0.0,0.0,1,0.8571428571428571,0.75,0.5,1.0,1.0,0.9166666666666666,-0.047619047619047644,0.8323095237917384,0.9248973978458181
probe_latent,0.26,4.0,8.0,0.1,1.0,4.0,0.0,0.0,1,0.8571428571428571,0.75,0.5,1.0,1.0,0.9166666666666666,-0.047619047619047644,0.871424898875433,0.9312679843075208
probe_latent,0.26,4.0,8.0,0.25,1.0,2.5,0.0,0.0,1,0.8571428571428571,0.75,0.5,1.0,1.0,0.9166666666666666,-0.047619047619047644,0.8348928433184617,0.9256046268553731
probe_latent,0.26,4.0,8.0,0.25,1.0,4.0,0.0,0.0,1,0.8571428571428571,0.75,0.5,1.0,1.0,0.9166666666666666,-0.047619047619047644,0.8744263798920057,0.9315030269169259
probe_latent,0.26,4.0,18.0,0.0,1.0,2.5,0.0,0.0,1,0.7142857142857143,0.75,0.5,1.0,1.0,0.9166666666666666,-0.011904761904761946,0.784917104449253,0.9216643204261697
probe_latent,0.26,4.0,18.0,0.0,1.0,4.0,0.0,0.0,1,0.8571428571428571,0.75,0.5,1.0,1.0,0.9166666666666666,-0.047619047619047644,0.7897366230799251,0.9231979969911706
probe_latent,0.26,4.0,18.0,0.1,1.0,2.5,0.0,0.0,1,0.7142857142857143,0.75,0.5,1.0,1.0,0.9166666666666666,-0.011904761904761946,0.7856332353951897,0.9219180999135697
probe_latent,0.26,4.0,18.0,0.1,1.0,4.0,0.0,0.0,1,0.8571428571428571,0.75,0.5,1.0,1.0,0.9166666666666666,-0.047619047619047644,0.7905365173398535,0.9232432450029666
probe_latent,0.26,4.0,18.0,0.25,1.0,2.5,0.0,0.0,1,0.7142857142857143,0.75,0.5,1.0,1.0,0.9166666666666666,-0.011904761904761946,0.7866994042799063,0.9222346216965729
probe_latent,0.26,4.0,18.0,0.25,1.0,4.0,0.0,0.0,1,0.8571428571428571,0.75,0.5,1.0,1.0,0.9166666666666666,-0.047619047619047644,0.7917604340188497,0.9233110207131766
probe_latent,0.26,4.0,30.0,0.0,1.0,2.5,0.0,0.0,1,0.7142857142857143,0.75,0.5,1.0,1.0,0.9166666666666666,-0.011904761904761946,0.7722564781543655,0.9215028325773881
probe_latent,0.26,4.0,30.0,0.0,1.0,4.0,0.0,0.0,1,0.7142857142857143,0.75,0.5,1.0,1.0,0.9166666666666666,-0.011904761904761946,0.7731525472415076,0.9225275892384389
probe_latent,0.26,4.0,30.0,0.1,1.0,2.5,0.0,0.0,1,0.7142857142857143,0.75,0.5,1.0,1.0,0.9166666666666666,-0.011904761904761946,0.7727097950592896,0.9217166155143066
probe_latent,0.26,4.0,30.0,0.1,1.0,4.0,0.0,0.0,1,0.7142857142857143,0.75,0.5,1.0,1.0,0.9166666666666666,-0.011904761904761946,0.7735540001199518,0.9225633235672217
probe_latent,0.26,4.0,30.0,0.25,1.0,2.5,0.0,0.0,1,0.7142857142857143,0.75,0.5,1.0,1.0,0.9166666666666666,-0.011904761904761946,0.7733779186271839,0.9219774034384901
probe_latent,0.26,4.0,30.0,0.25,1.0,4.0,0.0,0.0,1,0.7142857142857143,0.75,0.5,1.0,1.0,0.9166666666666666,-0.011904761904761946,0.774167720581879,0.922616973849376
probe_latent,0.26,8.0,8.0,0.0,1.0,2.5,0.0,0.0,1,0.9285714285714286,1.0,0.5,1.0,1.0,0.9166666666666666,-0.3154761904761905,0.9418475110668689,0.9421300592544912
probe_latent,0.26,8.0,8.0,0.0,1.0,4.0,0.0,0.0,1,0.9285714285714286,1.0,0.5,1.0,1.0,0.9166666666666666,-0.3154761904761905,0.978770494125759,0.9491021324936214
probe_latent,0.26,8.0,8.0,0.1,1.0,2.5,0.0,0.0,1,0.9285714285714286,1.0,0.5,1.0,1.0,0.9166666666666666,-0.3154761904761905,0.9429174106703226,0.9422814333815986
probe_latent,0.26,8.0,8.0,0.1,1.0,4.0,0.0,0.0,1,0.9285714285714286,1.0,0.5,1.0,1.0,0.9166666666666666,-0.3154761904761905,0.9793818424316949,0.9493013882401052
probe_latent,0.26,8.0,8.0,0.25,1.0,2.5,0.0,0.0,1,0.9285714285714286,1.0,0.5,1.0,1.0,0.9166666666666666,-0.3154761904761905,0.944496086926099,0.9425091395207835
probe_latent,0.26,8.0,8.0,0.25,1.0,4.0,0.0,0.0,1,0.9285714285714286,1.0,0.5,1.0,1.0,0.9166666666666666,-0.3154761904761905,0.9802688489637322,0.9496006477082384
probe_latent,0.26,8.0,18.0,0.0,1.0,2.5,0.0,0.0,1,0.8571428571428571,0.75,0.5,1.0,1.0,0.9166666666666666,-0.047619047619047644,0.8144174788708209,0.9240224013314893
probe_latent,0.26,8.0,18.0,0.0,1.0,4.0,0.0,0.0,1,0.8571428571428571,0.75,0.5,1.0,1.0,0.9166666666666666,-0.047619047619047644,0.8277173273000459,0.924104930857207
probe_latent,0.26,8.0,18.0,0.1,1.0,2.5,0.0,0.0,1,0.8571428571428571,0.75,0.5,1.0,1.0,0.9166666666666666,-0.047619047619047644,0.8153806450023316,0.9240686325513381
probe_latent,0.26,8.0,18.0,0.1,1.0,4.0,0.0,0.0,1,0.8571428571428571,0.75,0.5,1.0,1.0,0.9166666666666666,-0.047619047619047644,0.8289937054173033,0.9241541145165324
probe_latent,0.26,8.0,18.0,0.25,1.0,2.5,0.0,0.0,1,0.8571428571428571,0.75,0.5,1.0,1.0,0.9166666666666666,-0.047619047619047644,0.8168427205909721,0.924138531402314
probe_latent,0.26,8.0,18.0,0.25,1.0,4.0,0.0,0.0,1,0.8571428571428571,0.75,0.5,1.0,1.0,0.9166666666666666,-0.047619047619047644,0.8309291936312174,0.9242285220482706
probe_latent,0.26,8.0,30.0,0.0,1.0,2.5,0.0,0.0,1,0.8571428571428571,0.75,0.5,1.0,1.0,0.9166666666666666,-0.047619047619047644,0.7780382935597807,0.9226078590974717
probe_latent,0.26,8.0,30.0,0.0,1.0,4.0,0.0,0.0,1,0.8571428571428571,0.75,0.5,1.0,1.0,0.9166666666666666,-0.047619047619047644,0.7788045239673315,0.9226080339698778
probe_latent,0.26,8.0,30.0,0.1,1.0,2.5,0.0,0.0,1,0.8571428571428571,0.75,0.5,1.0,1.0,0.9166666666666666,-0.047619047619047644,0.7784807901059244,0.9226431214538261
probe_latent,0.26,8.0,30.0,0.1,1.0,4.0,0.0,0.0,1,0.8571428571428571,0.75,0.5,1.0,1.0,0.9166666666666666,-0.047619047619047644,0.7792908810599781,0.9226435150720124
probe_latent,0.26,8.0,30.0,0.25,1.0,2.5,0.0,0.0,1,0.8571428571428571,0.75,0.5,1.0,1.0,0.9166666666666666,-0.047619047619047644,0.7791559380814457,0.9226964291978618
probe_latent,0.26,8.0,30.0,0.25,1.0,4.0,0.0,0.0,1,0.8571428571428571,0.75,0.5,1.0,1.0,0.9166666666666666,-0.047619047619047644,0.7800337616966035,0.9226971601465576
probe_latent,0.26,12.0,8.0,0.0,1.0,2.5,0.0,0.0,1,0.9285714285714286,1.0,0.75,1.0,1.0,0.9583333333333334,-0.2738095238095238,0.9887918806876033,0.9594238031709531
probe_latent,0.26,12.0,8.0,0.0,1.0,4.0,0.0,0.0,1,0.9285714285714286,1.0,1.0,1.0,1.0,1.0,-0.23214285714285715,0.9980441033698282,0.9697000339768463
probe_latent,0.26,12.0,8.0,0.1,1.0,2.5,0.0,0.0,1,0.9285714285714286,1.0,0.75,1.0,1.0,0.9583333333333334,-0.2738095238095238,0.9890473455473405,0.9595870569191091
probe_latent,0.26,12.0,8.0,0.1,1.0,4.0,0.0,0.0,1,0.9285714285714286,1.0,1.0,1.0,1.0,1.0,-0.23214285714285715,0.9981050249547859,0.9698657247717927
probe_latent,0.26,12.0,8.0,0.25,1.0,2.5,0.0,0.0,1,0.9285714285714286,1.0,0.75,1.0,1.0,0.9583333333333334,-0.2738095238095238,0.9894201486775241,0.9598314307361546
probe_latent,0.26,12.0,8.0,0.25,1.0,4.0,0.0,0.0,1,0.9285714285714286,1.0,1.0,1.0,1.0,1.0,-0.23214285714285715,0.9981928937291187,0.9701127431374416
probe_latent,0.26,12.0,18.0,0.0,1.0,2.5,0.0,0.0,1,0.8571428571428571,0.75,0.5,1.0,1.0,0.9166666666666666,-0.047619047619047644,0.8549771435156572,0.9249746991155098
probe_latent,0.26,12.0,18.0,0.0,1.0,4.0,0.0,0.0,1,0.9285714285714286,1.0,0.5,1.0,1.0,0.9166666666666666,-0.3154761904761905,0.8796163771534931,0.9251226625983241
probe_latent,0.26,12.0,18.0,0.1,1.0,2.5,0.0,0.0,1,0.8571428571428571,0.75,0.5,1.0,1.0,0.9166666666666666,-0.047619047619047644,0.8561997082826855,0.9250270041787042
probe_latent,0.26,12.0,18.0,0.1,1.0,4.0,0.0,0.0,1,0.9285714285714286,1.0,0.5,1.0,1.0,0.9166666666666666,-0.3154761904761905,0.8810965206679803,0.9251787742989457
probe_latent,0.26,12.0,18.0,0.25,1.0,2.5,0.0,0.0,1,0.8571428571428571,0.75,0.5,1.0,1.0,0.9166666666666666,-0.047619047619047644,0.8580404044025192,0.9251060797501474
probe_latent,0.26,12.0,18.0,0.25,1.0,4.0,0.0,0.0,1,0.9285714285714286,1.0,0.5,1.0,1.0,0.9166666666666666,-0.3154761904761905,0.8833133975308656,0.9252636420895529
probe_latent,0.26,12.0,30.0,0.0,1.0,2.5,0.0,0.0,1,0.8571428571428571,0.75,0.5,1.0,1.0,0.9166666666666666,-0.047619047619047644,0.78420522665069,0.9226857531350844
probe_latent,0.26,12.0,30.0,0.0,1.0,4.0,0.0,0.0,1,0.8571428571428571,0.75,0.5,1.0,1.0,0.9166666666666666,-0.047619047619047644,0.7856172463140435,0.9226864351625804
probe_latent,0.26,12.0,30.0,0.1,1.0,2.5,0.0,0.0,1,0.8571428571428571,0.75,0.5,1.0,1.0,0.9166666666666666,-0.047619047619047644,0.7847298154993504,0.9227215386710275
probe_latent,0.26,12.0,30.0,0.1,1.0,4.0,0.0,0.0,1,0.8571428571428571,0.75,0.5,1.0,1.0,0.9166666666666666,-0.047619047619047644,0.7861998090461478,0.9227224576986446
probe_latent,0.26,12.0,30.0,0.25,1.0,2.5,0.0,0.0,1,0.8571428571428571,0.75,0.5,1.0,1.0,0.9166666666666666,-0.047619047619047644,0.7855293333152693,0.922775640163214
probe_latent,0.26,12.0,30.0,0.25,1.0,4.0,0.0,0.0,1,0.8571428571428571,0.75,0.5,1.0,1.0,0.9166666666666666,-0.047619047619047644,0.7870884698632299,0.922776921089456
probe_latent,0.26,20.0,8.0,0.0,1.0,2.5,0.0,0.0,1,1.0,1.0,1.0,1.0,1.0,1.0,-0.25,0.9997189264986623,0.9864500003092828
probe_latent,0.26,20.0,8.0,0.0,1.0,4.0,0.0,0.0,1,1.0,1.0,1.0,1.0,1.0,1.0,-0.25,0.9999857673269573,0.9927353379177589
probe_latent,0.26,20.0,8.0,0.1,1.0,2.5,0.0,0.0,1,1.0,1.0,1.0,1.0,1.0,1.0,-0.25,0.9997256191353173,0.9865203127523204
probe_latent,0.26,20.0,8.0,0.1,1.0,4.0,0.0,0.0,1,1.0,1.0,1.0,1.0,1.0,1.0,-0.25,0.9999862140026003,0.9927793475652997
probe_latent,0.26,20.0,8.0,0.25,1.0,2.5,0.0,0.0,1,1.0,1.0,1.0,1.0,1.0,1.0,-0.25,0.9997353607982731,0.9866250268555429
probe_latent,0.26,20.0,8.0,0.25,1.0,4.0,0.0,0.0,1,1.0,1.0,1.0,1.0,1.0,1.0,-0.25,0.9999868578709914,0.9928448049754142
probe_latent,0.26,20.0,18.0,0.0,1.0,2.5,0.0,0.0,1,0.9285714285714286,1.0,0.5,1.0,1.0,0.9166666666666666,-0.3154761904761905,0.9397306202477552,0.9272653357748338
probe_latent,0.26,20.0,18.0,0.0,1.0,4.0,0.0,0.0,1,0.9285714285714286,1.0,0.5,1.0,1.0,0.9166666666666666,-0.3154761904761905,0.964955238229951,0.9275976752111347
probe_latent,0.26,20.0,18.0,0.1,1.0,2.5,0.0,0.0,1,0.9285714285714286,1.0,0.5,1.0,1.0,0.9166666666666666,-0.3154761904761905,0.9406426919784314,0.9273316177037775
probe_latent,0.26,20.0,18.0,0.1,1.0,4.0,0.0,0.0,1,0.9285714285714286,1.0,0.5,1.0,1.0,0.9166666666666666,-0.3154761904761905,0.9656640749600208,0.9276696590760478
probe_latent,0.26,20.0,18.0,0.25,1.0,2.5,0.0,0.0,1,0.9285714285714286,1.0,0.5,1.0,1.0,0.9166666666666666,-0.3154761904761905,0.9419928837973364,0.9274317612256778
probe_latent,0.26,20.0,18.0,0.25,1.0,4.0,0.0,0.0,1,0.9285714285714286,1.0,0.5,1.0,1.0,0.9166666666666666,-0.3154761904761905,0.9667046905253225,0.9277784525029755
probe_latent,0.26,20.0,30.0,0.0,1.0,2.5,0.0,0.0,1,0.8571428571428571,0.75,0.5,1.0,1.0,0.9166666666666666,-0.047619047619047644,0.7999324859061276,0.9228454208451318
probe_latent,0.26,20.0,30.0,0.0,1.0,4.0,0.0,0.0,1,0.8571428571428571,0.75,0.5,1.0,1.0,0.9166666666666666,-0.047619047619047644,0.8032150464339805,0.9228473190112502
probe_latent,0.26,20.0,30.0,0.1,1.0,2.5,0.0,0.0,1,0.8571428571428571,0.75,0.5,1.0,1.0,0.9166666666666666,-0.047619047619047644,0.8006416720823551,0.9228822968293513
probe_latent,0.26,20.0,30.0,0.1,1.0,4.0,0.0,0.0,1,0.8571428571428571,0.75,0.5,1.0,1.0,0.9166666666666666,-0.047619047619047644,0.8040129237897511,0.9228844497447183
probe_latent,0.26,20.0,30.0,0.25,1.0,2.5,0.0,0.0,1,0.8571428571428571,0.75,0.5,1.0,1.0,0.9166666666666666,-0.047619047619047644,0.8017194910487059,0.922938046147443
probe_latent,0.26,20.0,30.0,0.25,1.0,4.0,0.0,0.0,1,0.8571428571428571,0.75,0.5,1.0,1.0,0.9166666666666666,-0.047619047619047644,0.805225919904656,0.9229405878918361
probe_latent,0.26,32.0,8.0,0.0,1.0,2.5,0.0,0.0,1,1.0,1.0,1.0,1.0,1.0,1.0,-0.25,0.9999989550641365,0.9982830293238095
probe_latent,0.26,32.0,8.0,0.0,1.0,4.0,0.0,0.0,1,1.0,1.0,1.0,1.0,1.0,1.0,-0.25,0.999999991267422,0.9994039360416163
probe_latent,0.26,32.0,8.0,0.1,1.0,2.5,0.0,0.0,1,1.0,1.0,1.0,1.0,1.0,1.0,-0.25,0.9999989799723235,0.9982920770883713
probe_latent,0.26,32.0,8.0,0.1,1.0,4.0,0.0,0.0,1,1.0,1.0,1.0,1.0,1.0,1.0,-0.25,0.9999999915414988,0.9994075234233675
probe_latent,0.26,32.0,8.0,0.25,1.0,2.5,0.0,0.0,1,1.0,1.0,1.0,1.0,1.0,1.0,-0.25,0.9999990162257864,0.9983055519945281
probe_latent,0.26,32.0,8.0,0.25,1.0,4.0,0.0,0.0,1,1.0,1.0,1.0,1.0,1.0,1.0,-0.25,0.9999999919365697,0.9994128621808329
probe_latent,0.26,32.0,18.0,0.0,1.0,2.5,0.0,0.0,1,0.9285714285714286,1.0,0.5,1.0,1.0,0.9166666666666666,-0.3154761904761905,0.9915399188603209,0.9318119242300633
probe_latent,0.26,32.0,18.0,0.0,1.0,4.0,0.0,0.0,1,0.9285714285714286,1.0,0.5,1.0,1.0,0.9166666666666666,-0.3154761904761905,0.9970379664078876,0.9325673094946413
probe_latent,0.26,32.0,18.0,0.1,1.0,2.5,0.0,0.0,1,0.9285714285714286,1.0,0.5,1.0,1.0,0.9166666666666666,-0.3154761904761905,0.991702237107588,0.9319020498479597
probe_latent,0.26,32.0,18.0,0.1,1.0,4.0,0.0,0.0,1,0.9285714285714286,1.0,0.5,1.0,1.0,0.9166666666666666,-0.3154761904761905,0.9971066131099041,0.9326660633446723
probe_latent,0.26,32.0,18.0,0.25,1.0,2.5,0.0,0.0,1,0.9285714285714286,1.0,0.5,1.0,1.0,0.9166666666666666,-0.3154761904761905,0.9919400881358493,0.9320380132930404
probe_latent,0.26,32.0,18.0,0.25,1.0,4.0,0.0,0.0,1,0.9285714285714286,1.0,0.5,1.0,1.0,0.9166666666666666,-0.3154761904761905,0.9972066453371443,0.932815046422672
probe_latent,0.26,32.0,30.0,0.0,1.0,2.5,0.0,0.0,1,0.8571428571428571,0.75,0.5,1.0,1.0,0.9166666666666666,-0.047619047619047644,0.8325636578346537,0.9230952788972187
probe_latent,0.26,32.0,30.0,0.0,1.0,4.0,0.0,0.0,1,0.8571428571428571,0.75,0.5,1.0,1.0,0.9166666666666666,-0.047619047619047644,0.8399042794203833,0.9230991780316056
probe_latent,0.26,32.0,30.0,0.1,1.0,2.5,0.0,0.0,1,0.8571428571428571,0.75,0.5,1.0,1.0,0.9166666666666666,-0.047619047619047644,0.8335427740831364,0.9231338531193001
probe_latent,0.26,32.0,30.0,0.1,1.0,4.0,0.0,0.0,1,0.8571428571428571,0.75,0.5,1.0,1.0,0.9166666666666666,-0.047619047619047644,0.8409978769855849,0.9231380352362261
probe_latent,0.26,32.0,30.0,0.25,1.0,2.5,0.0,0.0,1,0.8571428571428571,0.75,0.5,1.0,1.0,0.9166666666666666,-0.047619047619047644,0.8350221963747653,0.9231921683006251
probe_latent,0.26,32.0,30.0,0.25,1.0,4.0,0.0,0.0,1,0.8571428571428571,0.75,0.5,1.0,1.0,0.9166666666666666,-0.047619047619047644,0.8426488189817106,0.9231967820656646
probe_latent,0.34,4.0,8.0,0.0,1.0,2.5,0.0,0.0,1,0.6428571428571429,0.75,0.5,1.0,1.0,0.9166666666666666,0.0059523809523809035,0.7793548198985836,0.9089776281017018
probe_latent,0.34,4.0,8.0,0.0,1.0,4.0,0.0,0.0,1,0.7142857142857143,0.75,0.5,1.0,1.0,0.9166666666666666,-0.011904761904761946,0.8027923976822992,0.9212977529941577
probe_latent,0.34,4.0,8.0,0.1,1.0,2.5,0.0,0.0,1,0.6428571428571429,0.75,0.5,1.0,1.0,0.9166666666666666,0.0059523809523809035,0.7814883662343614,0.909923957950462
probe_latent,0.34,4.0,8.0,0.1,1.0,4.0,0.0,0.0,1,0.7142857142857143,0.75,0.5,1.0,1.0,0.9166666666666666,-0.011904761904761946,0.8040163882099698,0.9217016338849731
probe_latent,0.34,4.0,8.0,0.25,1.0,2.5,0.0,0.0,1,0.6428571428571429,0.75,0.5,1.0,1.0,0.9166666666666666,0.0059523809523809035,0.7844940881094629,0.9112236015088865
probe_latent,0.34,4.0,8.0,0.25,1.0,4.0,0.0,0.0,1,0.7142857142857143,0.75,0.5,1.0,1.0,0.9166666666666666,-0.011904761904761946,0.8058553340267723,0.922267850172188
probe_latent,0.34,4.0,18.0,0.0,1.0,2.5,0.0,0.0,1,0.5714285714285714,0.75,0.5,1.0,1.0,0.9166666666666666,0.02380952380952378,0.7695885860935766,0.9063426236227619
probe_latent,0.34,4.0,18.0,0.0,1.0,4.0,0.0,0.0,1,0.6428571428571429,0.75,0.5,1.0,1.0,0.9166666666666666,0.0059523809523809035,0.7718510201976476,0.9170409237426115
probe_latent,0.34,4.0,18.0,0.1,1.0,2.5,0.0,0.0,1,0.5714285714285714,0.75,0.5,1.0,1.0,0.9166666666666666,0.02380952380952378,0.7701621825579958,0.9071057231048033
probe_latent,0.34,4.0,18.0,0.1,1.0,4.0,0.0,0.0,1,0.6428571428571429,0.75,0.5,1.0,1.0,0.9166666666666666,0.0059523809523809035,0.7722234114147631,0.9174570900062716
probe_latent,0.34,4.0,18.0,0.25,1.0,2.5,0.0,0.0,1,0.5714285714285714,0.75,0.5,1.0,1.0,0.9166666666666666,0.02380952380952378,0.7709853880758677,0.9081727214650838
probe_latent,0.34,4.0,18.0,0.25,1.0,4.0,0.0,0.0,1,0.6428571428571429,0.75,0.5,1.0,1.0,0.9166666666666666,0.0059523809523809035,0.7727915128191938,0.9180397314661164
probe_latent,0.34,4.0,30.0,0.0,1.0,2.5,0.0,0.0,1,0.5714285714285714,0.75,0.5,1.0,1.0,0.9166666666666666,0.02380952380952378,0.7681392781777097,0.9046350582622456
probe_latent,0.34,4.0,30.0,0.0,1.0,4.0,0.0,0.0,1,0.5714285714285714,0.75,0.5,1.0,1.0,0.9166666666666666,0.02380952380952378,0.7689561563385789,0.9155062615842899
probe_latent,0.34,4.0,30.0,0.1,1.0,2.5,0.0,0.0,1,0.5714285714285714,0.75,0.5,1.0,1.0,0.9166666666666666,0.02380952380952378,0.7685348893190109,0.9054021943022138
probe_latent,0.34,4.0,30.0,0.1,1.0,4.0,0.0,0.0,1,0.5714285714285714,0.75,0.5,1.0,1.0,0.9166666666666666,0.02380952380952378,0.7692497871565297,0.915987976570082
probe_latent,0.34,4.0,30.0,0.25,1.0,2.5,0.0,0.0,1,0.5714285714285714,0.75,0.5,1.0,1.0,0.9166666666666666,0.02380952380952378,0.769110354305042,0.9064812527409338
probe_latent,0.34,4.0,30.0,0.25,1.0,4.0,0.0,0.0,1,0.5714285714285714,0.75,0.5,1.0,1.0,0.9166666666666666,0.02380952380952378,0.769697829433115,0.9166663779922585
probe_latent,0.34,8.0,8.0,0.0,1.0,2.5,0.0,0.0,1,0.8571428571428571,0.75,0.5,1.0,1.0,0.9166666666666666,-0.047619047619047644,0.8443004107330572,0.9291894339719855
probe_latent,0.34,8.0,8.0,0.0,1.0,4.0,0.0,0.0,1,0.8571428571428571,0.75,0.5,1.0,1.0,0.9166666666666666,-0.047619047619047644,0.8719130121687386,0.9312755452468949
probe_latent,0.34,8.0,8.0,0.1,1.0,2.5,0.0,0.0,1,0.8571428571428571,0.75,0.5,1.0,1.0,0.9166666666666666,-0.047619047619047644,0.8455526333657098,0.9293140483839607
probe_latent,0.34,8.0,8.0,0.1,1.0,4.0,0.0,0.0,1,0.8571428571428571,0.75,0.5,1.0,1.0,0.9166666666666666,-0.047619047619047644,0.8735367698243935,0.9313856131615239
probe_latent,0.34,8.0,8.0,0.25,1.0,2.5,0.0,0.0,1,0.8571428571428571,0.75,0.5,1.0,1.0,0.9166666666666666,-0.047619047619047644,0.8474417725235431,0.9294979429312517
probe_latent,0.34,8.0,8.0,0.25,1.0,4.0,0.0,0.0,1,0.9285714285714286,1.0,0.5,1.0,1.0,0.9166666666666666,-0.3154761904761905,0.8759731545810963,0.931551490978659
probe_latent,0.34,8.0,18.0,0.0,1.0,2.5,0.0,0.0,1,0.6428571428571429,0.75,0.5,1.0,1.0,0.9166666666666666,0.0059523809523809035,0.7753469051843264,0.9218666303129379
probe_latent,0.34,8.0,18.0,0.0,1.0,4.0,0.0,0.0,1,0.7142857142857143,0.75,0.5,1.0,1.0,0.9166666666666666,-0.011904761904761946,0.7757422943270108,0.9227256207321807
probe_latent,0.34,8.0,18.0,0.1,1.0,2.5,0.0,0.0,1,0.7142857142857143,0.75,0.5,1.0,1.0,0.9166666666666666,-0.011904761904761946,0.7757448694482169,0.9219533682837376
probe_latent,0.34,8.0,18.0,0.1,1.0,4.0,0.0,0.0,1,0.7142857142857143,0.75,0.5,1.0,1.0,0.9166666666666666,-0.011904761904761946,0.7761687266023081,0.9227677281370851
probe_latent,0.34,8.0,18.0,0.25,1.0,2.5,0.0,0.0,1,0.7142857142857143,0.75,0.5,1.0,1.0,0.9166666666666666,-0.011904761904761946,0.7763521670337162,0.922078934631775
probe_latent,0.34,8.0,18.0,0.25,1.0,4.0,0.0,0.0,1,0.7142857142857143,0.75,0.5,1.0,1.0,0.9166666666666666,-0.011904761904761946,0.7768200686630833,0.9228306105748301
probe_latent,0.34,8.0,30.0,0.0,1.0,2.5,0.0,0.0,1,0.6428571428571429,0.75,0.5,1.0,1.0,0.9166666666666666,0.0059523809523809035,0.7693180715146247,0.9211992000636444
probe_latent,0.34,8.0,30.0,0.0,1.0,4.0,0.0,0.0,1,0.6428571428571429,0.75,0.5,1.0,1.0,0.9166666666666666,0.0059523809523809035,0.7693187859271994,0.9223608859680062
probe_latent,0.34,8.0,30.0,0.1,1.0,2.5,0.0,0.0,1,0.6428571428571429,0.75,0.5,1.0,1.0,0.9166666666666666,0.0059523809523809035,0.7696140044435101,0.921300929137074
probe_latent,0.34,8.0,30.0,0.1,1.0,4.0,0.0,0.0,1,0.6428571428571429,0.75,0.5,1.0,1.0,0.9166666666666666,0.0059523809523809035,0.7696169441911146,0.9224033453244082
probe_latent,0.34,8.0,30.0,0.25,1.0,2.5,0.0,0.0,1,0.6428571428571429,0.75,0.5,1.0,1.0,0.9166666666666666,0.0059523809523809035,0.7700656824831152,0.9214474230403034
probe_latent,0.34,8.0,30.0,0.25,1.0,4.0,0.0,0.0,1,0.6428571428571429,0.75,0.5,1.0,1.0,0.9166666666666666,0.0059523809523809035,0.7700720793214597,0.9224662670948369
probe_latent,0.34,12.0,8.0,0.0,1.0,2.5,0.0,0.0,1,0.9285714285714286,1.0,0.5,1.0,1.0,0.9166666666666666,-0.3154761904761905,0.9064708645430672,0.935987791274547
probe_latent,0.34,12.0,8.0,0.0,1.0,4.0,0.0,0.0,1,0.9285714285714286,1.0,0.5,1.0,1.0,0.9166666666666666,-0.3154761904761905,0.9419673895336971,0.9389376648246293
probe_latent,0.34,12.0,8.0,0.1,1.0,2.5,0.0,0.0,1,0.9285714285714286,1.0,0.5,1.0,1.0,0.9166666666666666,-0.3154761904761905,0.9077071407465763,0.936104312020595
probe_latent,0.34,12.0,8.0,0.1,1.0,4.0,0.0,0.0,1,0.9285714285714286,1.0,0.5,1.0,1.0,0.9166666666666666,-0.3154761904761905,0.9431174110411319,0.9390819300341451
probe_latent,0.34,12.0,8.0,0.25,1.0,2.5,0.0,0.0,1,0.9285714285714286,1.0,0.5,1.0,1.0,0.9166666666666666,-0.3154761904761905,0.9095486763292501,0.9362798780497666
probe_latent,0.34,12.0,8.0,0.25,1.0,4.0,0.0,0.0,1,0.9285714285714286,1.0,0.5,1.0,1.0,0.9166666666666666,-0.3154761904761905,0.944812110092963,0.939299397316025
probe_latent,0.34,12.0,18.0,0.0,1.0,2.5,0.0,0.0,1,0.7142857142857143,0.75,0.5,1.0,1.0,0.9166666666666666,-0.011904761904761946,0.7794955143290301,0.9229263043499166
probe_latent,0.34,12.0,18.0,0.0,1.0,4.0,0.0,0.0,1,0.7142857142857143,0.75,0.5,1.0,1.0,0.9166666666666666,-0.011904761904761946,0.7802017371608903,0.9229669785941185
probe_latent,0.34,12.0,18.0,0.1,1.0,2.5,0.0,0.0,1,0.7142857142857143,0.75,0.5,1.0,1.0,0.9166666666666666,-0.011904761904761946,0.7799498336489107,0.9229660248849988
probe_latent,0.34,12.0,18.0,0.1,1.0,4.0,0.0,0.0,1,0.7142857142857143,0.75,0.5,1.0,1.0,0.9166666666666666,-0.011904761904761946,0.7806919318012148,0.9230052297781285
probe_latent,0.34,12.0,18.0,0.25,1.0,2.5,0.0,0.0,1,0.7142857142857143,0.75,0.5,1.0,1.0,0.9166666666666666,-0.011904761904761946,0.7806426398398332,0.9230258415377013
probe_latent,0.34,12.0,18.0,0.25,1.0,4.0,0.0,0.0,1,0.7142857142857143,0.75,0.5,1.0,1.0,0.9166666666666666,-0.011904761904761946,0.7814400430659094,0.9230630584975171
probe_latent,0.34,12.0,30.0,0.0,1.0,2.5,0.0,0.0,1,0.6428571428571429,0.75,0.5,1.0,1.0,0.9166666666666666,0.0059523809523809035,0.7696812029217311,0.9224171040596811
probe_latent,0.34,12.0,30.0,0.0,1.0,4.0,0.0,0.0,1,0.6428571428571429,0.75,0.5,1.0,1.0,0.9166666666666666,0.0059523809523809035,0.7696845993630919,0.9224758531419006
probe_latent,0.34,12.0,30.0,0.1,1.0,2.5,0.0,0.0,1,0.6428571428571429,0.75,0.5,1.0,1.0,0.9166666666666666,0.0059523809523809035,0.7699822086285703,0.922454557246418
probe_latent,0.34,12.0,30.0,0.1,1.0,4.0,0.0,0.0,1,0.6428571428571429,0.75,0.5,1.0,1.0,0.9166666666666666,0.0059523809523809035,0.7699879142471631,0.9225101399661485
probe_latent,0.34,12.0,30.0,0.25,1.0,2.5,0.0,0.0,1,0.6428571428571429,0.75,0.5,1.0,1.0,0.9166666666666666,0.0059523809523809035,0.7704416030226943,0.9225108040702182
probe_latent,0.34,12.0,30.0,0.25,1.0,4.0,0.0,0.0,1,0.6428571428571429,0.75,0.5,1.0,1.0,0.9166666666666666,0.0059523809523809035,0.7704508922703228,0.9225619567041455
probe_latent,0.34,20.0,8.0,0.0,1.0,2.5,0.0,0.0,1,0.9285714285714286,1.0,0.75,1.0,1.0,0.9583333333333334,-0.2738095238095238,0.9818033777124608,0.9528267938392134
probe_latent,0.34,20.0,8.0,0.0,1.0,4.0,0.0,0.0,1,0.9285714285714286,1.0,0.75,1.0,1.0,0.9583333333333334,-0.2738095238095238,0.9938957635518292,0.9589810484020513
probe_latent,0.34,20.0,8.0,0.1,1.0,2.5,0.0,0.0,1,0.9285714285714286,1.0,0.75,1.0,1.0,0.9583333333333334,-0.2738095238095238,0.9821574436564696,0.9529779294120638
probe_latent,0.34,20.0,8.0,0.1,1.0,4.0,0.0,0.0,1,0.9285714285714286,1.0,0.75,1.0,1.0,0.9583333333333334,-0.2738095238095238,0.994048632828089,0.9591483684349192
probe_latent,0.34,20.0,8.0,0.25,1.0,2.5,0.0,0.0,1,0.9285714285714286,1.0,0.75,1.0,1.0,0.9583333333333334,-0.2738095238095238,0.9826766295292662,0.9532046339075366
probe_latent,0.34,20.0,8.0,0.25,1.0,4.0,0.0,0.0,1,0.9285714285714286,1.0,0.75,1.0,1.0,0.9583333333333334,-0.2738095238095238,0.9942709566072547,0.9593987856477728
probe_latent,0.34,20.0,18.0,0.0,1.0,2.5,0.0,0.0,1,0.8571428571428571,0.75,0.5,1.0,1.0,0.9166666666666666,-0.047619047619047644,0.7895625294707894,0.9233283201596717
probe_latent,0.34,20.0,18.0,0.0,1.0,4.0,0.0,0.0,1,0.8571428571428571,0.75,0.5,1.0,1.0,0.9166666666666666,-0.047619047619047644,0.7911253002767927,0.9233382304344616
probe_latent,0.34,20.0,18.0,0.1,1.0,2.5,0.0,0.0,1,0.8571428571428571,0.75,0.5,1.0,1.0,0.9166666666666666,-0.047619047619047644,0.7901436812768808,0.9233683268682568
probe_latent,0.34,20.0,18.0,0.1,1.0,4.0,0.0,0.0,1,0.8571428571428571,0.75,0.5,1.0,1.0,0.9166666666666666,-0.047619047619047644,0.791759107402911,0.9233788236179135
probe_latent,0.34,20.0,18.0,0.25,1.0,2.5,0.0,0.0,1,0.8571428571428571,0.75,0.5,1.0,1.0,0.9166666666666666,-0.047619047619047644,0.7910283276734663,0.9234288070264892
probe_latent,0.34,20.0,18.0,0.25,1.0,4.0,0.0,0.0,1,0.8571428571428571,0.75,0.5,1.0,1.0,0.9166666666666666,-0.047619047619047644,0.7927244260607699,0.9234401981152384
probe_latent,0.34,20.0,30.0,0.0,1.0,2.5,0.0,0.0,1,0.7142857142857143,0.75,0.5,1.0,1.0,0.9166666666666666,-0.011904761904761946,0.7704261192728166,0.9224908386642846
probe_latent,0.34,20.0,30.0,0.0,1.0,4.0,0.0,0.0,1,0.7142857142857143,0.75,0.5,1.0,1.0,0.9166666666666666,-0.011904761904761946,0.7704352865818136,0.9224908991502933
probe_latent,0.34,20.0,30.0,0.1,1.0,2.5,0.0,0.0,1,0.7142857142857143,0.75,0.5,1.0,1.0,0.9166666666666666,-0.011904761904761946,0.7707374919943514,0.9225250954072992
probe_latent,0.34,20.0,30.0,0.1,1.0,4.0,0.0,0.0,1,0.7142857142857143,0.75,0.5,1.0,1.0,0.9166666666666666,-0.011904761904761946,0.7707491265254993,0.922525168574524
probe_latent,0.34,20.0,30.0,0.25,1.0,2.5,0.0,0.0,1,0.7142857142857143,0.75,0.5,1.0,1.0,0.9166666666666666,-0.011904761904761946,0.7712126491333581,0.9225768823609424
probe_latent,0.34,20.0,30.0,0.25,1.0,4.0,0.0,0.0,1,0.7142857142857143,0.75,0.5,1.0,1.0,0.9166666666666666,-0.011904761904761946,0.771228109161759,0.9225769758022095
probe_latent,0.34,32.0,8.0,0.0,1.0,2.5,0.0,0.0,1,1.0,1.0,1.0,1.0,1.0,1.0,-0.25,0.9990694699087199,0.9779871250483637
probe_latent,0.34,32.0,8.0,0.0,1.0,4.0,0.0,0.0,1,1.0,1.0,1.0,1.0,1.0,1.0,-0.25,0.9998510358380776,0.9838041745365481
probe_latent,0.34,32.0,8.0,0.1,1.0,2.5,0.0,0.0,1,1.0,1.0,1.0,1.0,1.0,1.0,-0.25,0.9990888964537472,0.9780861239804463
probe_latent,0.34,32.0,8.0,0.1,1.0,4.0,0.0,0.0,1,1.0,1.0,1.0,1.0,1.0,1.0,-0.25,0.9998548551232095,0.9838863259070463
probe_latent,0.34,32.0,8.0,0.25,1.0,2.5,0.0,0.0,1,1.0,1.0,1.0,1.0,1.0,1.0,-0.25,0.9991172811750091,0.9782337847099902
probe_latent,0.34,32.0,8.0,0.25,1.0,4.0,0.0,0.0,1,1.0,1.0,1.0,1.0,1.0,1.0,-0.25,0.9998604013355245,0.9840086911933458
probe_latent,0.34,32.0,18.0,0.0,1.0,2.5,0.0,0.0,1,0.8571428571428571,0.75,0.5,1.0,1.0,0.9166666666666666,-0.047619047619047644,0.80963296059998,0.9239193588110987
probe_latent,0.34,32.0,18.0,0.0,1.0,4.0,0.0,0.0,1,0.8571428571428571,0.75,0.5,1.0,1.0,0.9166666666666666,-0.047619047619047644,0.8131137463732032,0.9239384286359212
probe_latent,0.34,32.0,18.0,0.1,1.0,2.5,0.0,0.0,1,0.8571428571428571,0.75,0.5,1.0,1.0,0.9166666666666666,-0.047619047619047644,0.8104242813689779,0.923963082702795
probe_latent,0.34,32.0,18.0,0.1,1.0,4.0,0.0,0.0,1,0.8571428571428571,0.75,0.5,1.0,1.0,0.9166666666666666,-0.047619047619047644,0.8139826257296975,0.9239828580897359
probe_latent,0.34,32.0,18.0,0.25,1.0,2.5,0.0,0.0,1,0.8571428571428571,0.75,0.5,1.0,1.0,0.9166666666666666,-0.047619047619047644,0.8116246116017768,0.9240291759709348
probe_latent,0.34,32.0,18.0,0.25,1.0,4.0,0.0,0.0,1,0.8571428571428571,0.75,0.5,1.0,1.0,0.9166666666666666,-0.047619047619047644,0.8153005757981834,0.9240500257201959
probe_latent,0.34,32.0,30.0,0.0,1.0,2.5,0.0,0.0,1,0.7142857142857143,0.75,0.5,1.0,1.0,0.9166666666666666,-0.011904761904761946,0.771591705919163,0.9225114304898904
probe_latent,0.34,32.0,30.0,0.0,1.0,4.0,0.0,0.0,1,0.7142857142857143,0.75,0.5,1.0,1.0,0.9166666666666666,-0.011904761904761946,0.771610268879605,0.9225113766722183
probe_latent,0.34,32.0,30.0,0.1,1.0,2.5,0.0,0.0,1,0.7142857142857143,0.75,0.5,1.0,1.0,0.9166666666666666,-0.011904761904761946,0.7719191502217563,0.9225458197096654
probe_latent,0.34,32.0,30.0,0.1,1.0,4.0,0.0,0.0,1,0.7142857142857143,0.75,0.5,1.0,1.0,0.9166666666666666,-0.011904761904761946,0.7719404292613028,0.9225457857574032
probe_latent,0.34,32.0,30.0,0.25,1.0,2.5,0.0,0.0,1,0.7142857142857143,0.75,0.5,1.0,1.0,0.9166666666666666,-0.011904761904761946,0.7724187350456703,0.922597807675739
probe_latent,0.34,32.0,30.0,0.25,1.0,4.0,0.0,0.0,1,0.7142857142857143,0.75,0.5,1.0,1.0,0.9166666666666666,-0.011904761904761946,0.7724442201164188,0.9225978040677768
probe_latent,0.42,4.0,8.0,0.0,1.0,2.5,0.0,0.0,1,0.5714285714285714,0.75,0.25,1.0,1.0,0.875,-0.01785714285714285,0.7140664494368303,0.8886119260981121
probe_latent,0.42,4.0,8.0,0.0,1.0,4.0,0.0,0.0,1,0.5714285714285714,0.75,0.25,1.0,1.0,0.875,-0.01785714285714285,0.7673429554849943,0.9022440557890624
probe_latent,0.42,4.0,8.0,0.1,1.0,2.5,0.0,0.0,1,0.5714285714285714,0.75,0.25,1.0,1.0,0.875,-0.01785714285714285,0.7186959280476748,0.8899223195121192
probe_latent,0.42,4.0,8.0,0.1,1.0,4.0,0.0,0.0,1,0.5714285714285714,0.75,0.5,1.0,1.0,0.9166666666666666,0.02380952380952378,0.7694473737197851,0.9030759469362302
probe_latent,0.42,4.0,8.0,0.25,1.0,2.5,0.0,0.0,1,0.5714285714285714,0.75,0.25,1.0,1.0,0.875,-0.01785714285714285,0.7252481641092391,0.8917320239740757
probe_latent,0.42,4.0,8.0,0.25,1.0,4.0,0.0,0.0,1,0.5714285714285714,0.75,0.5,1.0,1.0,0.9166666666666666,0.02380952380952378,0.7723557108860422,0.9043022573007148
probe_latent,0.42,4.0,18.0,0.0,1.0,2.5,0.0,0.0,1,0.5714285714285714,0.75,0.25,1.0,1.0,0.875,-0.01785714285714285,0.7242134189562701,0.8845887223488359
probe_latent,0.42,4.0,18.0,0.0,1.0,4.0,0.0,0.0,1,0.5714285714285714,0.75,0.25,1.0,1.0,0.875,-0.01785714285714285,0.7616355226450201,0.8876722770137926
probe_latent,0.42,4.0,18.0,0.1,1.0,2.5,0.0,0.0,1,0.5714285714285714,0.75,0.25,1.0,1.0,0.875,-0.01785714285714285,0.7274818841913201,0.885132555839805
probe_latent,0.42,4.0,18.0,0.1,1.0,4.0,0.0,0.0,1,0.5714285714285714,0.75,0.25,1.0,1.0,0.875,-0.01785714285714285,0.7627692551116524,0.8880135205003122
probe_latent,0.42,4.0,18.0,0.25,1.0,2.5,0.0,0.0,1,0.5714285714285714,0.75,0.25,1.0,1.0,0.875,-0.01785714285714285,0.7320853566498977,0.8858810776837674
probe_latent,0.42,4.0,18.0,0.25,1.0,4.0,0.0,0.0,1,0.5714285714285714,0.75,0.25,1.0,1.0,0.875,-0.01785714285714285,0.7643159072346033,0.8885426443652359
probe_latent,0.42,4.0,30.0,0.0,1.0,2.5,0.0,0.0,1,0.5714285714285714,0.75,0.25,1.0,1.0,0.875,-0.01785714285714285,0.7393274233233178,0.8832125771978651
probe_latent,0.42,4.0,30.0,0.0,1.0,4.0,0.0,0.0,1,0.5714285714285714,0.75,0.25,1.0,1.0,0.875,-0.01785714285714285,0.7652335098597819,0.8844524365079166
probe_latent,0.42,4.0,30.0,0.1,1.0,2.5,0.0,0.0,1,0.5714285714285714,0.75,0.25,1.0,1.0,0.875,-0.01785714285714285,0.7417526219640672,0.8835651582151208
probe_latent,0.42,4.0,30.0,0.1,1.0,4.0,0.0,0.0,1,0.5714285714285714,0.75,0.25,1.0,1.0,0.875,-0.01785714285714285,0.7659118345429302,0.8846255408721763
probe_latent,0.42,4.0,30.0,0.25,1.0,2.5,0.0,0.0,1,0.5714285714285714,0.75,0.25,1.0,1.0,0.875,-0.01785714285714285,0.7451331736286428,0.8840377023302506
probe_latent,0.42,4.0,30.0,0.25,1.0,4.0,0.0,0.0,1,0.5714285714285714,0.75,0.25,1.0,1.0,0.875,-0.01785714285714285,0.7668541535754184,0.88489382284288
probe_latent,0.42,8.0,8.0,0.0,1.0,2.5,0.0,0.0,1,0.6428571428571429,0.75,0.5,1.0,1.0,0.9166666666666666,0.0059523809523809035,0.7953885533451401,0.91688946303784
probe_latent,0.42,8.0,8.0,0.0,1.0,4.0,0.0,0.0,1,0.7142857142857143,0.75,0.5,1.0,1.0,0.9166666666666666,-0.011904761904761946,0.803107876863402,0.9232084616772838
probe_latent,0.42,8.0,8.0,0.1,1.0,2.5,0.0,0.0,1,0.7142857142857143,0.75,0.5,1.0,1.0,0.9166666666666666,-0.011904761904761946,0.7962594924418473,0.9172913869920906
probe_latent,0.42,8.0,8.0,0.1,1.0,4.0,0.0,0.0,1,0.7142857142857143,0.75,0.5,1.0,1.0,0.9166666666666666,-0.011904761904761946,0.8040394629137021,0.923437527568835
probe_latent,0.42,8.0,8.0,0.25,1.0,2.5,0.0,0.0,1,0.7142857142857143,0.75,0.5,1.0,1.0,0.9166666666666666,-0.011904761904761946,0.7975639458387972,0.9178752786295821
probe_latent,0.42,8.0,8.0,0.25,1.0,4.0,0.0,0.0,1,0.7142857142857143,0.75,0.5,1.0,1.0,0.9166666666666666,-0.011904761904761946,0.8054572701158235,0.9237643460081766
probe_latent,0.42,8.0,18.0,0.0,1.0,2.5,0.0,0.0,1,0.5714285714285714,0.75,0.25,1.0,1.0,0.875,-0.01785714285714285,0.769243319382845,0.8928687926858213
probe_latent,0.42,8.0,18.0,0.0,1.0,4.0,0.0,0.0,1,0.5714285714285714,0.75,0.25,1.0,1.0,0.875,-0.01785714285714285,0.7700199729106176,0.8961841278016606
probe_latent,0.42,8.0,18.0,0.1,1.0,2.5,0.0,0.0,1,0.5714285714285714,0.75,0.25,1.0,1.0,0.875,-0.01785714285714285,0.7696118242952525,0.8932678291806133
probe_latent,0.42,8.0,18.0,0.1,1.0,4.0,0.0,0.0,1,0.5714285714285714,0.75,0.25,1.0,1.0,0.875,-0.01785714285714285,0.7703344402767036,0.896716690431612
probe_latent,0.42,8.0,18.0,0.25,1.0,2.5,0.0,0.0,1,0.5714285714285714,0.75,0.25,1.0,1.0,0.875,-0.01785714285714285,0.770164028576017,0.8938785121825226
probe_latent,0.42,8.0,18.0,0.25,1.0,4.0,0.0,0.0,1,0.5714285714285714,0.75,0.25,1.0,1.0,0.875,-0.01785714285714285,0.7708141112026082,0.8975273221659182
probe_latent,0.42,8.0,30.0,0.0,1.0,2.5,0.0,0.0,1,0.5714285714285714,0.75,0.25,1.0,1.0,0.875,-0.01785714285714285,0.7683931028208674,0.885540130750881
probe_latent,0.42,8.0,30.0,0.0,1.0,4.0,0.0,0.0,1,0.5714285714285714,0.75,0.25,1.0,1.0,0.875,-0.01785714285714285,0.7686741097668244,0.885783303109496
probe_latent,0.42,8.0,30.0,0.1,1.0,2.5,0.0,0.0,1,0.5714285714285714,0.75,0.25,1.0,1.0,0.875,-0.01785714285714285,0.7687009214694286,0.8857319597150463
probe_latent,0.42,8.0,30.0,0.1,1.0,4.0,0.0,0.0,1,0.5714285714285714,0.75,0.25,1.0,1.0,0.875,-0.01785714285714285,0.7689596229272442,0.8859981336006998
probe_latent,0.42,8.0,30.0,0.25,1.0,2.5,0.0,0.0,1,0.5714285714285714,0.75,0.25,1.0,1.0,0.875,-0.01785714285714285,0.769166742583532,0.8860286053655001
probe_latent,0.42,8.0,30.0,0.25,1.0,4.0,0.0,0.0,1,0.5714285714285714,0.75,0.25,1.0,1.0,0.875,-0.01785714285714285,0.7693953127306832,0.886331298282579
probe_latent,0.42,12.0,8.0,0.0,1.0,2.5,0.0,0.0,1,0.8571428571428571,0.75,0.5,1.0,1.0,0.9166666666666666,-0.047619047619047644,0.8209498473224164,0.9263695675687299
probe_latent,0.42,12.0,8.0,0.0,1.0,4.0,0.0,0.0,1,0.8571428571428571,0.75,0.5,1.0,1.0,0.9166666666666666,-0.047619047619047644,0.8331084226516664,0.9281423714017846
probe_latent,0.42,12.0,8.0,0.1,1.0,2.5,0.0,0.0,1,0.8571428571428571,0.75,0.5,1.0,1.0,0.9166666666666666,-0.047619047619047644,0.8219307475634449,0.9265059536083186
probe_latent,0.42,12.0,8.0,0.1,1.0,4.0,0.0,0.0,1,0.8571428571428571,0.75,0.5,1.0,1.0,0.9166666666666666,-0.047619047619047644,0.8343310868657089,0.9282334136872364
probe_latent,0.42,12.0,8.0,0.25,1.0,2.5,0.0,0.0,1,0.8571428571428571,0.75,0.5,1.0,1.0,0.9166666666666666,-0.047619047619047644,0.8234166259763018,0.9267055492633721
probe_latent,0.42,12.0,8.0,0.25,1.0,4.0,0.0,0.0,1,0.8571428571428571,0.75,0.5,1.0,1.0,0.9166666666666666,-0.047619047619047644,0.8361814486578499,0.9283693815760596
probe_latent,0.42,12.0,18.0,0.0,1.0,2.5,0.0,0.0,1,0.5714285714285714,0.75,0.25,1.0,1.0,0.875,-0.01785714285714285,0.7707588653845815,0.9015815970922082
probe_latent,0.42,12.0,18.0,0.0,1.0,4.0,0.0,0.0,1,0.5714285714285714,0.75,0.5,1.0,1.0,0.9166666666666666,0.02380952380952378,0.7707933060856531,0.9071609228237366
probe_latent,0.42,12.0,18.0,0.1,1.0,2.5,0.0,0.0,1,0.5714285714285714,0.75,0.5,1.0,1.0,0.9166666666666666,0.02380952380952378,0.7710781569128217,0.9020564327562632
probe_latent,0.42,12.0,18.0,0.1,1.0,4.0,0.0,0.0,1,0.5714285714285714,0.75,0.5,1.0,1.0,0.9166666666666666,0.02380952380952378,0.7711166954532367,0.9076883568011094
probe_latent,0.42,12.0,18.0,0.25,1.0,2.5,0.0,0.0,1,0.5714285714285714,0.75,0.5,1.0,1.0,0.9166666666666666,0.02380952380952378,0.7715652797898815,0.9027685016487564
probe_latent,0.42,12.0,18.0,0.25,1.0,4.0,0.0,0.0,1,0.5714285714285714,0.75,0.5,1.0,1.0,0.9166666666666666,0.02380952380952378,0.7716103420879881,0.9084664868107443
probe_latent,0.42,12.0,30.0,0.0,1.0,2.5,0.0,0.0,1,0.5714285714285714,0.75,0.25,1.0,1.0,0.875,-0.01785714285714285,0.7687067077956473,0.8870281092673432
probe_latent,0.42,12.0,30.0,0.0,1.0,4.0,0.0,0.0,1,0.5714285714285714,0.75,0.25,1.0,1.0,0.875,-0.01785714285714285,0.7687088361564807,0.887501606783271
probe_latent,0.42,12.0,30.0,0.1,1.0,2.5,0.0,0.0,1,0.5714285714285714,0.75,0.25,1.0,1.0,0.875,-0.01785714285714285,0.7689923112954403,0.8872607294921204
probe_latent,0.42,12.0,30.0,0.1,1.0,4.0,0.0,0.0,1,0.5714285714285714,0.75,0.25,1.0,1.0,0.875,-0.01785714285714285,0.7689944320126334,0.8877668889585556
probe_latent,0.42,12.0,30.0,0.25,1.0,2.5,0.0,0.0,1,0.5714285714285714,0.75,0.25,1.0,1.0,0.875,-0.01785714285714285,0.7694281834615666,0.8876197157866151
probe_latent,0.42,12.0,30.0,0.25,1.0,4.0,0.0,0.0,1,0.5714285714285714,0.75,0.25,1.0,1.0,0.875,-0.01785714285714285,0.7694303325903423,0.8881771088046366
probe_latent,0.42,20.0,8.0,0.0,1.0,2.5,0.0,0.0,1,0.9285714285714286,1.0,0.5,1.0,1.0,0.9166666666666666,-0.3154761904761905,0.8838947474066073,0.9333996008765614
probe_latent,0.42,20.0,8.0,0.0,1.0,4.0,0.0,0.0,1,0.9285714285714286,1.0,0.5,1.0,1.0,0.9166666666666666,-0.3154761904761905,0.9071442176509614,0.9347534215485803
probe_latent,0.42,20.0,8.0,0.1,1.0,2.5,0.0,0.0,1,0.9285714285714286,1.0,0.5,1.0,1.0,0.9166666666666666,-0.3154761904761905,0.8850853412816302,0.9334981782987972
probe_latent,0.42,20.0,8.0,0.1,1.0,4.0,0.0,0.0,1,0.9285714285714286,1.0,0.5,1.0,1.0,0.9166666666666666,-0.3154761904761905,0.9084221265737847,0.9348652757691999
probe_latent,0.42,20.0,8.0,0.25,1.0,2.5,0.0,0.0,1,0.9285714285714286,1.0,0.5,1.0,1.0,0.9166666666666666,-0.3154761904761905,0.8868677169403717,0.9336467723412191
probe_latent,0.42,20.0,8.0,0.25,1.0,4.0,0.0,0.0,1,0.9285714285714286,1.0,0.5,1.0,1.0,0.9166666666666666,-0.3154761904761905,0.910324890117935,0.9350340284206781
probe_latent,0.42,20.0,18.0,0.0,1.0,2.5,0.0,0.0,1,0.5714285714285714,0.75,0.5,1.0,1.0,0.9166666666666666,0.02380952380952378,0.7723378020581857,0.9165548129608857
probe_latent,0.42,20.0,18.0,0.0,1.0,4.0,0.0,0.0,1,0.6428571428571429,0.75,0.5,1.0,1.0,0.9166666666666666,0.0059523809523809035,0.7723860230555318,0.9199856316075975
probe_latent,0.42,20.0,18.0,0.1,1.0,2.5,0.0,0.0,1,0.6428571428571429,0.75,0.5,1.0,1.0,0.9166666666666666,0.0059523809523809035,0.7726778660459696,0.9168067228381651
probe_latent,0.42,20.0,18.0,0.1,1.0,4.0,0.0,0.0,1,0.6428571428571429,0.75,0.5,1.0,1.0,0.9166666666666666,0.0059523809523809035,0.7727317221176156,0.9201456800500057
probe_latent,0.42,20.0,18.0,0.25,1.0,2.5,0.0,0.0,1,0.6428571428571429,0.75,0.5,1.0,1.0,0.9166666666666666,0.0059523809523809035,0.7731967022006919,0.9171729096734816
probe_latent,0.42,20.0,18.0,0.25,1.0,4.0,0.0,0.0,1,0.6428571428571429,0.75,0.5,1.0,1.0,0.9166666666666666,0.0059523809523809035,0.7732592808823798,0.9203759930414744
probe_latent,0.42,20.0,30.0,0.0,1.0,2.5,0.0,0.0,1,0.5714285714285714,0.75,0.25,1.0,1.0,0.875,-0.01785714285714285,0.7687725700232099,0.8911205140039997
probe_latent,0.42,20.0,30.0,0.0,1.0,4.0,0.0,0.0,1,0.5714285714285714,0.75,0.25,1.0,1.0,0.875,-0.01785714285714285,0.7687722600149643,0.8923032274702996
probe_latent,0.42,20.0,30.0,0.1,1.0,2.5,0.0,0.0,1,0.5714285714285714,0.75,0.25,1.0,1.0,0.875,-0.01785714285714285,0.7690588609355081,0.8914443996727567
probe_latent,0.42,20.0,30.0,0.1,1.0,4.0,0.0,0.0,1,0.5714285714285714,0.75,0.25,1.0,1.0,0.875,-0.01785714285714285,0.769058743912331,0.8926778932721823
probe_latent,0.42,20.0,30.0,0.25,1.0,2.5,0.0,0.0,1,0.5714285714285714,0.75,0.25,1.0,1.0,0.875,-0.01785714285714285,0.7694958126231018,0.8919405528827967
probe_latent,0.42,20.0,30.0,0.25,1.0,4.0,0.0,0.0,1,0.5714285714285714,0.75,0.25,1.0,1.0,0.875,-0.01785714285714285,0.7694959953479837,0.8932515088026638
probe_latent,0.42,32.0,8.0,0.0,1.0,2.5,0.0,0.0,1,0.9285714285714286,1.0,0.5,1.0,1.0,0.9166666666666666,-0.3154761904761905,0.9627914962685858,0.9453463779405563
probe_latent,0.42,32.0,8.0,0.0,1.0,4.0,0.0,0.0,1,0.9285714285714286,1.0,0.5,1.0,1.0,0.9166666666666666,-0.3154761904761905,0.9784527624582141,0.9482817542489391
probe_latent,0.42,32.0,8.0,0.1,1.0,2.5,0.0,0.0,1,0.9285714285714286,1.0,0.5,1.0,1.0,0.9166666666666666,-0.3154761904761905,0.9633942334197598,0.9454807464208471
probe_latent,0.42,32.0,8.0,0.1,1.0,4.0,0.0,0.0,1,0.9285714285714286,1.0,0.5,1.0,1.0,0.9166666666666666,-0.3154761904761905,0.9788811894798174,0.9484317332763085
probe_latent,0.42,32.0,8.0,0.25,1.0,2.5,0.0,0.0,1,0.9285714285714286,1.0,0.5,1.0,1.0,0.9166666666666666,-0.3154761904761905,0.9642831477031717,0.9456827406156513
probe_latent,0.42,32.0,8.0,0.25,1.0,4.0,0.0,0.0,1,0.9285714285714286,1.0,0.5,1.0,1.0,0.9166666666666666,-0.3154761904761905,0.9795093392075073,0.9486570005411409
probe_latent,0.42,32.0,18.0,0.0,1.0,2.5,0.0,0.0,1,0.6428571428571429,0.75,0.5,1.0,1.0,0.9166666666666666,0.0059523809523809035,0.774889426778068,0.9222817409187383
probe_latent,0.42,32.0,18.0,0.0,1.0,4.0,0.0,0.0,1,0.7142857142857143,0.75,0.5,1.0,1.0,0.9166666666666666,-0.011904761904761946,0.7749814609956518,0.9226588776562826
probe_latent,0.42,32.0,18.0,0.1,1.0,2.5,0.0,0.0,1,0.6428571428571429,0.75,0.5,1.0,1.0,0.9166666666666666,0.0059523809523809035,0.7752640249849507,0.9223378569110273
probe_latent,0.42,32.0,18.0,0.1,1.0,4.0,0.0,0.0,1,0.7142857142857143,0.75,0.5,1.0,1.0,0.9166666666666666,-0.011904761904761946,0.7753627743299358,0.9227006932038471
probe_latent,0.42,32.0,18.0,0.25,1.0,2.5,0.0,0.0,1,0.6428571428571429,0.75,0.5,1.0,1.0,0.9166666666666666,0.0059523809523809035,0.7758353038929436,0.9224209464184132
probe_latent,0.42,32.0,18.0,0.25,1.0,4.0,0.0,0.0,1,0.7142857142857143,0.75,0.5,1.0,1.0,0.9166666666666666,-0.011904761904761946,0.7759444240148625,0.9227633271457926
probe_latent,0.42,32.0,30.0,0.0,1.0,2.5,0.0,0.0,1,0.5714285714285714,0.75,0.25,1.0,1.0,0.875,-0.01785714285714285,0.7688680082519127,0.8998683494342986
probe_latent,0.42,32.0,30.0,0.0,1.0,4.0,0.0,0.0,1,0.5714285714285714,0.75,0.5,1.0,1.0,0.9166666666666666,0.02380952380952378,0.7688677620893506,0.9023355818461517
probe_latent,0.42,32.0,30.0,0.1,1.0,2.5,0.0,0.0,1,0.5714285714285714,0.75,0.25,1.0,1.0,0.875,-0.01785714285714285,0.7691556340494172,0.9002853349245656
probe_latent,0.42,32.0,30.0,0.1,1.0,4.0,0.0,0.0,1,0.5714285714285714,0.75,0.5,1.0,1.0,0.9166666666666666,0.02380952380952378,0.7691555827058636,0.9027909359988845
probe_latent,0.42,32.0,30.0,0.25,1.0,2.5,0.0,0.0,1,0.5714285714285714,0.75,0.25,1.0,1.0,0.875,-0.01785714285714285,0.7695946161285363,0.9009128891102032
probe_latent,0.42,32.0,30.0,0.25,1.0,4.0,0.0,0.0,1,0.5714285714285714,0.75,0.5,1.0,1.0,0.9166666666666666,0.02380952380952378,0.7695948673393398,0.9034725288717057
