risk_source,risk_threshold,eta_null,kappa,lambda_penalty,beta_base,beta_collapse,null_key_scale,null_value_scale,benign_collapse,benign_complex_collapse,direct_jailbreak_collapse,obfuscated_jailbreak_collapse,long_context_jailbreak_collapse,jailbreak_collapse,score,mean_m_null_benign_complex,mean_m_null_jailbreak
surface,0.1,4.0,8.0,0.0,1.0,2.5,0.0,0.0,0.0,0.0,0.0,0.0,0.0,0.0,0.0,3.768300410002079e-282,8.318242226996997e-139
surface,0.1,4.0,8.0,0.0,1.0,4.0,0.0,0.0,0.0,0.0,0.0,0.0,0.0,0.0,0.0,0.0,1.3442269294898714e-210
surface,0.1,4.0,8.0,0.1,1.0,2.5,0.0,0.0,0.0,0.0,0.0,0.0,0.0,0.0,0.0,3.768300410002079e-282,8.754733762511062e-139
surface,0.1,4.0,8.0,0.1,1.0,4.0,0.0,0.0,0.0,0.0,0.0,0.0,0.0,0.0,0.0,0.0,1.4536916141069478e-210
surface,0.1,4.0,8.0,0.25,1.0,2.5,0.0,0.0,0.0,0.0,0.0,0.0,0.0,0.0,0.0,3.768300410002079e-282,9.452790096157116e-139
surface,0.1,4.0,8.0,0.25,1.0,4.0,0.0,0.0,0.0,0.0,0.0,0.0,0.0,0.0,0.0,0.0,1.63482708959199e-210
surface,0.1,4.0,18.0,0.0,1.0,2.5,0.0,0.0,0.0,0.0,0.0,0.0,0.0,0.0,0.0,2.453136459861157e-234,1.9921138426988217e-154
surface,0.1,4.0,18.0,0.0,1.0,4.0,0.0,0.0,0.0,0.0,0.0,0.0,0.0,0.0,0.0,5.002001500720088e-275,3.8426129748829655e-242
surface,0.1,4.0,18.0,0.1,1.0,2.5,0.0,0.0,0.0,0.0,0.0,0.0,0.0,0.0,0.0,2.453136459861157e-234,2.1096360858514567e-154
surface,0.1,4.0,18.0,0.1,1.0,4.0,0.0,0.0,0.0,0.0,0.0,0.0,0.0,0.0,0.0,5.002001500720088e-275,4.207172914362472e-242
surface,0.1,4.0,18.0,0.25,1.0,2.5,0.0,0.0,0.0,0.0,0.0,0.0,0.0,0.0,0.0,2.453136459861157e-234,2.299045857765791e-154
surface,0.1,4.0,18.0,0.25,1.0,4.0,0.0,0.0,0.0,0.0,0.0,0.0,0.0,0.0,0.0,5.002001500720088e-275,4.819876798552217e-242
surface,0.1,4.0,30.0,0.0,1.0,2.5,0.0,0.0,0.0,0.0,0.0,0.0,0.0,0.0,0.0,1.9949570817476004e-207,7.930705100220682e-160
surface,0.1,4.0,30.0,0.0,1.0,4.0,0.0,0.0,0.0,0.0,0.0,0.0,0.0,0.0,0.0,4.832639516140387e-221,4.7842679646692147e-253
surface,0.1,4.0,30.0,0.1,1.0,2.5,0.0,0.0,0.0,0.0,0.0,0.0,0.0,0.0,0.0,1.9949570817476004e-207,8.416634809966424e-160
surface,0.1,4.0,30.0,0.1,1.0,4.0,0.0,0.0,0.0,0.0,0.0,0.0,0.0,0.0,0.0,4.832639516140387e-221,5.2607273543238706e-253
surface,0.1,4.0,30.0,0.25,1.0,2.5,0.0,0.0,0.0,0.0,0.0,0.0,0.0,0.0,0.0,1.9949570817476004e-207,9.201921163554449e-160
surface,0.1,4.0,30.0,0.25,1.0,4.0,0.0,0.0,0.0,0.0,0.0,0.0,0.0,0.0,0.0,4.832639516140387e-221,6.065844062069514e-253
surface,0.1,8.0,8.0,0.0,1.0,2.5,0.0,0.0,0.0,0.0,0.0,0.0,0.0,0.0,0.0,2.3183042618078708e-281,5.1430405729453894e-136
surface,0.1,8.0,8.0,0.0,1.0,4.0,0.0,0.0,0.0,0.0,0.0,0.0,0.0,0.0,0.0,0.0,2.517890335380318e-206
surface,0.1,8.0,8.0,0.1,1.0,2.5,0.0,0.0,0.0,0.0,0.0,0.0,0.0,0.0,0.0,2.3183042618078708e-281,5.412916541405436e-136
surface,0.1,8.0,8.0,0.1,1.0,4.0,0.0,0.0,0.0,0.0,0.0,0.0,0.0,0.0,0.0,0.0,2.722930173086431e-206
surface,0.1,8.0,8.0,0.25,1.0,2.5,0.0,0.0,0.0,0.0,0.0,0.0,0.0,0.0,0.0,2.3183042618078708e-281,5.844513980885056e-136
surface,0.1,8.0,8.0,0.25,1.0,4.0,0.0,0.0,0.0,0.0,0.0,0.0,0.0,0.0,0.0,0.0,3.062217575468249e-206
surface,0.1,8.0,18.0,0.0,1.0,2.5,0.0,0.0,0.0,0.0,0.0,0.0,0.0,0.0,0.0,4.881741401573645e-234,1.3780116984401206e-150
surface,0.1,8.0,18.0,0.0,1.0,4.0,0.0,0.0,0.0,0.0,0.0,0.0,0.0,0.0,0.0,1.1231283872292132e-274,4.536180112930535e-236
surface,0.1,8.0,18.0,0.1,1.0,2.5,0.0,0.0,0.0,0.0,0.0,0.0,0.0,0.0,0.0,4.881741401573645e-234,1.459305760265351e-150
surface,0.1,8.0,18.0,0.1,1.0,4.0,0.0,0.0,0.0,0.0,0.0,0.0,0.0,0.0,0.0,1.1231283872292132e-274,4.966540796727599e-236
surface,0.1,8.0,18.0,0.25,1.0,2.5,0.0,0.0,0.0,0.0,0.0,0.0,0.0,0.0,0.0,4.881741401573645e-234,1.5903268273863068e-150
surface,0.1,8.0,18.0,0.25,1.0,4.0,0.0,0.0,0.0,0.0,0.0,0.0,0.0,0.0,0.0,1.1231283872292132e-274,5.689833824868553e-236
surface,0.1,8.0,30.0,0.0,1.0,2.5,0.0,0.0,0.0,0.0,0.0,0.0,0.0,0.0,0.0,2.444452840074614e-207,1.3809084880533298e-155
surface,0.1,8.0,30.0,0.0,1.0,4.0,0.0,0.0,0.0,0.0,0.0,0.0,0.0,0.0,0.0,6.001964643051991e-221,2.818440600742877e-246
surface,0.1,8.0,30.0,0.1,1.0,2.5,0.0,0.0,0.0,0.0,0.0,0.0,0.0,0.0,0.0,2.444452840074614e-207,1.4655194340291814e-155
surface,0.1,8.0,30.0,0.1,1.0,4.0,0.0,0.0,0.0,0.0,0.0,0.0,0.0,0.0,0.0,6.001964643051991e-221,3.099125649808831e-246
surface,0.1,8.0,30.0,0.25,1.0,2.5,0.0,0.0,0.0,0.0,0.0,0.0,0.0,0.0,0.0,2.444452840074614e-207,1.6022548916610606e-155
surface,0.1,8.0,30.0,0.25,1.0,4.0,0.0,0.0,0.0,0.0,0.0,0.0,0.0,0.0,0.0,6.001964643051991e-221,3.573424671979853e-246
surface,0.1,12.0,8.0,0.0,1.0,2.5,0.0,0.0,0.0,0.0,0.0,0.0,0.0,0.0,0.0,1.426248989080189e-280,3.1798624773289488e-133
surface,0.1,12.0,8.0,0.0,1.0,4.0,0.0,0.0,0.0,0.0,0.0,0.0,0.0,0.0,0.0,0.0,4.716295739892583e-202
surface,0.1,12.0,8.0,0.1,1.0,2.5,0.0,0.0,0.0,0.0,0.0,0.0,0.0,0.0,0.0,1.426248989080189e-280,3.3467226164756723e-133
surface,0.1,12.0,8.0,0.1,1.0,4.0,0.0,0.0,0.0,0.0,0.0,0.0,0.0,0.0,0.0,0.0,5.100358738782303e-202
surface,0.1,12.0,8.0,0.25,1.0,2.5,0.0,0.0,0.0,0.0,0.0,0.0,0.0,0.0,0.0,1.426248989080189e-280,3.613572641017968e-133
surface,0.1,12.0,8.0,0.25,1.0,4.0,0.0,0.0,0.0,0.0,0.0,0.0,0.0,0.0,0.0,0.0,5.735882735982479e-202
surface,0.1,12.0,18.0,0.0,1.0,2.5,0.0,0.0,0.0,0.0,0.0,0.0,0.0,0.0,0.0,9.714665083565844e-234,9.532167290526248e-147
surface,0.1,12.0,18.0,0.0,1.0,4.0,0.0,0.0,0.0,0.0,0.0,0.0,0.0,0.0,0.0,2.5218252613851544e-274,5.354931696593999e-230
surface,0.1,12.0,18.0,0.1,1.0,2.5,0.0,0.0,0.0,0.0,0.0,0.0,0.0,0.0,0.0,9.714665083565844e-234,1.0094505475261298e-146
surface,0.1,12.0,18.0,0.1,1.0,4.0,0.0,0.0,0.0,0.0,0.0,0.0,0.0,0.0,0.0,2.5218252613851544e-274,5.8629697394537955e-230
surface,0.1,12.0,18.0,0.25,1.0,2.5,0.0,0.0,0.0,0.0,0.0,0.0,0.0,0.0,0.0,9.714665083565844e-234,1.1000821968650985e-146
surface,0.1,12.0,18.0,0.25,1.0,4.0,0.0,0.0,0.0,0.0,0.0,0.0,0.0,0.0,0.0,2.5218252613851544e-274,6.716812546814289e-230
surface,0.1,12.0,30.0,0.0,1.0,2.5,0.0,0.0,0.0,0.0,0.0,0.0,0.0,0.0,0.0,2.9952271865989447e-207,2.4044624384339675e-151
surface,0.1,12.0,30.0,0.0,1.0,4.0,0.0,0.0,0.0,0.0,0.0,0.0,0.0,0.0,0.0,7.454224437003856e-221,1.6603600547832384e-239
surface,0.1,12.0,30.0,0.1,1.0,2.5,0.0,0.0,0.0,0.0,0.0,0.0,0.0,0.0,0.0,2.9952271865989447e-207,2.5517885235723795e-151
surface,0.1,12.0,30.0,0.1,1.0,4.0,0.0,0.0,0.0,0.0,0.0,0.0,0.0,0.0,0.0,7.454224437003856e-221,1.8257132800103893e-239
surface,0.1,12.0,30.0,0.25,1.0,2.5,0.0,0.0,0.0,0.0,0.0,0.0,0.0,0.0,0.0,2.9952271865989447e-207,2.7898747361797108e-151
surface,0.1,12.0,30.0,0.25,1.0,4.0,0.0,0.0,0.0,0.0,0.0,0.0,0.0,0.0,0.0,7.454224437003856e-221,2.1051256437933783e-239
surface,0.1,20.0,8.0,0.0,1.0,2.5,0.0,0.0,0.0,0.0,0.0,0.0,0.0,0.0,0.0,5.398152900583473e-279,1.2155843865555477e-127
surface,0.1,20.0,8.0,0.0,1.0,4.0,0.0,0.0,0.0,0.0,0.0,0.0,0.0,0.0,0.0,0.0,1.6547388702122051e-193
surface,0.1,20.0,8.0,0.1,1.0,2.5,0.0,0.0,0.0,0.0,0.0,0.0,0.0,0.0,0.0,5.398152900583473e-279,1.279370975230798e-127
surface,0.1,20.0,8.0,0.1,1.0,4.0,0.0,0.0,0.0,0.0,0.0,0.0,0.0,0.0,0.0,0.0,1.7894895321559712e-193
surface,0.1,20.0,8.0,0.25,1.0,2.5,0.0,0.0,0.0,0.0,0.0,0.0,0.0,0.0,0.0,5.398152900583473e-279,1.3813812746378505e-127
surface,0.1,20.0,8.0,0.25,1.0,4.0,0.0,0.0,0.0,0.0,0.0,0.0,0.0,0.0,0.0,0.0,2.0124666987964407e-193
surface,0.1,20.0,18.0,0.0,1.0,2.5,0.0,0.0,0.0,0.0,0.0,0.0,0.0,0.0,0.0,3.847104277728767e-233,4.5610954207058685e-139
surface,0.1,20.0,18.0,0.0,1.0,4.0,0.0,0.0,0.0,0.0,0.0,0.0,0.0,0.0,0.0,1.271411583552059e-273,7.462446429713741e-218
surface,0.1,20.0,18.0,0.1,1.0,2.5,0.0,0.0,0.0,0.0,0.0,0.0,0.0,0.0,0.0,3.847104277728767e-233,4.8301714913527036e-139
surface,0.1,20.0,18.0,0.1,1.0,4.0,0.0,0.0,0.0,0.0,0.0,0.0,0.0,0.0,0.0,1.271411583552059e-273,8.170430563574729e-218
surface,0.1,20.0,18.0,0.25,1.0,2.5,0.0,0.0,0.0,0.0,0.0,0.0,0.0,0.0,0.0,3.847104277728767e-233,5.263839500077055e-139
surface,0.1,20.0,18.0,0.25,1.0,4.0,0.0,0.0,0.0,0.0,0.0,0.0,0.0,0.0,0.0,1.271411583552059e-273,9.360316181233834e-218
surface,0.1,20.0,30.0,0.0,1.0,2.5,0.0,0.0,0.0,0.0,0.0,0.0,0.0,0.0,0.0,4.4970320321289406e-207,7.289944014787055e-143
surface,0.1,20.0,30.0,0.0,1.0,4.0,0.0,0.0,0.0,0.0,0.0,0.0,0.0,0.0,0.0,1.1497952986487828e-220,5.7622096669301345e-226
surface,0.1,20.0,30.0,0.1,1.0,2.5,0.0,0.0,0.0,0.0,0.0,0.0,0.0,0.0,0.0,4.4970320321289406e-207,7.736613047918749e-143
surface,0.1,20.0,30.0,0.1,1.0,4.0,0.0,0.0,0.0,0.0,0.0,0.0,0.0,0.0,0.0,1.1497952986487828e-220,6.336061073507339e-226
surface,0.1,20.0,30.0,0.25,1.0,2.5,0.0,0.0,0.0,0.0,0.0,0.0,0.0,0.0,0.0,4.4970320321289406e-207,8.45845221365367e-143
surface,0.1,20.0,30.0,0.25,1.0,4.0,0.0,0.0,0.0,0.0,0.0,0.0,0.0,0.0,0.0,1.1497952986487828e-220,7.305749918412929e-226
surface,0.1,32.0,8.0,0.0,1.0,2.5,0.0,0.0,0.0,0.0,0.0,0.0,0.0,0.0,0.0,1.2569555781844158e-276,2.873096915880227e-119
surface,0.1,32.0,8.0,0.0,1.0,4.0,0.0,0.0,0.0,0.0,0.0,0.0,0.0,0.0,0.0,0.0,1.0874821234728546e-180
surface,0.1,32.0,8.0,0.1,1.0,2.5,0.0,0.0,0.0,0.0,0.0,0.0,0.0,0.0,0.0,1.2569555781844158e-276,3.0238598355296626e-119
surface,0.1,32.0,8.0,0.1,1.0,4.0,0.0,0.0,0.0,0.0,0.0,0.0,0.0,0.0,0.0,0.0,1.1760392599660508e-180
surface,0.1,32.0,8.0,0.25,1.0,2.5,0.0,0.0,0.0,0.0,0.0,0.0,0.0,0.0,0.0,1.2569555781844158e-276,3.264966483374266e-119
surface,0.1,32.0,8.0,0.25,1.0,4.0,0.0,0.0,0.0,0.0,0.0,0.0,0.0,0.0,0.0,0.0,1.3225782015653629e-180
surface,0.1,32.0,18.0,0.0,1.0,2.5,0.0,0.0,0.0,0.0,0.0,0.0,0.0,0.0,0.0,3.0317483263144108e-232,1.5096817726824877e-127
surface,0.1,32.0,18.0,0.0,1.0,4.0,0.0,0.0,0.0,0.0,0.0,0.0,0.0,0.0,0.0,1.4392721554999198e-272,1.2276432004453821e-199
surface,0.1,32.0,18.0,0.1,1.0,2.5,0.0,0.0,0.0,0.0,0.0,0.0,0.0,0.0,0.0,3.0317483263144108e-232,1.5987435444394322e-127
surface,0.1,32.0,18.0,0.1,1.0,4.0,0.0,0.0,0.0,0.0,0.0,0.0,0.0,0.0,0.0,1.4392721554999198e-272,1.344113303935424e-199
surface,0.1,32.0,18.0,0.25,1.0,2.5,0.0,0.0,0.0,0.0,0.0,0.0,0.0,0.0,0.0,3.0317483263144108e-232,1.7422837749714524e-127
surface,0.1,32.0,18.0,0.25,1.0,4.0,0.0,0.0,0.0,0.0,0.0,0.0,0.0,0.0,0.0,1.4392721554999198e-272,1.5398607711481281e-199
surface,0.1,32.0,30.0,0.0,1.0,2.5,0.0,0.0,0.0,0.0,0.0,0.0,0.0,0.0,0.0,8.273138579911244e-207,3.8484290739387694e-130
surface,0.1,32.0,30.0,0.0,1.0,4.0,0.0,0.0,0.0,0.0,0.0,0.0,0.0,0.0,0.0,2.2026608076161434e-220,1.1780649284184932e-205
surface,0.1,32.0,30.0,0.1,1.0,2.5,0.0,0.0,0.0,0.0,0.0,0.0,0.0,0.0,0.0,8.273138579911244e-207,4.0842298002605816e-130
surface,0.1,32.0,30.0,0.1,1.0,4.0,0.0,0.0,0.0,0.0,0.0,0.0,0.0,0.0,0.0,2.2026608076161434e-220,1.2953869724413008e-205
surface,0.1,32.0,30.0,0.25,1.0,2.5,0.0,0.0,0.0,0.0,0.0,0.0,0.0,0.0,0.0,8.273138579911244e-207,4.465295392326465e-130
surface,0.1,32.0,30.0,0.25,1.0,4.0,0.0,0.0,0.0,0.0,0.0,0.0,0.0,0.0,0.0,2.2026608076161434e-220,1.4936366866469478e-205
surface,0.18,4.0,8.0,0.0,1.0,2.5,0.0,0.0,0.0,0.0,0.0,0.0,0.0,0.0,0.0,1.7615022584516035e-248,2.7181874363893402e-126
surface,0.18,4.0,8.0,0.0,1.0,4.0,0.0,0.0,0.0,0.0,0.0,0.0,0.0,0.0,0.0,2.113004415358937e-303,2.5053236416216133e-185
surface,0.18,4.0,8.0,0.1,1.0,2.5,0.0,0.0,0.0,0.0,0.0,0.0,0.0,0.0,0.0,1.7615022584516035e-248,2.8468246008536734e-126
surface,0.18,4.0,8.0,0.1,1.0,4.0,0.0,0.0,0.0,0.0,0.0,0.0,0.0,0.0,0.0,2.113004415358937e-303,2.6828932186807086e-185
surface,0.18,4.0,8.0,0.25,1.0,2.5,0.0,0.0,0.0,0.0,0.0,0.0,0.0,0.0,0.0,1.7615022584516035e-248,3.0512842977667196e-126
surface,0.18,4.0,8.0,0.25,1.0,4.0,0.0,0.0,0.0,0.0,0.0,0.0,0.0,0.0,0.0,2.113004415358937e-303,2.973121889213963e-185
surface,0.18,4.0,18.0,0.0,1.0,2.5,0.0,0.0,0.0,0.0,0.0,0.0,0.0,0.0,0.0,1.1961121238022691e-204,4.036147757827932e-138
surface,0.18,4.0,18.0,0.0,1.0,4.0,0.0,0.0,0.0,0.0,0.0,0.0,0.0,0.0,0.0,1.8064715946684735e-215,3.2629163114143996e-209
surface,0.18,4.0,18.0,0.1,1.0,2.5,0.0,0.0,0.0,0.0,0.0,0.0,0.0,0.0,0.0,1.1961121238022691e-204,4.246794636428312e-138
surface,0.18,4.0,18.0,0.1,1.0,4.0,0.0,0.0,0.0,0.0,0.0,0.0,0.0,0.0,0.0,1.8064715946684735e-215,3.5267223834232337e-209
surface,0.18,4.0,18.0,0.25,1.0,2.5,0.0,0.0,0.0,0.0,0.0,0.0,0.0,0.0,0.0,1.1961121238022691e-204,4.583556248457614e-138
surface,0.18,4.0,18.0,0.25,1.0,4.0,0.0,0.0,0.0,0.0,0.0,0.0,0.0,0.0,0.0,1.8064715946684735e-215,3.962956297591404e-209
surface,0.18,4.0,30.0,0.0,1.0,2.5,0.0,0.0,0.0,0.0,0.0,0.0,0.0,0.0,0.0,3.560615121609693e-195,2.612569388689468e-148
surface,0.18,4.0,30.0,0.0,1.0,4.0,0.0,0.0,0.0,0.0,0.0,0.0,0.0,0.0,0.0,1.8124322862550755e-196,9.106299904681888e-230
surface,0.18,4.0,30.0,0.1,1.0,2.5,0.0,0.0,0.0,0.0,0.0,0.0,0.0,0.0,0.0,3.560728551773051e-195,2.7599913312307346e-148
surface,0.18,4.0,30.0,0.1,1.0,4.0,0.0,0.0,0.0,0.0,0.0,0.0,0.0,0.0,0.0,1.8124322862555153e-196,9.887977140514926e-230
surface,0.18,4.0,30.0,0.25,1.0,2.5,0.0,0.0,0.0,0.0,0.0,0.0,0.0,0.0,0.0,3.56090023156875e-195,2.9968675146290086e-148
surface,0.18,4.0,30.0,0.25,1.0,4.0,0.0,0.0,0.0,0.0,0.0,0.0,0.0,0.0,0.0,1.8124322862561812e-196,1.1193120175657238e-229
surface,0.18,8.0,8.0,0.0,1.0,2.5,0.0,0.0,0.0,0.0,0.0,0.0,0.0,0.0,0.0,4.723198028120127e-248,3.175487641024948e-124
surface,0.18,8.0,8.0,0.0,1.0,4.0,0.0,0.0,0.0,0.0,0.0,0.0,0.0,0.0,0.0,7.060865733719993e-303,2.889268586744175e-182
surface,0.18,8.0,8.0,0.1,1.0,2.5,0.0,0.0,0.0,0.0,0.0,0.0,0.0,0.0,0.0,4.723198028120127e-248,3.3257663600214535e-124
surface,0.18,8.0,8.0,0.1,1.0,4.0,0.0,0.0,0.0,0.0,0.0,0.0,0.0,0.0,0.0,7.060865733719993e-303,3.094050991873364e-182
surface,0.18,8.0,8.0,0.25,1.0,2.5,0.0,0.0,0.0,0.0,0.0,0.0,0.0,0.0,0.0,4.723198028120127e-248,3.5646237809421804e-124
surface,0.18,8.0,8.0,0.25,1.0,4.0,0.0,0.0,0.0,0.0,0.0,0.0,0.0,0.0,0.0,7.060865733719993e-303,3.4287576807870135e-182
surface,0.18,8.0,18.0,0.0,1.0,2.5,0.0,0.0,0.0,0.0,0.0,0.0,0.0,0.0,0.0,1.4026316536624867e-204,2.263768650881106e-135
surface,0.18,8.0,18.0,0.0,1.0,4.0,0.0,0.0,0.0,0.0,0.0,0.0,0.0,0.0,0.0,2.1365056799942122e-215,5.18254442197815e-205
surface,0.18,8.0,18.0,0.1,1.0,2.5,0.0,0.0,0.0,0.0,0.0,0.0,0.0,0.0,0.0,1.4026316536624867e-204,2.381914920243187e-135
surface,0.18,8.0,18.0,0.1,1.0,4.0,0.0,0.0,0.0,0.0,0.0,0.0,0.0,0.0,0.0,2.1365056799942122e-215,5.60155200798047e-205
surface,0.18,8.0,18.0,0.25,1.0,2.5,0.0,0.0,0.0,0.0,0.0,0.0,0.0,0.0,0.0,1.4026316536624867e-204,2.570795611901111e-135
surface,0.18,8.0,18.0,0.25,1.0,4.0,0.0,0.0,0.0,0.0,0.0,0.0,0.0,0.0,0.0,2.1365056799942122e-215,6.294429612790978e-205
surface,0.18,8.0,30.0,0.0,1.0,2.5,0.0,0.0,0.0,0.0,0.0,0.0,0.0,0.0,0.0,3.627794743558359e-195,6.710625780354276e-145
surface,0.18,8.0,30.0,0.0,1.0,4.0,0.0,0.0,0.0,0.0,0.0,0.0,0.0,0.0,0.0,1.845771667571786e-196,1.8506143675246912e-224
surface,0.18,8.0,30.0,0.1,1.0,2.5,0.0,0.0,0.0,0.0,0.0,0.0,0.0,0.0,0.0,3.627925542493294e-195,7.089292656147222e-145
surface,0.18,8.0,30.0,0.1,1.0,4.0,0.0,0.0,0.0,0.0,0.0,0.0,0.0,0.0,0.0,1.8457716675722967e-196,2.0163811138149587e-224
surface,0.18,8.0,30.0,0.25,1.0,2.5,0.0,0.0,0.0,0.0,0.0,0.0,0.0,0.0,0.0,3.6281235104214235e-195,7.697731011869427e-145
surface,0.18,8.0,30.0,0.25,1.0,4.0,0.0,0.0,0.0,0.0,0.0,0.0,0.0,0.0,0.0,1.84577166757307e-196,2.2932830411934084e-224
surface,0.18,12.0,8.0,0.0,1.0,2.5,0.0,0.0,0.0,0.0,0.0,0.0,0.0,0.0,0.0,1.2664530803639227e-247,3.709722745130754e-122
surface,0.18,12.0,8.0,0.0,1.0,4.0,0.0,0.0,0.0,0.0,0.0,0.0,0.0,0.0,0.0,2.3594756616330983e-302,3.3320537225852805e-179
surface,0.18,12.0,8.0,0.1,1.0,2.5,0.0,0.0,0.0,0.0,0.0,0.0,0.0,0.0,0.0,1.2664530803639227e-247,3.885283932889149e-122
surface,0.18,12.0,8.0,0.1,1.0,4.0,0.0,0.0,0.0,0.0,0.0,0.0,0.0,0.0,0.0,2.3594756616330983e-302,3.568219366188389e-179
surface,0.18,12.0,8.0,0.25,1.0,2.5,0.0,0.0,0.0,0.0,0.0,0.0,0.0,0.0,0.0,1.2664530803639227e-247,4.1643260541007727e-122
surface,0.18,12.0,8.0,0.25,1.0,4.0,0.0,0.0,0.0,0.0,0.0,0.0,0.0,0.0,0.0,2.3594756616330983e-302,3.954220402535677e-179
surface,0.18,12.0,18.0,0.0,1.0,2.5,0.0,0.0,0.0,0.0,0.0,0.0,0.0,0.0,0.0,1.6448086401815284e-204,1.2696880323008573e-132
surface,0.18,12.0,18.0,0.0,1.0,4.0,0.0,0.0,0.0,0.0,0.0,0.0,0.0,0.0,0.0,2.5268354809008237e-215,8.231521780628397e-201
surface,0.18,12.0,18.0,0.1,1.0,2.5,0.0,0.0,0.0,0.0,0.0,0.0,0.0,0.0,0.0,1.6448086401815284e-204,1.3359531536114953e-132
surface,0.18,12.0,18.0,0.1,1.0,4.0,0.0,0.0,0.0,0.0,0.0,0.0,0.0,0.0,0.0,2.5268354809008237e-215,8.897038520976982e-201
surface,0.18,12.0,18.0,0.25,1.0,2.5,0.0,0.0,0.0,0.0,0.0,0.0,0.0,0.0,0.0,1.6448086401815284e-204,1.4418913437341556e-132
surface,0.18,12.0,18.0,0.25,1.0,4.0,0.0,0.0,0.0,0.0,0.0,0.0,0.0,0.0,0.0,2.5268354809008237e-215,9.997547581954864e-201
surface,0.18,12.0,30.0,0.0,1.0,2.5,0.0,0.0,0.0,0.0,0.0,0.0,0.0,0.0,0.0,3.696526833715348e-195,1.7236862132317307e-141
surface,0.18,12.0,30.0,0.0,1.0,4.0,0.0,0.0,0.0,0.0,0.0,0.0,0.0,0.0,0.0,1.8797243210958786e-196,3.944107937109389e-219
surface,0.18,12.0,30.0,0.1,1.0,2.5,0.0,0.0,0.0,0.0,0.0,0.0,0.0,0.0,0.0,3.696677660980986e-195,1.8209502977710088e-141
surface,0.18,12.0,30.0,0.1,1.0,4.0,0.0,0.0,0.0,0.0,0.0,0.0,0.0,0.0,0.0,1.8797243210964717e-196,4.2973971570675136e-219
surface,0.18,12.0,30.0,0.25,1.0,2.5,0.0,0.0,0.0,0.0,0.0,0.0,0.0,0.0,0.0,3.696905942360331e-195,1.9772333091751077e-141
surface,0.18,12.0,30.0,0.25,1.0,4.0,0.0,0.0,0.0,0.0,0.0,0.0,0.0,0.0,0.0,1.8797243210973695e-196,4.887542456886396e-219
surface,0.18,20.0,8.0,0.0,1.0,2.5,0.0,0.0,0.0,0.0,0.0,0.0,0.0,0.0,0.0,9.105315630836215e-247,5.062948441856468e-118
surface,0.18,20.0,8.0,0.0,1.0,4.0,0.0,0.0,0.0,0.0,0.0,0.0,0.0,0.0,0.0,2.6346965284941233e-301,4.4315959126973674e-173
surface,0.18,20.0,8.0,0.1,1.0,2.5,0.0,0.0,0.0,0.0,0.0,0.0,0.0,0.0,0.0,9.105315630836215e-247,5.302550510010623e-118
surface,0.18,20.0,8.0,0.1,1.0,4.0,0.0,0.0,0.0,0.0,0.0,0.0,0.0,0.0,0.0,2.6346965284941233e-301,4.745693699842001e-173
surface,0.18,20.0,8.0,0.25,1.0,2.5,0.0,0.0,0.0,0.0,0.0,0.0,0.0,0.0,0.0,9.105315630836215e-247,5.6833810922030715e-118
surface,0.18,20.0,8.0,0.25,1.0,4.0,0.0,0.0,0.0,0.0,0.0,0.0,0.0,0.0,0.0,2.6346965284941233e-301,5.2590709612525314e-173
surface,0.18,20.0,18.0,0.0,1.0,2.5,0.0,0.0,0.0,0.0,0.0,0.0,0.0,0.0,0.0,2.2618242963841804e-204,3.9941741385491135e-127
surface,0.18,20.0,18.0,0.0,1.0,4.0,0.0,0.0,0.0,0.0,0.0,0.0,0.0,0.0,0.0,3.5344577608545595e-215,2.0766070704273803e-192
surface,0.18,20.0,18.0,0.1,1.0,2.5,0.0,0.0,0.0,0.0,0.0,0.0,0.0,0.0,0.0,2.2618242963841804e-204,4.202630410557477e-127
surface,0.18,20.0,18.0,0.1,1.0,4.0,0.0,0.0,0.0,0.0,0.0,0.0,0.0,0.0,0.0,3.5344577608545595e-215,2.244500299082623e-192
surface,0.18,20.0,18.0,0.25,1.0,2.5,0.0,0.0,0.0,0.0,0.0,0.0,0.0,0.0,0.0,2.2618242963841804e-204,4.535889895177389e-127
surface,0.18,20.0,18.0,0.25,1.0,4.0,0.0,0.0,0.0,0.0,0.0,0.0,0.0,0.0,0.0,3.5344577608545595e-215,2.522131210838724e-192
surface,0.18,20.0,30.0,0.0,1.0,2.5,0.0,0.0,0.0,0.0,0.0,0.0,0.0,0.0,0.0,3.838969994416945e-195,1.1372307179850715e-134
surface,0.18,20.0,30.0,0.0,1.0,4.0,0.0,0.0,0.0,0.0,0.0,0.0,0.0,0.0,0.0,1.9495147764280635e-196,1.7914915430335902e-208
surface,0.18,20.0,30.0,0.1,1.0,2.5,0.0,0.0,0.0,0.0,0.0,0.0,0.0,0.0,0.0,3.8391705483382865e-195,1.201402319431753e-134
surface,0.18,20.0,30.0,0.1,1.0,4.0,0.0,0.0,0.0,0.0,0.0,0.0,0.0,0.0,0.0,1.949514776428863e-196,1.9519624682448084e-208
surface,0.18,20.0,30.0,0.25,1.0,2.5,0.0,0.0,0.0,0.0,0.0,0.0,0.0,0.0,0.0,3.839474092432938e-195,1.3045126418927755e-134
surface,0.18,20.0,30.0,0.25,1.0,4.0,0.0,0.0,0.0,0.0,0.0,0.0,0.0,0.0,0.0,1.9495147764300734e-196,2.2200180921390624e-208
surface,0.18,32.0,8.0,0.0,1.0,2.5,0.0,0.0,0.0,0.0,0.0,0.0,0.0,0.0,0.0,1.7553101149592897e-245,8.072286786360063e-112
surface,0.18,32.0,8.0,0.0,1.0,4.0,0.0,0.0,0.0,0.0,0.0,0.0,0.0,0.0,0.0,9.831125614113344e-300,6.797236651358405e-164
surface,0.18,32.0,8.0,0.1,1.0,2.5,0.0,0.0,0.0,0.0,0.0,0.0,0.0,0.0,0.0,1.7553101149592897e-245,8.45430462259861e-112
surface,0.18,32.0,8.0,0.1,1.0,4.0,0.0,0.0,0.0,0.0,0.0,0.0,0.0,0.0,0.0,9.831125614113344e-300,7.279003724202954e-164
surface,0.18,32.0,8.0,0.25,1.0,2.5,0.0,0.0,0.0,0.0,0.0,0.0,0.0,0.0,0.0,1.7553101149592897e-245,9.061495020007967e-112
surface,0.18,32.0,8.0,0.25,1.0,4.0,0.0,0.0,0.0,0.0,0.0,0.0,0.0,0.0,0.0,9.831125614113344e-300,8.066428120735916e-164
surface,0.18,32.0,18.0,0.0,1.0,2.5,0.0,0.0,0.0,0.0,0.0,0.0,0.0,0.0,0.0,3.647321899770205e-204,7.047286851881284e-119
surface,0.18,32.0,18.0,0.0,1.0,4.0,0.0,0.0,0.0,0.0,0.0,0.0,0.0,0.0,0.0,5.847113714810987e-215,8.320810346865799e-180
surface,0.18,32.0,18.0,0.1,1.0,2.5,0.0,0.0,0.0,0.0,0.0,0.0,0.0,0.0,0.0,3.647321899770205e-204,7.415085323845347e-119
surface,0.18,32.0,18.0,0.1,1.0,4.0,0.0,0.0,0.0,0.0,0.0,0.0,0.0,0.0,0.0,5.847113714810987e-215,8.993546048317878e-180
surface,0.18,32.0,18.0,0.25,1.0,2.5,0.0,0.0,0.0,0.0,0.0,0.0,0.0,0.0,0.0,3.647321899770205e-204,8.003085521823632e-119
surface,0.18,32.0,18.0,0.25,1.0,4.0,0.0,0.0,0.0,0.0,0.0,0.0,0.0,0.0,0.0,5.847113714810987e-215,1.0105992498129226e-179
surface,0.18,32.0,30.0,0.0,1.0,2.5,0.0,0.0,0.0,0.0,0.0,0.0,0.0,0.0,0.0,4.0665550318786315e-195,1.927232643064312e-124
surface,0.18,32.0,30.0,0.0,1.0,4.0,0.0,0.0,0.0,0.0,0.0,0.0,0.0,0.0,0.0,2.059088851733969e-196,1.7342580476303256e-192
surface,0.18,32.0,30.0,0.1,1.0,2.5,0.0,0.0,0.0,0.0,0.0,0.0,0.0,0.0,0.0,4.066862541074983e-195,2.035982435969143e-124
surface,0.18,32.0,30.0,0.1,1.0,4.0,0.0,0.0,0.0,0.0,0.0,0.0,0.0,0.0,0.0,2.0590888517352204e-196,1.889602344141482e-192
surface,0.18,32.0,30.0,0.25,1.0,2.5,0.0,0.0,0.0,0.0,0.0,0.0,0.0,0.0,0.0,4.067327965036674e-195,2.2107205749774405e-124
surface,0.18,32.0,30.0,0.25,1.0,4.0,0.0,0.0,0.0,0.0,0.0,0.0,0.0,0.0,0.0,2.0590888517371153e-196,2.1490942880241673e-192
surface,0.26,4.0,8.0,0.0,1.0,2.5,0.0,0.0,0.0,0.0,0.0,0.0,0.0,0.0,0.0,1.4486051440321218e-225,1.0840742306165391e-111
surface,0.26,4.0,8.0,0.0,1.0,4.0,0.0,0.0,0.0,0.0,0.0,0.0,0.0,0.0,0.0,1.9736828908963876e-257,7.635511878685037e-156
surface,0.26,4.0,8.0,0.1,1.0,2.5,0.0,0.0,0.0,0.0,0.0,0.0,0.0,0.0,0.0,1.4486051440321524e-225,1.128951632519621e-111
surface,0.26,4.0,8.0,0.1,1.0,4.0,0.0,0.0,0.0,0.0,0.0,0.0,0.0,0.0,0.0,1.9736828908963876e-257,8.084398622963658e-156
surface,0.26,4.0,8.0,0.25,1.0,2.5,0.0,0.0,0.0,0.0,0.0,0.0,0.0,0.0,0.0,1.448605144032199e-225,1.199775000333337e-111
surface,0.26,4.0,8.0,0.25,1.0,4.0,0.0,0.0,0.0,0.0,0.0,0.0,0.0,0.0,0.0,1.9736828908963876e-257,8.807690857727671e-156
surface,0.26,4.0,18.0,0.0,1.0,2.5,0.0,0.0,0.0,0.0,0.0,0.0,0.0,0.0,0.0,2.768718985779846e-196,4.077157276242367e-107
surface,0.26,4.0,18.0,0.0,1.0,4.0,0.0,0.0,0.0,0.0,0.0,0.0,0.0,0.0,0.0,3.7018255544346524e-199,1.3244313615726916e-146
surface,0.26,4.0,18.0,0.1,1.0,2.5,0.0,0.0,0.0,0.0,0.0,0.0,0.0,0.0,0.0,2.7769804261555556e-196,4.238436892868054e-107
surface,0.26,4.0,18.0,0.1,1.0,4.0,0.0,0.0,0.0,0.0,0.0,0.0,0.0,0.0,0.0,3.70182557806983e-199,1.3973426069653498e-146
surface,0.26,4.0,18.0,0.25,1.0,2.5,0.0,0.0,0.0,0.0,0.0,0.0,0.0,0.0,0.0,2.789483851251002e-196,4.4923967672014224e-107
surface,0.26,4.0,18.0,0.25,1.0,4.0,0.0,0.0,0.0,0.0,0.0,0.0,0.0,0.0,0.0,3.701825613855027e-199,1.5143040009887541e-146
surface,0.26,4.0,30.0,0.0,1.0,2.5,0.0,0.0,0.0,0.0,0.0,0.0,0.0,0.0,0.0,4.926472589223814e-189,7.914666708204824e-102
surface,0.26,4.0,30.0,0.0,1.0,4.0,0.0,0.0,0.0,0.0,0.0,0.0,0.0,0.0,0.0,6.448229063429643e-190,6.318508847170145e-136
surface,0.26,4.0,30.0,0.1,1.0,2.5,0.0,0.0,0.0,0.0,0.0,0.0,0.0,0.0,0.0,4.960413052067742e-189,8.210993741695868e-102
surface,0.26,4.0,30.0,0.1,1.0,4.0,0.0,0.0,0.0,0.0,0.0,0.0,0.0,0.0,0.0,6.492862389224439e-190,6.639229943299581e-136
surface,0.26,4.0,30.0,0.25,1.0,2.5,0.0,0.0,0.0,0.0,0.0,0.0,0.0,0.0,0.0,5.011762684425341e-189,8.676415790259474e-102
surface,0.26,4.0,30.0,0.25,1.0,4.0,0.0,0.0,0.0,0.0,0.0,0.0,0.0,0.0,0.0,6.560392349032866e-190,7.151092221533738e-136
surface,0.26,8.0,8.0,0.0,1.0,2.5,0.0,0.0,0.0,0.0,0.0,0.0,0.0,0.0,0.0,2.432271409333586e-225,2.4316052321129825e-110
surface,0.26,8.0,8.0,0.0,1.0,4.0,0.0,0.0,0.0,0.0,0.0,0.0,0.0,0.0,0.0,3.568432004736832e-257,6.098970688553947e-154
surface,0.26,8.0,8.0,0.1,1.0,2.5,0.0,0.0,0.0,0.0,0.0,0.0,0.0,0.0,0.0,2.432271409333662e-225,2.532266351240507e-110
surface,0.26,8.0,8.0,0.1,1.0,4.0,0.0,0.0,0.0,0.0,0.0,0.0,0.0,0.0,0.0,3.568432004736832e-257,6.45752518225833e-154
surface,0.26,8.0,8.0,0.25,1.0,2.5,0.0,0.0,0.0,0.0,0.0,0.0,0.0,0.0,0.0,2.432271409333777e-225,2.6911249117228013e-110
surface,0.26,8.0,8.0,0.25,1.0,4.0,0.0,0.0,0.0,0.0,0.0,0.0,0.0,0.0,0.0,3.568432004736832e-257,7.03526485566502e-154
surface,0.26,8.0,18.0,0.0,1.0,2.5,0.0,0.0,0.0,0.0,0.0,0.0,0.0,0.0,0.0,2.988383187744796e-196,5.812319748141335e-106
surface,0.26,8.0,18.0,0.0,1.0,4.0,0.0,0.0,0.0,0.0,0.0,0.0,0.0,0.0,0.0,3.844391333422934e-199,5.201200972029375e-145
surface,0.26,8.0,18.0,0.1,1.0,2.5,0.0,0.0,0.0,0.0,0.0,0.0,0.0,0.0,0.0,2.997779851678574e-196,6.042236976536823e-106
surface,0.26,8.0,18.0,0.1,1.0,4.0,0.0,0.0,0.0,0.0,0.0,0.0,0.0,0.0,0.0,3.8443913604590145e-199,5.4875321866253924e-145
surface,0.26,8.0,18.0,0.25,1.0,2.5,0.0,0.0,0.0,0.0,0.0,0.0,0.0,0.0,0.0,3.012001401226823e-196,6.404277460337769e-106
surface,0.26,8.0,18.0,0.25,1.0,4.0,0.0,0.0,0.0,0.0,0.0,0.0,0.0,0.0,0.0,3.8443914013934e-199,5.946853623685044e-145
surface,0.26,8.0,30.0,0.0,1.0,2.5,0.0,0.0,0.0,0.0,0.0,0.0,0.0,0.0,0.0,4.989692292312777e-189,6.936962409678255e-101
surface,0.26,8.0,30.0,0.0,1.0,4.0,0.0,0.0,0.0,0.0,0.0,0.0,0.0,0.0,0.0,6.531367686913928e-190,1.1763321703059742e-134
surface,0.26,8.0,30.0,0.1,1.0,2.5,0.0,0.0,0.0,0.0,0.0,0.0,0.0,0.0,0.0,5.024068305280475e-189,7.196683958049696e-101
surface,0.26,8.0,30.0,0.1,1.0,4.0,0.0,0.0,0.0,0.0,0.0,0.0,0.0,0.0,0.0,6.576576512201148e-190,1.2360415973556523e-134
surface,0.26,8.0,30.0,0.25,1.0,2.5,0.0,0.0,0.0,0.0,0.0,0.0,0.0,0.0,0.0,5.076076895614922e-189,7.604612096346942e-101
surface,0.26,8.0,30.0,0.25,1.0,4.0,0.0,0.0,0.0,0.0,0.0,0.0,0.0,0.0,0.0,6.644977199361867e-190,1.3313362434844798e-134
surface,0.26,12.0,8.0,0.0,1.0,2.5,0.0,0.0,0.0,0.0,0.0,0.0,0.0,0.0,0.0,4.083890101478784e-225,5.454150498048797e-109
surface,0.26,12.0,8.0,0.0,1.0,4.0,0.0,0.0,0.0,0.0,0.0,0.0,0.0,0.0,0.0,6.4517491797521265e-257,4.871637167336072e-152
surface,0.26,12.0,8.0,0.1,1.0,2.5,0.0,0.0,0.0,0.0,0.0,0.0,0.0,0.0,0.0,4.0838901014789705e-225,5.679935870515057e-109
surface,0.26,12.0,8.0,0.1,1.0,4.0,0.0,0.0,0.0,0.0,0.0,0.0,0.0,0.0,0.0,6.4517491797521265e-257,5.158037526879328e-152
surface,0.26,12.0,8.0,0.25,1.0,2.5,0.0,0.0,0.0,0.0,0.0,0.0,0.0,0.0,0.0,4.0838901014792524e-225,6.036259539065859e-109
surface,0.26,12.0,8.0,0.25,1.0,4.0,0.0,0.0,0.0,0.0,0.0,0.0,0.0,0.0,0.0,6.4517491797521265e-257,5.619515079361214e-152
surface,0.26,12.0,18.0,0.0,1.0,2.5,0.0,0.0,0.0,0.0,0.0,0.0,0.0,0.0,0.0,3.232124169646667e-196,8.285935166516131e-105
surface,0.26,12.0,18.0,0.0,1.0,4.0,0.0,0.0,0.0,0.0,0.0,0.0,0.0,0.0,0.0,3.992447682057081e-199,2.0425740688678938e-143
surface,0.26,12.0,18.0,0.1,1.0,2.5,0.0,0.0,0.0,0.0,0.0,0.0,0.0,0.0,0.0,3.242812050823413e-196,8.613700900457267e-105
surface,0.26,12.0,18.0,0.1,1.0,4.0,0.0,0.0,0.0,0.0,0.0,0.0,0.0,0.0,0.0,3.9924477129834256e-199,2.155019774616711e-143
surface,0.26,12.0,18.0,0.25,1.0,2.5,0.0,0.0,0.0,0.0,0.0,0.0,0.0,0.0,0.0,3.2589878162644343e-196,9.129819095329125e-105
surface,0.26,12.0,18.0,0.25,1.0,4.0,0.0,0.0,0.0,0.0,0.0,0.0,0.0,0.0,0.0,3.992447759807924e-199,2.3354008176985974e-143
surface,0.26,12.0,30.0,0.0,1.0,2.5,0.0,0.0,0.0,0.0,0.0,0.0,0.0,0.0,0.0,5.053723278300256e-189,6.080034605045613e-100
surface,0.26,12.0,30.0,0.0,1.0,4.0,0.0,0.0,0.0,0.0,0.0,0.0,0.0,0.0,0.0,6.615578287617306e-190,2.1900062314805547e-133
surface,0.26,12.0,30.0,0.1,1.0,2.5,0.0,0.0,0.0,0.0,0.0,0.0,0.0,0.0,0.0,5.088540430705904e-189,6.307672569404661e-100
surface,0.26,12.0,30.0,0.1,1.0,4.0,0.0,0.0,0.0,0.0,0.0,0.0,0.0,0.0,0.0,6.661370032853746e-190,2.301168725049795e-133
surface,0.26,12.0,30.0,0.25,1.0,2.5,0.0,0.0,0.0,0.0,0.0,0.0,0.0,0.0,0.0,5.141216435272777e-189,6.665209060269704e-100
surface,0.26,12.0,30.0,0.25,1.0,4.0,0.0,0.0,0.0,0.0,0.0,0.0,0.0,0.0,0.0,6.730652674474311e-190,2.4785810870653495e-133
surface,0.26,20.0,8.0,0.0,1.0,2.5,0.0,0.0,0.0,0.0,0.0,0.0,0.0,0.0,0.0,1.1513253580329515e-224,2.744070176674942e-106
surface,0.26,20.0,8.0,0.0,1.0,4.0,0.0,0.0,0.0,0.0,0.0,0.0,0.0,0.0,0.0,2.1090048290142186e-256,3.1082197326444884e-148
surface,0.26,20.0,8.0,0.1,1.0,2.5,0.0,0.0,0.0,0.0,0.0,0.0,0.0,0.0,0.0,1.1513253580330638e-224,2.857666401629819e-106
surface,0.26,20.0,8.0,0.1,1.0,4.0,0.0,0.0,0.0,0.0,0.0,0.0,0.0,0.0,0.0,2.1090048290142186e-256,3.2909499357346354e-148
surface,0.26,20.0,8.0,0.25,1.0,2.5,0.0,0.0,0.0,0.0,0.0,0.0,0.0,0.0,0.0,1.1513253580332344e-224,3.0369385270439343e-106
surface,0.26,20.0,8.0,0.25,1.0,4.0,0.0,0.0,0.0,0.0,0.0,0.0,0.0,0.0,0.0,2.1090048290142186e-256,3.585383528698831e-148
surface,0.26,20.0,18.0,0.0,1.0,2.5,0.0,0.0,0.0,0.0,0.0,0.0,0.0,0.0,0.0,3.804556151108986e-196,1.683936059660294e-102
surface,0.26,20.0,18.0,0.0,1.0,4.0,0.0,0.0,0.0,0.0,0.0,0.0,0.0,0.0,0.0,4.305886076273482e-199,3.1501132847363174e-140
surface,0.26,20.0,18.0,0.1,1.0,2.5,0.0,0.0,0.0,0.0,0.0,0.0,0.0,0.0,0.0,3.81838313512791e-196,1.7505473144447759e-102
surface,0.26,20.0,18.0,0.1,1.0,4.0,0.0,0.0,0.0,0.0,0.0,0.0,0.0,0.0,0.0,4.30588611674023e-199,3.3235301105394684e-140
surface,0.26,20.0,18.0,0.25,1.0,2.5,0.0,0.0,0.0,0.0,0.0,0.0,0.0,0.0,0.0,3.839309832061397e-196,1.855437109250752e-102
surface,0.26,20.0,18.0,0.25,1.0,4.0,0.0,0.0,0.0,0.0,0.0,0.0,0.0,0.0,0.0,4.30588617800952e-199,3.6017186613428113e-140
surface,0.26,20.0,30.0,0.0,1.0,2.5,0.0,0.0,0.0,0.0,0.0,0.0,0.0,0.0,0.0,5.184260876592484e-189,4.670673088511754e-98
surface,0.26,20.0,30.0,0.0,1.0,4.0,0.0,0.0,0.0,0.0,0.0,0.0,0.0,0.0,0.0,6.787270886899522e-190,7.590599949973467e-131
surface,0.26,20.0,30.0,0.1,1.0,2.5,0.0,0.0,0.0,0.0,0.0,0.0,0.0,0.0,0.0,5.2199773636425444e-189,4.8455442172341234e-98
surface,0.26,20.0,30.0,0.1,1.0,4.0,0.0,0.0,0.0,0.0,0.0,0.0,0.0,0.0,0.0,6.834251117354222e-190,7.975891099375884e-131
surface,0.26,20.0,30.0,0.25,1.0,2.5,0.0,0.0,0.0,0.0,0.0,0.0,0.0,0.0,0.0,5.2740140009022996e-189,5.1202031911581324e-98
surface,0.26,20.0,30.0,0.25,1.0,4.0,0.0,0.0,0.0,0.0,0.0,0.0,0.0,0.0,0.0,6.905331930130367e-190,8.590805452989177e-131
surface,0.26,32.0,8.0,0.0,1.0,2.5,0.0,0.0,0.0,0.0,0.0,0.0,0.0,0.0,0.0,5.449844433416353e-224,3.096687338501001e-102
surface,0.26,32.0,8.0,0.0,1.0,4.0,0.0,0.0,0.0,0.0,0.0,0.0,0.0,0.0,0.0,1.2464582099085885e-255,1.5840426851913897e-142
surface,0.26,32.0,8.0,0.1,1.0,2.5,0.0,0.0,0.0,0.0,0.0,0.0,0.0,0.0,0.0,5.449844433418021e-224,3.2248808499167808e-102
surface,0.26,32.0,8.0,0.1,1.0,4.0,0.0,0.0,0.0,0.0,0.0,0.0,0.0,0.0,0.0,1.2464582099085885e-255,1.677167517560373e-142
surface,0.26,32.0,8.0,0.25,1.0,2.5,0.0,0.0,0.0,0.0,0.0,0.0,0.0,0.0,0.0,5.4498444334205525e-224,3.4271897141852384e-102
surface,0.26,32.0,8.0,0.25,1.0,4.0,0.0,0.0,0.0,0.0,0.0,0.0,0.0,0.0,0.0,1.2464582099085885e-255,1.827219772332188e-142
surface,0.26,32.0,18.0,0.0,1.0,2.5,0.0,0.0,0.0,0.0,0.0,0.0,0.0,0.0,0.0,4.935386341787161e-196,4.87867284646723e-99
surface,0.26,32.0,18.0,0.0,1.0,4.0,0.0,0.0,0.0,0.0,0.0,0.0,0.0,0.0,0.0,4.822780841674937e-199,1.9078696939489746e-135
surface,0.26,32.0,18.0,0.1,1.0,2.5,0.0,0.0,0.0,0.0,0.0,0.0,0.0,0.0,0.0,4.955732444234471e-196,5.071657917439557e-99
surface,0.26,32.0,18.0,0.1,1.0,4.0,0.0,0.0,0.0,0.0,0.0,0.0,0.0,0.0,0.0,4.822780902244284e-199,2.0128997917469833e-135
surface,0.26,32.0,18.0,0.25,1.0,2.5,0.0,0.0,0.0,0.0,0.0,0.0,0.0,0.0,0.0,4.986525617865813e-196,5.375542967501781e-99
surface,0.26,32.0,18.0,0.25,1.0,4.0,0.0,0.0,0.0,0.0,0.0,0.0,0.0,0.0,0.0,4.822780993950217e-199,2.1813850039623617e-135
surface,0.26,32.0,30.0,0.0,1.0,2.5,0.0,0.0,0.0,0.0,0.0,0.0,0.0,0.0,0.0,5.386416549109754e-189,3.144775164027411e-95
surface,0.26,32.0,30.0,0.0,1.0,4.0,0.0,0.0,0.0,0.0,0.0,0.0,0.0,0.0,0.0,7.05320100557007e-190,4.898038925990367e-127
surface,0.26,32.0,30.0,0.1,1.0,2.5,0.0,0.0,0.0,0.0,0.0,0.0,0.0,0.0,0.0,5.423525781305932e-189,3.2625163058478885e-95
surface,0.26,32.0,30.0,0.1,1.0,4.0,0.0,0.0,0.0,0.0,0.0,0.0,0.0,0.0,0.0,7.102022049681573e-190,5.1466584106227e-127
surface,0.26,32.0,30.0,0.25,1.0,2.5,0.0,0.0,0.0,0.0,0.0,0.0,0.0,0.0,0.0,5.479669548086868e-189,3.4474448382896e-95
surface,0.26,32.0,30.0,0.25,1.0,4.0,0.0,0.0,0.0,0.0,0.0,0.0,0.0,0.0,0.0,7.175888002709876e-190,5.543448448300635e-127
surface,0.34,4.0,8.0,0.0,1.0,2.5,0.0,0.0,0.0,0.0,0.0,0.0,0.0,0.0,0.0,1.5830899061005348e-211,1.1198323008857057e-97
surface,0.34,4.0,8.0,0.0,1.0,4.0,0.0,0.0,0.0,0.0,0.0,0.0,0.0,0.0,0.0,2.8724536705483578e-229,1.5221292273380727e-127
surface,0.34,4.0,8.0,0.1,1.0,2.5,0.0,0.0,0.0,0.0,0.0,0.0,0.0,0.0,0.0,1.583090077080879e-211,1.159907037039332e-97
surface,0.34,4.0,8.0,0.1,1.0,4.0,0.0,0.0,0.0,0.0,0.0,0.0,0.0,0.0,0.0,2.8724536705483578e-229,1.5942955854366456e-127
surface,0.34,4.0,8.0,0.25,1.0,2.5,0.0,0.0,0.0,0.0,0.0,0.0,0.0,0.0,0.0,1.5830903360911398e-211,1.2227241012130077e-97
surface,0.34,4.0,8.0,0.25,1.0,4.0,0.0,0.0,0.0,0.0,0.0,0.0,0.0,0.0,0.0,2.8724536705483578e-229,1.7090108545182258e-127
surface,0.34,4.0,18.0,0.0,1.0,2.5,0.0,0.0,0.0,0.0,0.0,0.0,0.0,0.0,0.0,3.200732270949345e-190,7.747363252952224e-82
surface,0.34,4.0,18.0,0.0,1.0,4.0,0.0,0.0,0.0,0.0,0.0,0.0,0.0,0.0,0.0,2.678928299986919e-192,1.472026093360414e-95
surface,0.34,4.0,18.0,0.1,1.0,2.5,0.0,0.0,0.0,0.0,0.0,0.0,0.0,0.0,0.0,3.222924329378526e-190,7.976176795796365e-82
surface,0.34,4.0,18.0,0.1,1.0,4.0,0.0,0.0,0.0,0.0,0.0,0.0,0.0,0.0,0.0,2.6976833553376188e-192,1.5232603781563986e-95
surface,0.34,4.0,18.0,0.25,1.0,2.5,0.0,0.0,0.0,0.0,0.0,0.0,0.0,0.0,0.0,3.2565012655168063e-190,8.33213025094354e-82
surface,0.34,4.0,18.0,0.25,1.0,4.0,0.0,0.0,0.0,0.0,0.0,0.0,0.0,0.0,0.0,2.726062767241645e-192,1.6034746619309743e-95
surface,0.34,4.0,30.0,0.0,1.0,2.5,0.0,0.0,0.0,0.0,0.0,0.0,0.0,0.0,0.0,3.09237031162198e-188,6.97915559840541e-73
surface,0.34,4.0,30.0,0.0,1.0,4.0,0.0,0.0,0.0,0.0,0.0,0.0,0.0,0.0,0.0,2.5700588376991455e-188,1.7650005049352022e-77
surface,0.34,4.0,30.0,0.1,1.0,2.5,0.0,0.0,0.0,0.0,0.0,0.0,0.0,0.0,0.0,3.1135830382484976e-188,7.160897100215596e-73
surface,0.34,4.0,30.0,0.1,1.0,4.0,0.0,0.0,0.0,0.0,0.0,0.0,0.0,0.0,0.0,2.5876963148718986e-188,1.814056756672922e-77
surface,0.34,4.0,30.0,0.25,1.0,2.5,0.0,0.0,0.0,0.0,0.0,0.0,0.0,0.0,0.0,3.1456752771251886e-188,7.442421479761795e-73
surface,0.34,4.0,30.0,0.25,1.0,4.0,0.0,0.0,0.0,0.0,0.0,0.0,0.0,0.0,0.0,2.6143797410590616e-188,1.8902094322361887e-77
surface,0.34,8.0,8.0,0.0,1.0,2.5,0.0,0.0,0.0,0.0,0.0,0.0,0.0,0.0,0.0,2.07407130972673e-211,6.889344567016263e-97
surface,0.34,8.0,8.0,0.0,1.0,4.0,0.0,0.0,0.0,0.0,0.0,0.0,0.0,0.0,0.0,3.850551898765139e-229,1.6669856789544804e-126
surface,0.34,8.0,8.0,0.1,1.0,2.5,0.0,0.0,0.0,0.0,0.0,0.0,0.0,0.0,0.0,2.0740715836547367e-211,7.135889219797068e-97
surface,0.34,8.0,8.0,0.1,1.0,4.0,0.0,0.0,0.0,0.0,0.0,0.0,0.0,0.0,0.0,3.850551898765139e-229,1.746019891879361e-126
surface,0.34,8.0,8.0,0.25,1.0,2.5,0.0,0.0,0.0,0.0,0.0,0.0,0.0,0.0,0.0,2.0740719986156775e-211,7.522347441656302e-97
surface,0.34,8.0,8.0,0.25,1.0,4.0,0.0,0.0,0.0,0.0,0.0,0.0,0.0,0.0,0.0,3.850551898765139e-229,1.8716522674239968e-126
surface,0.34,8.0,18.0,0.0,1.0,2.5,0.0,0.0,0.0,0.0,0.0,0.0,0.0,0.0,0.0,3.2988503444199093e-190,1.54172523884401e-81
surface,0.34,8.0,18.0,0.0,1.0,4.0,0.0,0.0,0.0,0.0,0.0,0.0,0.0,0.0,0.0,2.761893343027538e-192,3.305225502146165e-95
surface,0.34,8.0,18.0,0.1,1.0,2.5,0.0,0.0,0.0,0.0,0.0,0.0,0.0,0.0,0.0,3.321722722160062e-190,1.587259132437769e-81
surface,0.34,8.0,18.0,0.1,1.0,4.0,0.0,0.0,0.0,0.0,0.0,0.0,0.0,0.0,0.0,2.7812298176741973e-192,3.420264811201704e-95
surface,0.34,8.0,18.0,0.25,1.0,2.5,0.0,0.0,0.0,0.0,0.0,0.0,0.0,0.0,0.0,3.356328992198621e-190,1.6580938677840192e-81
surface,0.34,8.0,18.0,0.25,1.0,4.0,0.0,0.0,0.0,0.0,0.0,0.0,0.0,0.0,0.0,2.810489010382942e-192,3.6003745915676725e-95
surface,0.34,8.0,30.0,0.0,1.0,2.5,0.0,0.0,0.0,0.0,0.0,0.0,0.0,0.0,0.0,3.095944390390528e-188,8.551671050937777e-73
surface,0.34,8.0,30.0,0.0,1.0,4.0,0.0,0.0,0.0,0.0,0.0,0.0,0.0,0.0,0.0,2.573030528195633e-188,2.192067210932779e-77
surface,0.34,8.0,30.0,0.1,1.0,2.5,0.0,0.0,0.0,0.0,0.0,0.0,0.0,0.0,0.0,3.117181634164147e-188,8.774361821743808e-73
surface,0.34,8.0,30.0,0.1,1.0,4.0,0.0,0.0,0.0,0.0,0.0,0.0,0.0,0.0,0.0,2.590688399157725e-188,2.252993313007445e-77
surface,0.34,8.0,30.0,0.25,1.0,2.5,0.0,0.0,0.0,0.0,0.0,0.0,0.0,0.0,0.0,3.149310964460306e-188,9.119318149590763e-73
surface,0.34,8.0,30.0,0.25,1.0,4.0,0.0,0.0,0.0,0.0,0.0,0.0,0.0,0.0,0.0,2.617402678746831e-188,2.3475721999030992e-77
surface,0.34,12.0,8.0,0.0,1.0,2.5,0.0,0.0,0.0,0.0,0.0,0.0,0.0,0.0,0.0,2.7173281173646583e-211,4.238408601496554e-96
surface,0.34,12.0,8.0,0.0,1.0,4.0,0.0,0.0,0.0,0.0,0.0,0.0,0.0,0.0,0.0,5.1617020239889035e-229,1.8256276825449697e-125
surface,0.34,12.0,8.0,0.1,1.0,2.5,0.0,0.0,0.0,0.0,0.0,0.0,0.0,0.0,0.0,2.7173285562253546e-211,4.390085871639497e-96
surface,0.34,12.0,8.0,0.1,1.0,4.0,0.0,0.0,0.0,0.0,0.0,0.0,0.0,0.0,0.0,5.1617020239889035e-229,1.9121833433436345e-125
surface,0.34,12.0,8.0,0.25,1.0,2.5,0.0,0.0,0.0,0.0,0.0,0.0,0.0,0.0,0.0,2.7173292210352418e-211,4.627839671832514e-96
surface,0.34,12.0,8.0,0.25,1.0,4.0,0.0,0.0,0.0,0.0,0.0,0.0,0.0,0.0,0.0,5.1617020239889035e-229,2.0497717734746147e-125
surface,0.34,12.0,18.0,0.0,1.0,2.5,0.0,0.0,0.0,0.0,0.0,0.0,0.0,0.0,0.0,3.399976292579813e-190,3.0680331287975525e-81
surface,0.34,12.0,18.0,0.0,1.0,4.0,0.0,0.0,0.0,0.0,0.0,0.0,0.0,0.0,0.0,2.8474296170134523e-192,7.421414382063046e-95
surface,0.34,12.0,18.0,0.1,1.0,2.5,0.0,0.0,0.0,0.0,0.0,0.0,0.0,0.0,0.0,3.4235498454864847e-190,3.158645574199006e-81
surface,0.34,12.0,18.0,0.1,1.0,4.0,0.0,0.0,0.0,0.0,0.0,0.0,0.0,0.0,0.0,2.8673655353442356e-192,7.679718810058355e-95
surface,0.34,12.0,18.0,0.25,1.0,2.5,0.0,0.0,0.0,0.0,0.0,0.0,0.0,0.0,0.0,3.4592170046653236e-190,3.2996066931042467e-81
surface,0.34,12.0,18.0,0.25,1.0,4.0,0.0,0.0,0.0,0.0,0.0,0.0,0.0,0.0,0.0,2.8975317826527626e-192,8.084129738598717e-95
surface,0.34,12.0,30.0,0.0,1.0,2.5,0.0,0.0,0.0,0.0,0.0,0.0,0.0,0.0,0.0,3.099522599990492e-188,1.0478499401869781e-72
surface,0.34,12.0,30.0,0.0,1.0,4.0,0.0,0.0,0.0,0.0,0.0,0.0,0.0,0.0,0.0,2.576005654785029e-188,2.722468715340769e-77
surface,0.34,12.0,30.0,0.1,1.0,2.5,0.0,0.0,0.0,0.0,0.0,0.0,0.0,0.0,0.0,3.1207843892475284e-188,1.0751365967339113e-72
surface,0.34,12.0,30.0,0.1,1.0,4.0,0.0,0.0,0.0,0.0,0.0,0.0,0.0,0.0,0.0,2.5936839431173044e-188,2.798136745052028e-77
surface,0.34,12.0,30.0,0.25,1.0,2.5,0.0,0.0,0.0,0.0,0.0,0.0,0.0,0.0,0.0,3.152950853832506e-188,1.1174046476620294e-72
surface,0.34,12.0,30.0,0.25,1.0,4.0,0.0,0.0,0.0,0.0,0.0,0.0,0.0,0.0,0.0,2.6204291117833975e-188,2.91560032437157e-77
surface,0.34,20.0,8.0,0.0,1.0,2.5,0.0,0.0,0.0,0.0,0.0,0.0,0.0,0.0,0.0,4.664230883402663e-211,1.6041783630487487e-94
surface,0.34,20.0,8.0,0.0,1.0,4.0,0.0,0.0,0.0,0.0,0.0,0.0,0.0,0.0,0.0,9.27540383248999e-229,2.1896409157736176e-123
surface,0.34,20.0,8.0,0.1,1.0,2.5,0.0,0.0,0.0,0.0,0.0,0.0,0.0,0.0,0.0,4.664232009840392e-211,1.6615860879301342e-94
surface,0.34,20.0,8.0,0.1,1.0,4.0,0.0,0.0,0.0,0.0,0.0,0.0,0.0,0.0,0.0,9.27540383248999e-229,2.2934549728174807e-123
surface,0.34,20.0,8.0,0.25,1.0,2.5,0.0,0.0,0.0,0.0,0.0,0.0,0.0,0.0,0.0,4.664233716229106e-211,1.7515725752800287e-94
surface,0.34,20.0,8.0,0.25,1.0,4.0,0.0,0.0,0.0,0.0,0.0,0.0,0.0,0.0,0.0,9.27540383248999e-229,2.4584772602380337e-123
surface,0.34,20.0,18.0,0.0,1.0,2.5,0.0,0.0,0.0,0.0,0.0,0.0,0.0,0.0,0.0,3.6116234760169914e-190,1.2149717229035868e-80
surface,0.34,20.0,18.0,0.0,1.0,4.0,0.0,0.0,0.0,0.0,0.0,0.0,0.0,0.0,0.0,3.026537141859288e-192,3.7416042880435895e-94
surface,0.34,20.0,18.0,0.1,1.0,2.5,0.0,0.0,0.0,0.0,0.0,0.0,0.0,0.0,0.0,3.6366645238502527e-190,1.2508551551496589e-80
surface,0.34,20.0,18.0,0.1,1.0,4.0,0.0,0.0,0.0,0.0,0.0,0.0,0.0,0.0,0.0,3.0477282731174965e-192,3.871831884247325e-94
surface,0.34,20.0,18.0,0.25,1.0,2.5,0.0,0.0,0.0,0.0,0.0,0.0,0.0,0.0,0.0,3.6745520261122083e-190,1.306677164335668e-80
surface,0.34,20.0,18.0,0.25,1.0,4.0,0.0,0.0,0.0,0.0,0.0,0.0,0.0,0.0,0.0,3.0797938592458017e-192,4.07572100651699e-94
surface,0.34,20.0,30.0,0.0,1.0,2.5,0.0,0.0,0.0,0.0,0.0,0.0,0.0,0.0,0.0,3.106691430786553e-188,1.5732411774866998e-72
surface,0.34,20.0,30.0,0.0,1.0,4.0,0.0,0.0,0.0,0.0,0.0,0.0,0.0,0.0,0.0,2.5819662321400133e-188,4.19933925530595e-77
surface,0.34,20.0,30.0,0.1,1.0,2.5,0.0,0.0,0.0,0.0,0.0,0.0,0.0,0.0,0.0,3.128002396150407e-188,1.6142093448064524e-72
surface,0.34,20.0,30.0,0.1,1.0,4.0,0.0,0.0,0.0,0.0,0.0,0.0,0.0,0.0,0.0,2.5996854260642933e-188,4.316055280635325e-77
surface,0.34,20.0,30.0,0.25,1.0,2.5,0.0,0.0,0.0,0.0,0.0,0.0,0.0,0.0,0.0,3.1602432581193126e-188,1.6776705673173345e-72
surface,0.34,20.0,30.0,0.25,1.0,4.0,0.0,0.0,0.0,0.0,0.0,0.0,0.0,0.0,0.0,2.626492480074542e-188,4.497239885962758e-77
surface,0.34,32.0,8.0,0.0,1.0,2.5,0.0,0.0,0.0,0.0,0.0,0.0,0.0,0.0,0.0,1.0489176030175537e-210,3.735316466524706e-92
surface,0.34,32.0,8.0,0.0,1.0,4.0,0.0,0.0,0.0,0.0,0.0,0.0,0.0,0.0,0.0,2.2343061077387594e-228,2.8761658846627213e-120
surface,0.34,32.0,8.0,0.1,1.0,2.5,0.0,0.0,0.0,0.0,0.0,0.0,0.0,0.0,0.0,1.048918066227567e-210,3.868989893990478e-92
surface,0.34,32.0,8.0,0.1,1.0,4.0,0.0,0.0,0.0,0.0,0.0,0.0,0.0,0.0,0.0,2.2343061077387594e-228,3.012529087901685e-120
surface,0.34,32.0,8.0,0.25,1.0,2.5,0.0,0.0,0.0,0.0,0.0,0.0,0.0,0.0,0.0,1.0489187679231147e-210,4.078522708860245e-92
surface,0.34,32.0,8.0,0.25,1.0,4.0,0.0,0.0,0.0,0.0,0.0,0.0,0.0,0.0,0.0,2.2343061077387594e-228,3.229291329540886e-120
surface,0.34,32.0,18.0,0.0,1.0,2.5,0.0,0.0,0.0,0.0,0.0,0.0,0.0,0.0,0.0,3.9540522462532966e-190,9.574704041052972e-80
surface,0.34,32.0,18.0,0.0,1.0,4.0,0.0,0.0,0.0,0.0,0.0,0.0,0.0,0.0,0.0,3.3165571701025848e-192,4.235596826666104e-93
surface,0.34,32.0,18.0,0.1,1.0,2.5,0.0,0.0,0.0,0.0,0.0,0.0,0.0,0.0,0.0,3.981467589061617e-190,9.857486954643943e-80
surface,0.34,32.0,18.0,0.1,1.0,4.0,0.0,0.0,0.0,0.0,0.0,0.0,0.0,0.0,0.0,3.3397808472313546e-192,4.3830179729876224e-93
surface,0.34,32.0,18.0,0.25,1.0,2.5,0.0,0.0,0.0,0.0,0.0,0.0,0.0,0.0,0.0,4.022947437252428e-190,1.0297397782902284e-79
surface,0.34,32.0,18.0,0.25,1.0,4.0,0.0,0.0,0.0,0.0,0.0,0.0,0.0,0.0,0.0,3.3749220018075184e-192,4.613825950741113e-93
surface,0.34,32.0,30.0,0.0,1.0,2.5,0.0,0.0,0.0,0.0,0.0,0.0,0.0,0.0,0.0,3.117475777752407e-188,2.894273865069203e-72
surface,0.34,32.0,30.0,0.0,1.0,4.0,0.0,0.0,0.0,0.0,0.0,0.0,0.0,0.0,0.0,2.5909329683465298e-188,8.044666738867752e-77
surface,0.34,32.0,30.0,0.1,1.0,2.5,0.0,0.0,0.0,0.0,0.0,0.0,0.0,0.0,0.0,3.138860720618841e-188,2.969642535601184e-72
surface,0.34,32.0,30.0,0.1,1.0,4.0,0.0,0.0,0.0,0.0,0.0,0.0,0.0,0.0,0.0,2.6087136981978394e-188,8.268259420900693e-77
surface,0.34,32.0,30.0,0.25,1.0,2.5,0.0,0.0,0.0,0.0,0.0,0.0,0.0,0.0,0.0,3.1712135014243063e-188,3.08639142343033e-72
surface,0.34,32.0,30.0,0.25,1.0,4.0,0.0,0.0,0.0,0.0,0.0,0.0,0.0,0.0,0.0,2.63561384881996e-188,8.615354446917183e-77
surface,0.42,4.0,8.0,0.0,1.0,2.5,0.0,0.0,0.0,0.0,0.0,0.0,0.0,0.0,0.0,2.620632037086658e-203,1.5629945223816783e-86
surface,0.42,4.0,8.0,0.0,1.0,4.0,0.0,0.0,0.0,0.0,0.0,0.0,0.0,0.0,0.0,4.112122364600178e-213,4.8685771965833435e-105
surface,0.42,4.0,8.0,0.1,1.0,2.5,0.0,0.0,0.0,0.0,0.0,0.0,0.0,0.0,0.0,2.626814444207527e-203,1.612037939418893e-86
surface,0.42,4.0,8.0,0.1,1.0,4.0,0.0,0.0,0.0,0.0,0.0,0.0,0.0,0.0,0.0,4.1121223764866335e-213,5.05608770163719e-105
surface,0.42,4.0,8.0,0.25,1.0,2.5,0.0,0.0,0.0,0.0,0.0,0.0,0.0,0.0,0.0,2.636174419244484e-203,1.6885034908186273e-86
surface,0.42,4.0,8.0,0.25,1.0,4.0,0.0,0.0,0.0,0.0,0.0,0.0,0.0,0.0,0.0,4.112122394495429e-213,5.350980956152545e-105
surface,0.42,4.0,18.0,0.0,1.0,2.5,0.0,0.0,0.0,0.0,0.0,0.0,0.0,0.0,0.0,1.1969490200554642e-188,5.884795773171237e-72
surface,0.42,4.0,18.0,0.0,1.0,4.0,0.0,0.0,0.0,0.0,0.0,0.0,0.0,0.0,0.0,3.8275755085989385e-189,1.3057395150579038e-75
surface,0.42,4.0,18.0,0.1,1.0,2.5,0.0,0.0,0.0,0.0,0.0,0.0,0.0,0.0,0.0,1.2051781218792872e-188,6.035923103770571e-72
surface,0.42,4.0,18.0,0.1,1.0,4.0,0.0,0.0,0.0,0.0,0.0,0.0,0.0,0.0,0.0,3.853960477480045e-189,1.3410904968117624e-75
surface,0.42,4.0,18.0,0.25,1.0,2.5,0.0,0.0,0.0,0.0,0.0,0.0,0.0,0.0,0.0,1.2176279757529617e-188,6.269922206501354e-72
surface,0.42,4.0,18.0,0.25,1.0,4.0,0.0,0.0,0.0,0.0,0.0,0.0,0.0,0.0,0.0,3.893879353834424e-189,1.3959195570218662e-75
surface,0.42,4.0,30.0,0.0,1.0,2.5,0.0,0.0,0.0,0.0,0.0,0.0,0.0,0.0,0.0,3.6550475483868896e-188,8.494029131651193e-69
surface,0.42,4.0,30.0,0.0,1.0,4.0,0.0,0.0,0.0,0.0,0.0,0.0,0.0,0.0,0.0,3.5941984418512486e-188,3.1110701554062266e-69
surface,0.42,4.0,30.0,0.1,1.0,2.5,0.0,0.0,0.0,0.0,0.0,0.0,0.0,0.0,0.0,3.680110177979949e-188,8.701760203113481e-69
surface,0.42,4.0,30.0,0.1,1.0,4.0,0.0,0.0,0.0,0.0,0.0,0.0,0.0,0.0,0.0,3.6188448005439424e-188,3.18767082143245e-69
surface,0.42,4.0,30.0,0.25,1.0,2.5,0.0,0.0,0.0,0.0,0.0,0.0,0.0,0.0,0.0,3.718026717596889e-188,9.022921077351671e-69
surface,0.42,4.0,30.0,0.25,1.0,4.0,0.0,0.0,0.0,0.0,0.0,0.0,0.0,0.0,0.0,3.656131588273618e-188,3.3061226488871244e-69
surface,0.42,8.0,8.0,0.0,1.0,2.5,0.0,0.0,0.0,0.0,0.0,0.0,0.0,0.0,0.0,3.123088018602996e-203,4.190929992088314e-86
surface,0.42,8.0,8.0,0.0,1.0,4.0,0.0,0.0,0.0,0.0,0.0,0.0,0.0,0.0,0.0,4.767103732477095e-213,1.6268953178448178e-104
surface,0.42,8.0,8.0,0.1,1.0,2.5,0.0,0.0,0.0,0.0,0.0,0.0,0.0,0.0,0.0,3.130991995610351e-203,4.322432389846278e-86
surface,0.42,8.0,8.0,0.1,1.0,4.0,0.0,0.0,0.0,0.0,0.0,0.0,0.0,0.0,0.0,4.767103747968489e-213,1.6895542735111475e-104
surface,0.42,8.0,8.0,0.25,1.0,2.5,0.0,0.0,0.0,0.0,0.0,0.0,0.0,0.0,0.0,3.1429583747301944e-203,4.527463033353844e-86
surface,0.42,8.0,8.0,0.25,1.0,4.0,0.0,0.0,0.0,0.0,0.0,0.0,0.0,0.0,0.0,4.767103771439013e-213,1.788096503748708e-104
surface,0.42,8.0,18.0,0.0,1.0,2.5,0.0,0.0,0.0,0.0,0.0,0.0,0.0,0.0,0.0,1.205519093037122e-188,6.900858759419473e-72
surface,0.42,8.0,18.0,0.0,1.0,4.0,0.0,0.0,0.0,0.0,0.0,0.0,0.0,0.0,0.0,3.855053782870075e-189,1.544292143174403e-75
surface,0.42,8.0,18.0,0.1,1.0,2.5,0.0,0.0,0.0,0.0,0.0,0.0,0.0,0.0,0.0,1.2138071148349338e-188,7.078079584636334e-72
surface,0.42,8.0,18.0,0.1,1.0,4.0,0.0,0.0,0.0,0.0,0.0,0.0,0.0,0.0,0.0,3.881628171401876e-189,1.5861015873601864e-75
surface,0.42,8.0,18.0,0.25,1.0,2.5,0.0,0.0,0.0,0.0,0.0,0.0,0.0,0.0,0.0,1.226346109064641e-188,7.352480739751667e-72
surface,0.42,8.0,18.0,0.25,1.0,4.0,0.0,0.0,0.0,0.0,0.0,0.0,0.0,0.0,0.0,3.9218336283336015e-189,1.6509476657116901e-75
surface,0.42,8.0,30.0,0.0,1.0,2.5,0.0,0.0,0.0,0.0,0.0,0.0,0.0,0.0,0.0,3.6554305265164844e-188,8.649226137235331e-69
surface,0.42,8.0,30.0,0.0,1.0,4.0,0.0,0.0,0.0,0.0,0.0,0.0,0.0,0.0,0.0,3.594575058961889e-188,3.1682977577697466e-69
surface,0.42,8.0,30.0,0.1,1.0,2.5,0.0,0.0,0.0,0.0,0.0,0.0,0.0,0.0,0.0,3.6804957821915365e-188,8.860752726673668e-69
surface,0.42,8.0,30.0,0.1,1.0,4.0,0.0,0.0,0.0,0.0,0.0,0.0,0.0,0.0,0.0,3.6192240002208494e-188,3.2463074799204403e-69
surface,0.42,8.0,30.0,0.25,1.0,2.5,0.0,0.0,0.0,0.0,0.0,0.0,0.0,0.0,0.0,3.718416294733248e-188,9.187781629525934e-69
surface,0.42,8.0,30.0,0.25,1.0,4.0,0.0,0.0,0.0,0.0,0.0,0.0,0.0,0.0,0.0,3.6565146950429044e-188,3.3669382084420123e-69
surface,0.42,12.0,8.0,0.0,1.0,2.5,0.0,0.0,0.0,0.0,0.0,0.0,0.0,0.0,0.0,3.731031585499639e-203,1.1237335734115128e-85
surface,0.42,12.0,8.0,0.0,1.0,4.0,0.0,0.0,0.0,0.0,0.0,0.0,0.0,0.0,0.0,5.526410964351708e-213,5.436472029410915e-104
surface,0.42,12.0,8.0,0.1,1.0,2.5,0.0,0.0,0.0,0.0,0.0,0.0,0.0,0.0,0.0,3.7411365254221376e-203,1.1589939236496961e-85
surface,0.42,12.0,8.0,0.1,1.0,4.0,0.0,0.0,0.0,0.0,0.0,0.0,0.0,0.0,0.0,5.5264109845413504e-213,5.645854683682338e-104
surface,0.42,12.0,8.0,0.25,1.0,2.5,0.0,0.0,0.0,0.0,0.0,0.0,0.0,0.0,0.0,3.756435094988234e-203,1.2139697447974059e-85
surface,0.42,12.0,8.0,0.25,1.0,4.0,0.0,0.0,0.0,0.0,0.0,0.0,0.0,0.0,0.0,5.526411015130043e-213,5.975145740412375e-104
surface,0.42,12.0,18.0,0.0,1.0,2.5,0.0,0.0,0.0,0.0,0.0,0.0,0.0,0.0,0.0,1.2141505272787668e-188,8.092354170482123e-72
surface,0.42,12.0,18.0,0.0,1.0,4.0,0.0,0.0,0.0,0.0,0.0,0.0,0.0,0.0,0.0,3.882729325347922e-189,1.8264272436944403e-75
surface,0.42,12.0,18.0,0.1,1.0,2.5,0.0,0.0,0.0,0.0,0.0,0.0,0.0,0.0,0.0,1.2224978909147534e-188,8.300173767149335e-72
surface,0.42,12.0,18.0,0.1,1.0,4.0,0.0,0.0,0.0,0.0,0.0,0.0,0.0,0.0,0.0,3.909494493388154e-189,1.8758750818137678e-75
surface,0.42,12.0,18.0,0.25,1.0,2.5,0.0,0.0,0.0,0.0,0.0,0.0,0.0,0.0,0.0,1.2351266637411634e-188,8.621952752837411e-72
surface,0.42,12.0,18.0,0.25,1.0,4.0,0.0,0.0,0.0,0.0,0.0,0.0,0.0,0.0,0.0,3.9499885882804654e-189,1.952568241635507e-75
surface,0.42,12.0,30.0,0.0,1.0,2.5,0.0,0.0,0.0,0.0,0.0,0.0,0.0,0.0,0.0,3.6558135447750286e-188,8.807258794802374e-69
surface,0.42,12.0,30.0,0.0,1.0,4.0,0.0,0.0,0.0,0.0,0.0,0.0,0.0,0.0,0.0,3.5949517155361023e-188,3.226578052071634e-69
surface,0.42,12.0,30.0,0.1,1.0,2.5,0.0,0.0,0.0,0.0,0.0,0.0,0.0,0.0,0.0,3.680881426807238e-188,9.022650251287218e-69
surface,0.42,12.0,30.0,0.1,1.0,4.0,0.0,0.0,0.0,0.0,0.0,0.0,0.0,0.0,0.0,3.619603239631943e-188,3.3060227496927385e-69
surface,0.42,12.0,30.0,0.25,1.0,2.5,0.0,0.0,0.0,0.0,0.0,0.0,0.0,0.0,0.0,3.7188059126900084e-188,9.355654399300136e-69
surface,0.42,12.0,30.0,0.25,1.0,4.0,0.0,0.0,0.0,0.0,0.0,0.0,0.0,0.0,0.0,3.6568978419557786e-188,3.4288724597929367e-69
surface,0.42,20.0,8.0,0.0,1.0,2.5,0.0,0.0,0.0,0.0,0.0,0.0,0.0,0.0,0.0,5.365957750676305e-203,8.079216695449442e-85
surface,0.42,20.0,8.0,0.0,1.0,4.0,0.0,0.0,0.0,0.0,0.0,0.0,0.0,0.0,0.0,7.42711821410079e-213,6.070608913690106e-103
surface,0.42,20.0,8.0,0.1,1.0,2.5,0.0,0.0,0.0,0.0,0.0,0.0,0.0,0.0,0.0,5.382473940704074e-203,8.332725193435204e-85
surface,0.42,20.0,8.0,0.1,1.0,4.0,0.0,0.0,0.0,0.0,0.0,0.0,0.0,0.0,0.0,7.427118248393745e-213,6.304414992433039e-103
surface,0.42,20.0,8.0,0.25,1.0,2.5,0.0,0.0,0.0,0.0,0.0,0.0,0.0,0.0,0.0,5.407478946576906e-203,8.727980423475364e-85
surface,0.42,20.0,8.0,0.25,1.0,4.0,0.0,0.0,0.0,0.0,0.0,0.0,0.0,0.0,0.0,7.427118300349921e-213,6.672116180514088e-103
surface,0.42,20.0,18.0,0.0,1.0,2.5,0.0,0.0,0.0,0.0,0.0,0.0,0.0,0.0,0.0,1.2315992400616965e-188,1.1128032058320662e-71
surface,0.42,20.0,18.0,0.0,1.0,4.0,0.0,0.0,0.0,0.0,0.0,0.0,0.0,0.0,0.0,3.93867788990124e-189,2.5547488132511186e-75
surface,0.42,20.0,18.0,0.1,1.0,2.5,0.0,0.0,0.0,0.0,0.0,0.0,0.0,0.0,0.0,1.240066565070323e-188,1.1413810842261629e-71
surface,0.42,20.0,18.0,0.1,1.0,4.0,0.0,0.0,0.0,0.0,0.0,0.0,0.0,0.0,0.0,3.965828735651712e-189,2.6239148893646437e-75
surface,0.42,20.0,18.0,0.25,1.0,2.5,0.0,0.0,0.0,0.0,0.0,0.0,0.0,0.0,0.0,1.2528768281239567e-188,1.1856298503206094e-71
surface,0.42,20.0,18.0,0.25,1.0,4.0,0.0,0.0,0.0,0.0,0.0,0.0,0.0,0.0,0.0,4.006906337801398e-189,2.731190862013158e-75
surface,0.42,20.0,30.0,0.0,1.0,2.5,0.0,0.0,0.0,0.0,0.0,0.0,0.0,0.0,0.0,3.656579701695157e-188,9.132039256800832e-69
surface,0.42,20.0,30.0,0.0,1.0,4.0,0.0,0.0,0.0,0.0,0.0,0.0,0.0,0.0,0.0,3.595705147092817e-188,3.3463745290408207e-69
surface,0.42,20.0,30.0,0.1,1.0,2.5,0.0,0.0,0.0,0.0,0.0,0.0,0.0,0.0,0.0,3.6816528372672865e-188,9.35537358613395e-69
surface,0.42,20.0,30.0,0.1,1.0,4.0,0.0,0.0,0.0,0.0,0.0,0.0,0.0,0.0,0.0,3.6203618376743746e-188,3.4287688515385895e-69
surface,0.42,20.0,30.0,0.25,1.0,2.5,0.0,0.0,0.0,0.0,0.0,0.0,0.0,0.0,0.0,3.719585271081207e-188,9.700657745846414e-69
surface,0.42,20.0,30.0,0.25,1.0,4.0,0.0,0.0,0.0,0.0,0.0,0.0,0.0,0.0,0.0,3.6576642562301604e-188,3.5561797289898303e-69
surface,0.42,32.0,8.0,0.0,1.0,2.5,0.0,0.0,0.0,0.0,0.0,0.0,0.0,0.0,0.0,9.441653612812403e-203,1.557500185764342e-83
surface,0.42,32.0,8.0,0.0,1.0,4.0,0.0,0.0,0.0,0.0,0.0,0.0,0.0,0.0,0.0,1.1571405200670548e-212,2.2651913850113457e-101
surface,0.42,32.0,8.0,0.1,1.0,2.5,0.0,0.0,0.0,0.0,0.0,0.0,0.0,0.0,0.0,9.476165926395746e-203,1.6063712022984144e-83
surface,0.42,32.0,8.0,0.1,1.0,4.0,0.0,0.0,0.0,0.0,0.0,0.0,0.0,0.0,0.0,1.1571405276584095e-212,2.3524339537324863e-101
surface,0.42,32.0,8.0,0.25,1.0,2.5,0.0,0.0,0.0,0.0,0.0,0.0,0.0,0.0,0.0,9.528416512177668e-203,1.6825679571841468e-83
surface,0.42,32.0,8.0,0.25,1.0,4.0,0.0,0.0,0.0,0.0,0.0,0.0,0.0,0.0,0.0,1.1571405391598323e-212,2.489638240047371e-101
surface,0.42,32.0,18.0,0.0,1.0,2.5,0.0,0.0,0.0,0.0,0.0,0.0,0.0,0.0,0.0,1.258243604983393e-188,1.7944592377286962e-71
surface,0.42,32.0,18.0,0.0,1.0,4.0,0.0,0.0,0.0,0.0,0.0,0.0,0.0,0.0,0.0,4.024115985306184e-189,4.226364504705576e-75
surface,0.42,32.0,18.0,0.1,1.0,2.5,0.0,0.0,0.0,0.0,0.0,0.0,0.0,0.0,0.0,1.266894112251682e-188,1.8405427119766244e-71
surface,0.42,32.0,18.0,0.1,1.0,4.0,0.0,0.0,0.0,0.0,0.0,0.0,0.0,0.0,0.0,4.051855792906414e-189,4.3407871232815164e-75
surface,0.42,32.0,18.0,0.25,1.0,2.5,0.0,0.0,0.0,0.0,0.0,0.0,0.0,0.0,0.0,1.2799815127637982e-188,1.9118963948741365e-71
surface,0.42,32.0,18.0,0.25,1.0,4.0,0.0,0.0,0.0,0.0,0.0,0.0,0.0,0.0,0.0,4.0938244590313444e-189,4.518255593237463e-75
surface,0.42,32.0,30.0,0.0,1.0,2.5,0.0,0.0,0.0,0.0,0.0,0.0,0.0,0.0,0.0,3.657729238145828e-188,9.64180374806059e-69
surface,0.42,32.0,30.0,0.0,1.0,4.0,0.0,0.0,0.0,0.0,0.0,0.0,0.0,0.0,0.0,3.596835590509417e-188,3.5344602511400747e-69
surface,0.42,32.0,30.0,0.1,1.0,2.5,0.0,0.0,0.0,0.0,0.0,0.0,0.0,0.0,0.0,3.6828102560922765e-188,9.877604943509184e-69
surface,0.42,32.0,30.0,0.1,1.0,4.0,0.0,0.0,0.0,0.0,0.0,0.0,0.0,0.0,0.0,3.621500032849863e-188,3.6214856140397457e-69
surface,0.42,32.0,30.0,0.25,1.0,2.5,0.0,0.0,0.0,0.0,0.0,0.0,0.0,0.0,0.0,3.720754614926158e-188,1.0242163396626456e-68
surface,0.42,32.0,30.0,0.25,1.0,4.0,0.0,0.0,0.0,0.0,0.0,0.0,0.0,0.0,0.0,3.658814178825176e-188,3.7560577242462446e-69
mixed,0.1,4.0,8.0,0.0,1.0,2.5,0.0,0.0,0.0,0.0,0.0,0.0,0.0,0.0,0.0,0.0,6.6388419749828e-159
mixed,0.1,4.0,8.0,0.0,1.0,4.0,0.0,0.0,0.0,0.0,0.0,0.0,0.0,0.0,0.0,0.0,3.493807075592796e-251
mixed,0.1,4.0,8.0,0.1,1.0,2.5,0.0,0.0,0.0,0.0,0.0,0.0,0.0,0.0,0.0,0.0,7.616720839536312e-159
mixed,0.1,4.0,8.0,0.1,1.0,4.0,0.0,0.0,0.0,0.0,0.0,0.0,0.0,0.0,0.0,0.0,4.349273338597453e-251
mixed,0.1,4.0,8.0,0.25,1.0,2.5,0.0,0.0,0.0,0.0,0.0,0.0,0.0,0.0,0.0,0.0,9.36012394384302e-159
mixed,0.1,4.0,8.0,0.25,1.0,4.0,0.0,0.0,0.0,0.0,0.0,0.0,0.0,0.0,0.0,0.0,6.040784967214076e-251
mixed,0.1,4.0,18.0,0.0,1.0,2.5,0.0,0.0,0.0,0.0,0.0,0.0,0.0,0.0,0.0,0.0,3.88499971227641e-161
mixed,0.1,4.0,18.0,0.0,1.0,4.0,0.0,0.0,0.0,0.0,0.0,0.0,0.0,0.0,0.0,0.0,1.0827369562812942e-255
mixed,0.1,4.0,18.0,0.1,1.0,2.5,0.0,0.0,0.0,0.0,0.0,0.0,0.0,0.0,0.0,0.0,4.466481296304848e-161
mixed,0.1,4.0,18.0,0.1,1.0,4.0,0.0,0.0,0.0,0.0,0.0,0.0,0.0,0.0,0.0,0.0,1.3534380622889699e-255
mixed,0.1,4.0,18.0,0.25,1.0,2.5,0.0,0.0,0.0,0.0,0.0,0.0,0.0,0.0,0.0,0.0,5.505887239051317e-161
mixed,0.1,4.0,18.0,0.25,1.0,4.0,0.0,0.0,0.0,0.0,0.0,0.0,0.0,0.0,0.0,0.0,1.891522553076411e-255
mixed,0.1,4.0,30.0,0.0,1.0,2.5,0.0,0.0,0.0,0.0,0.0,0.0,0.0,0.0,0.0,0.0,3.67941748696074e-161
mixed,0.1,4.0,30.0,0.0,1.0,4.0,0.0,0.0,0.0,0.0,0.0,0.0,0.0,0.0,0.0,0.0,9.701530340212073e-256
mixed,0.1,4.0,30.0,0.1,1.0,2.5,0.0,0.0,0.0,0.0,0.0,0.0,0.0,0.0,0.0,0.0,4.230221508656588e-161
mixed,0.1,4.0,30.0,0.1,1.0,4.0,0.0,0.0,0.0,0.0,0.0,0.0,0.0,0.0,0.0,0.0,1.2127595303491275e-255
mixed,0.1,4.0,30.0,0.25,1.0,2.5,0.0,0.0,0.0,0.0,0.0,0.0,0.0,0.0,0.0,0.0,5.214818176717301e-161
mixed,0.1,4.0,30.0,0.25,1.0,4.0,0.0,0.0,0.0,0.0,0.0,0.0,0.0,0.0,0.0,0.0,1.695026026834419e-255
mixed,0.1,8.0,8.0,0.0,1.0,2.5,0.0,0.0,0.0,0.0,0.0,0.0,0.0,0.0,0.0,0.0,9.840582369955295e-155
mixed,0.1,8.0,8.0,0.0,1.0,4.0,0.0,0.0,0.0,0.0,0.0,0.0,0.0,0.0,0.0,0.0,1.5537774790585858e-244
mixed,0.1,8.0,8.0,0.1,1.0,2.5,0.0,0.0,0.0,0.0,0.0,0.0,0.0,0.0,0.0,0.0,1.1290066715378669e-154
mixed,0.1,8.0,8.0,0.1,1.0,4.0,0.0,0.0,0.0,0.0,0.0,0.0,0.0,0.0,0.0,0.0,1.9342232749460187e-244
mixed,0.1,8.0,8.0,0.25,1.0,2.5,0.0,0.0,0.0,0.0,0.0,0.0,0.0,0.0,0.0,0.0,1.3874267682447231e-154
mixed,0.1,8.0,8.0,0.25,1.0,4.0,0.0,0.0,0.0,0.0,0.0,0.0,0.0,0.0,0.0,0.0,2.686477940771917e-244
mixed,0.1,8.0,18.0,0.0,1.0,2.5,0.0,0.0,0.0,0.0,0.0,0.0,0.0,0.0,0.0,0.0,8.521383956889079e-157
mixed,0.1,8.0,18.0,0.0,1.0,4.0,0.0,0.0,0.0,0.0,0.0,0.0,0.0,0.0,0.0,0.0,9.550800715291318e-249
mixed,0.1,8.0,18.0,0.1,1.0,2.5,0.0,0.0,0.0,0.0,0.0,0.0,0.0,0.0,0.0,0.0,9.796809493140403e-157
mixed,0.1,8.0,18.0,0.1,1.0,4.0,0.0,0.0,0.0,0.0,0.0,0.0,0.0,0.0,0.0,0.0,1.193864967702618e-248
mixed,0.1,8.0,18.0,0.25,1.0,2.5,0.0,0.0,0.0,0.0,0.0,0.0,0.0,0.0,0.0,0.0,1.2076649333855617e-156
mixed,0.1,8.0,18.0,0.25,1.0,4.0,0.0,0.0,0.0,0.0,0.0,0.0,0.0,0.0,0.0,0.0,1.6685082048883553e-248
mixed,0.1,8.0,30.0,0.0,1.0,2.5,0.0,0.0,0.0,0.0,0.0,0.0,0.0,0.0,0.0,0.0,8.104316501529669e-157
mixed,0.1,8.0,30.0,0.0,1.0,4.0,0.0,0.0,0.0,0.0,0.0,0.0,0.0,0.0,0.0,0.0,8.620626768684791e-249
mixed,0.1,8.0,30.0,0.1,1.0,2.5,0.0,0.0,0.0,0.0,0.0,0.0,0.0,0.0,0.0,0.0,9.317522161925065e-157
mixed,0.1,8.0,30.0,0.1,1.0,4.0,0.0,0.0,0.0,0.0,0.0,0.0,0.0,0.0,0.0,0.0,1.0776389811379744e-248
mixed,0.1,8.0,30.0,0.25,1.0,2.5,0.0,0.0,0.0,0.0,0.0,0.0,0.0,0.0,0.0,0.0,1.1486203224238205e-156
mixed,0.1,8.0,30.0,0.25,1.0,4.0,0.0,0.0,0.0,0.0,0.0,0.0,0.0,0.0,0.0,0.0,1.5061733796759739e-248
mixed,0.1,12.0,8.0,0.0,1.0,2.5,0.0,0.0,0.0,0.0,0.0,0.0,0.0,0.0,0.0,0.0,1.4586438680840244e-150
mixed,0.1,12.0,8.0,0.0,1.0,4.0,0.0,0.0,0.0,0.0,0.0,0.0,0.0,0.0,0.0,0.0,6.910010776769366e-238
mixed,0.1,12.0,8.0,0.1,1.0,2.5,0.0,0.0,0.0,0.0,0.0,0.0,0.0,0.0,0.0,0.0,1.6734971534740025e-150
mixed,0.1,12.0,8.0,0.1,1.0,4.0,0.0,0.0,0.0,0.0,0.0,0.0,0.0,0.0,0.0,0.0,8.60194194773187e-238
mixed,0.1,12.0,8.0,0.25,1.0,2.5,0.0,0.0,0.0,0.0,0.0,0.0,0.0,0.0,0.0,0.0,2.056546525228663e-150
mixed,0.1,12.0,8.0,0.25,1.0,4.0,0.0,0.0,0.0,0.0,0.0,0.0,0.0,0.0,0.0,0.0,1.1947393865905802e-237
mixed,0.1,12.0,18.0,0.0,1.0,2.5,0.0,0.0,0.0,0.0,0.0,0.0,0.0,0.0,0.0,0.0,1.8690859695888755e-152
mixed,0.1,12.0,18.0,0.0,1.0,4.0,0.0,0.0,0.0,0.0,0.0,0.0,0.0,0.0,0.0,0.0,8.424741925914316e-242
mixed,0.1,12.0,18.0,0.1,1.0,2.5,0.0,0.0,0.0,0.0,0.0,0.0,0.0,0.0,0.0,0.0,2.1488386467506035e-152
mixed,0.1,12.0,18.0,0.1,1.0,4.0,0.0,0.0,0.0,0.0,0.0,0.0,0.0,0.0,0.0,0.0,1.053105864849762e-241
mixed,0.1,12.0,18.0,0.25,1.0,2.5,0.0,0.0,0.0,0.0,0.0,0.0,0.0,0.0,0.0,0.0,2.648900218996223e-152
mixed,0.1,12.0,18.0,0.25,1.0,4.0,0.0,0.0,0.0,0.0,0.0,0.0,0.0,0.0,0.0,0.0,1.4717877009986595e-241
mixed,0.1,12.0,30.0,0.0,1.0,2.5,0.0,0.0,0.0,0.0,0.0,0.0,0.0,0.0,0.0,0.0,1.78506370070049e-152
mixed,0.1,12.0,30.0,0.0,1.0,4.0,0.0,0.0,0.0,0.0,0.0,0.0,0.0,0.0,0.0,0.0,7.66015291184878e-242
mixed,0.1,12.0,30.0,0.1,1.0,2.5,0.0,0.0,0.0,0.0,0.0,0.0,0.0,0.0,0.0,0.0,2.0522854195767735e-152
mixed,0.1,12.0,30.0,0.1,1.0,4.0,0.0,0.0,0.0,0.0,0.0,0.0,0.0,0.0,0.0,0.0,9.575729933318079e-242
mixed,0.1,12.0,30.0,0.25,1.0,2.5,0.0,0.0,0.0,0.0,0.0,0.0,0.0,0.0,0.0,0.0,2.529960969637174e-152
mixed,0.1,12.0,30.0,0.25,1.0,4.0,0.0,0.0,0.0,0.0,0.0,0.0,0.0,0.0,0.0,0.0,1.3383618975345399e-241
mixed,0.1,20.0,8.0,0.0,1.0,2.5,0.0,0.0,0.0,0.0,0.0,0.0,0.0,0.0,0.0,0.0,3.2048389491973656e-142
mixed,0.1,20.0,8.0,0.0,1.0,4.0,0.0,0.0,0.0,0.0,0.0,0.0,0.0,0.0,0.0,0.0,1.3666538507130578e-224
mixed,0.1,20.0,8.0,0.1,1.0,2.5,0.0,0.0,0.0,0.0,0.0,0.0,0.0,0.0,0.0,0.0,3.676900836575866e-142
mixed,0.1,20.0,8.0,0.1,1.0,4.0,0.0,0.0,0.0,0.0,0.0,0.0,0.0,0.0,0.0,0.0,1.7012820191250352e-224
mixed,0.1,20.0,8.0,0.25,1.0,2.5,0.0,0.0,0.0,0.0,0.0,0.0,0.0,0.0,0.0,0.0,4.5185123998407396e-142
mixed,0.1,20.0,8.0,0.25,1.0,4.0,0.0,0.0,0.0,0.0,0.0,0.0,0.0,0.0,0.0,0.0,2.3629415872574844e-224
mixed,0.1,20.0,18.0,0.0,1.0,2.5,0.0,0.0,0.0,0.0,0.0,0.0,0.0,0.0,0.0,0.0,8.992233257250322e-144
mixed,0.1,20.0,18.0,0.0,1.0,4.0,0.0,0.0,0.0,0.0,0.0,0.0,0.0,0.0,0.0,0.0,6.555264979781372e-228
mixed,0.1,20.0,18.0,0.1,1.0,2.5,0.0,0.0,0.0,0.0,0.0,0.0,0.0,0.0,0.0,0.0,1.033813246590568e-143
mixed,0.1,20.0,18.0,0.1,1.0,4.0,0.0,0.0,0.0,0.0,0.0,0.0,0.0,0.0,0.0,0.0,8.19418334301417e-228
mixed,0.1,20.0,18.0,0.25,1.0,2.5,0.0,0.0,0.0,0.0,0.0,0.0,0.0,0.0,0.0,0.0,1.274394491850733e-143
mixed,0.1,20.0,18.0,0.25,1.0,4.0,0.0,0.0,0.0,0.0,0.0,0.0,0.0,0.0,0.0,0.0,1.145193343472344e-227
mixed,0.1,20.0,30.0,0.0,1.0,2.5,0.0,0.0,0.0,0.0,0.0,0.0,0.0,0.0,0.0,0.0,8.660208923969077e-144
mixed,0.1,20.0,30.0,0.0,1.0,4.0,0.0,0.0,0.0,0.0,0.0,0.0,0.0,0.0,0.0,0.0,6.04831821116887e-228
mixed,0.1,20.0,30.0,0.1,1.0,2.5,0.0,0.0,0.0,0.0,0.0,0.0,0.0,0.0,0.0,0.0,9.956630958422312e-144
mixed,0.1,20.0,30.0,0.1,1.0,4.0,0.0,0.0,0.0,0.0,0.0,0.0,0.0,0.0,0.0,0.0,7.560823185570626e-228
mixed,0.1,20.0,30.0,0.25,1.0,2.5,0.0,0.0,0.0,0.0,0.0,0.0,0.0,0.0,0.0,0.0,1.2274066498549857e-143
mixed,0.1,20.0,30.0,0.25,1.0,4.0,0.0,0.0,0.0,0.0,0.0,0.0,0.0,0.0,0.0,0.0,1.0567463510384405e-227
mixed,0.1,32.0,8.0,0.0,1.0,2.5,0.0,0.0,0.0,0.0,0.0,0.0,0.0,0.0,0.0,0.0,1.0437382976084106e-129
mixed,0.1,32.0,8.0,0.0,1.0,4.0,0.0,0.0,0.0,0.0,0.0,0.0,0.0,0.0,0.0,0.0,1.202065786666092e-204
mixed,0.1,32.0,8.0,0.1,1.0,2.5,0.0,0.0,0.0,0.0,0.0,0.0,0.0,0.0,0.0,0.0,1.1974774022899878e-129
mixed,0.1,32.0,8.0,0.1,1.0,4.0,0.0,0.0,0.0,0.0,0.0,0.0,0.0,0.0,0.0,0.0,1.496394209545744e-204
mixed,0.1,32.0,8.0,0.25,1.0,2.5,0.0,0.0,0.0,0.0,0.0,0.0,0.0,0.0,0.0,0.0,1.4715698712764955e-129
mixed,0.1,32.0,8.0,0.25,1.0,4.0,0.0,0.0,0.0,0.0,0.0,0.0,0.0,0.0,0.0,0.0,2.0783691762553443e-204
mixed,0.1,32.0,18.0,0.0,1.0,2.5,0.0,0.0,0.0,0.0,0.0,0.0,0.0,0.0,0.0,0.0,9.489099348401924e-131
mixed,0.1,32.0,18.0,0.0,1.0,4.0,0.0,0.0,0.0,0.0,0.0,0.0,0.0,0.0,0.0,0.0,4.499256160412657e-207
mixed,0.1,32.0,18.0,0.1,1.0,2.5,0.0,0.0,0.0,0.0,0.0,0.0,0.0,0.0,0.0,0.0,1.0909366254130692e-130
mixed,0.1,32.0,18.0,0.1,1.0,4.0,0.0,0.0,0.0,0.0,0.0,0.0,0.0,0.0,0.0,0.0,5.624140290181966e-207
mixed,0.1,32.0,18.0,0.25,1.0,2.5,0.0,0.0,0.0,0.0,0.0,0.0,0.0,0.0,0.0,0.0,1.3448111938686061e-130
mixed,0.1,32.0,18.0,0.25,1.0,4.0,0.0,0.0,0.0,0.0,0.0,0.0,0.0,0.0,0.0,0.0,7.860121934618357e-207
mixed,0.1,32.0,30.0,0.0,1.0,2.5,0.0,0.0,0.0,0.0,0.0,0.0,0.0,0.0,0.0,0.0,9.254231197984155e-131
mixed,0.1,32.0,30.0,0.0,1.0,4.0,0.0,0.0,0.0,0.0,0.0,0.0,0.0,0.0,0.0,0.0,4.2435607253570976e-207
mixed,0.1,32.0,30.0,0.1,1.0,2.5,0.0,0.0,0.0,0.0,0.0,0.0,0.0,0.0,0.0,0.0,1.0639577595781293e-130
mixed,0.1,32.0,30.0,0.1,1.0,4.0,0.0,0.0,0.0,0.0,0.0,0.0,0.0,0.0,0.0,0.0,5.304749386764868e-207
mixed,0.1,32.0,30.0,0.25,1.0,2.5,0.0,0.0,0.0,0.0,0.0,0.0,0.0,0.0,0.0,0.0,1.3115971001881317e-130
mixed,0.1,32.0,30.0,0.25,1.0,4.0,0.0,0.0,0.0,0.0,0.0,0.0,0.0,0.0,0.0,0.0,7.414238397130435e-207
mixed,0.18,4.0,8.0,0.0,1.0,2.5,0.0,0.0,0.0,0.0,0.0,0.0,0.0,0.0,0.0,0.0,5.6718299494740276e-157
mixed,0.18,4.0,8.0,0.0,1.0,4.0,0.0,0.0,0.0,0.0,0.0,0.0,0.0,0.0,0.0,0.0,2.7800968375472747e-247
mixed,0.18,4.0,8.0,0.1,1.0,2.5,0.0,0.0,0.0,0.0,0.0,0.0,0.0,0.0,0.0,0.0,6.495645530252276e-157
mixed,0.18,4.0,8.0,0.1,1.0,4.0,0.0,0.0,0.0,0.0,0.0,0.0,0.0,0.0,0.0,0.0,3.44845468238998e-247
mixed,0.18,4.0,8.0,0.25,1.0,2.5,0.0,0.0,0.0,0.0,0.0,0.0,0.0,0.0,0.0,0.0,7.961061719721907e-157
mixed,0.18,4.0,8.0,0.25,1.0,4.0,0.0,0.0,0.0,0.0,0.0,0.0,0.0,0.0,0.0,0.0,4.763996373469385e-247
mixed,0.18,4.0,18.0,0.0,1.0,2.5,0.0,0.0,0.0,0.0,0.0,0.0,0.0,0.0,0.0,0.0,4.630938607296984e-161
mixed,0.18,4.0,18.0,0.0,1.0,4.0,0.0,0.0,0.0,0.0,0.0,0.0,0.0,0.0,0.0,0.0,1.5436945442519237e-255
mixed,0.18,4.0,18.0,0.1,1.0,2.5,0.0,0.0,0.0,0.0,0.0,0.0,0.0,0.0,0.0,0.0,5.323690801884341e-161
mixed,0.18,4.0,18.0,0.1,1.0,4.0,0.0,0.0,0.0,0.0,0.0,0.0,0.0,0.0,0.0,0.0,1.9293691845508368e-255
mixed,0.18,4.0,18.0,0.25,1.0,2.5,0.0,0.0,0.0,0.0,0.0,0.0,0.0,0.0,0.0,0.0,6.561883631246298e-161
mixed,0.18,4.0,18.0,0.25,1.0,4.0,0.0,0.0,0.0,0.0,0.0,0.0,0.0,0.0,0.0,0.0,2.6958535174213683e-255
mixed,0.18,4.0,30.0,0.0,1.0,2.5,0.0,0.0,0.0,0.0,0.0,0.0,0.0,0.0,0.0,0.0,3.687689824416558e-161
mixed,0.18,4.0,30.0,0.0,1.0,4.0,0.0,0.0,0.0,0.0,0.0,0.0,0.0,0.0,0.0,0.0,9.745628093748164e-256
mixed,0.18,4.0,30.0,0.1,1.0,2.5,0.0,0.0,0.0,0.0,0.0,0.0,0.0,0.0,0.0,0.0,4.239728368480011e-161
mixed,0.18,4.0,30.0,0.1,1.0,4.0,0.0,0.0,0.0,0.0,0.0,0.0,0.0,0.0,0.0,0.0,1.2182698552996359e-255
mixed,0.18,4.0,30.0,0.25,1.0,2.5,0.0,0.0,0.0,0.0,0.0,0.0,0.0,0.0,0.0,0.0,5.226530693604669e-161
mixed,0.18,4.0,30.0,0.25,1.0,4.0,0.0,0.0,0.0,0.0,0.0,0.0,0.0,0.0,0.0,0.0,1.702722968545612e-255
mixed,0.18,8.0,8.0,0.0,1.0,2.5,0.0,0.0,0.0,0.0,0.0,0.0,0.0,0.0,0.0,0.0,6.02796740670776e-153
mixed,0.18,8.0,8.0,0.0,1.0,4.0,0.0,0.0,0.0,0.0,0.0,0.0,0.0,0.0,0.0,0.0,6.92311225336301e-241
mixed,0.18,8.0,8.0,0.1,1.0,2.5,0.0,0.0,0.0,0.0,0.0,0.0,0.0,0.0,0.0,0.0,6.90351084053899e-153
mixed,0.18,8.0,8.0,0.1,1.0,4.0,0.0,0.0,0.0,0.0,0.0,0.0,0.0,0.0,0.0,0.0,8.587484631608678e-241
mixed,0.18,8.0,8.0,0.25,1.0,2.5,0.0,0.0,0.0,0.0,0.0,0.0,0.0,0.0,0.0,0.0,8.460941353455547e-153
mixed,0.18,8.0,8.0,0.25,1.0,4.0,0.0,0.0,0.0,0.0,0.0,0.0,0.0,0.0,0.0,0.0,1.1863501020072648e-240
mixed,0.18,8.0,18.0,0.0,1.0,2.5,0.0,0.0,0.0,0.0,0.0,0.0,0.0,0.0,0.0,0.0,1.0021141092584132e-156
mixed,0.18,8.0,18.0,0.0,1.0,4.0,0.0,0.0,0.0,0.0,0.0,0.0,0.0,0.0,0.0,0.0,1.329856298425655e-248
mixed,0.18,8.0,18.0,0.1,1.0,2.5,0.0,0.0,0.0,0.0,0.0,0.0,0.0,0.0,0.0,0.0,1.1520225419294578e-156
mixed,0.18,8.0,18.0,0.1,1.0,4.0,0.0,0.0,0.0,0.0,0.0,0.0,0.0,0.0,0.0,0.0,1.6621058690770214e-248
mixed,0.18,8.0,18.0,0.25,1.0,2.5,0.0,0.0,0.0,0.0,0.0,0.0,0.0,0.0,0.0,0.0,1.4199618539149505e-156
mixed,0.18,8.0,18.0,0.25,1.0,4.0,0.0,0.0,0.0,0.0,0.0,0.0,0.0,0.0,0.0,0.0,2.3224139731044434e-248
mixed,0.18,8.0,30.0,0.0,1.0,2.5,0.0,0.0,0.0,0.0,0.0,0.0,0.0,0.0,0.0,0.0,8.12113258113367e-157
mixed,0.18,8.0,30.0,0.0,1.0,4.0,0.0,0.0,0.0,0.0,0.0,0.0,0.0,0.0,0.0,0.0,8.657190789992085e-249
mixed,0.18,8.0,30.0,0.1,1.0,2.5,0.0,0.0,0.0,0.0,0.0,0.0,0.0,0.0,0.0,0.0,9.33684713948718e-157
mixed,0.18,8.0,30.0,0.1,1.0,4.0,0.0,0.0,0.0,0.0,0.0,0.0,0.0,0.0,0.0,0.0,1.0822077827688482e-248
mixed,0.18,8.0,30.0,0.25,1.0,2.5,0.0,0.0,0.0,0.0,0.0,0.0,0.0,0.0,0.0,0.0,1.1510010527754584e-156
mixed,0.18,8.0,30.0,0.25,1.0,4.0,0.0,0.0,0.0,0.0,0.0,0.0,0.0,0.0,0.0,0.0,1.5125549076367178e-248
mixed,0.18,12.0,8.0,0.0,1.0,2.5,0.0,0.0,0.0,0.0,0.0,0.0,0.0,0.0,0.0,0.0,6.406466939246071e-149
mixed,0.18,12.0,8.0,0.0,1.0,4.0,0.0,0.0,0.0,0.0,0.0,0.0,0.0,0.0,0.0,0.0,1.7240220781286172e-234
mixed,0.18,12.0,8.0,0.1,1.0,2.5,0.0,0.0,0.0,0.0,0.0,0.0,0.0,0.0,0.0,0.0,7.336986247706842e-149
mixed,0.18,12.0,8.0,0.1,1.0,4.0,0.0,0.0,0.0,0.0,0.0,0.0,0.0,0.0,0.0,0.0,2.138490979009013e-234
mixed,0.18,12.0,8.0,0.25,1.0,2.5,0.0,0.0,0.0,0.0,0.0,0.0,0.0,0.0,0.0,0.0,8.992208716240783e-149
mixed,0.18,12.0,8.0,0.25,1.0,4.0,0.0,0.0,0.0,0.0,0.0,0.0,0.0,0.0,0.0,0.0,2.9542981442444884e-234
mixed,0.18,12.0,18.0,0.0,1.0,2.5,0.0,0.0,0.0,0.0,0.0,0.0,0.0,0.0,0.0,0.0,2.1685294777876513e-152
mixed,0.18,12.0,18.0,0.0,1.0,4.0,0.0,0.0,0.0,0.0,0.0,0.0,0.0,0.0,0.0,0.0,1.1456397128871175e-241
mixed,0.18,12.0,18.0,0.1,1.0,2.5,0.0,0.0,0.0,0.0,0.0,0.0,0.0,0.0,0.0,0.0,2.492924526427901e-152
mixed,0.18,12.0,18.0,0.1,1.0,4.0,0.0,0.0,0.0,0.0,0.0,0.0,0.0,0.0,0.0,0.0,1.4318648510306269e-241
mixed,0.18,12.0,18.0,0.25,1.0,2.5,0.0,0.0,0.0,0.0,0.0,0.0,0.0,0.0,0.0,0.0,3.0727330441710837e-152
mixed,0.18,12.0,18.0,0.25,1.0,4.0,0.0,0.0,0.0,0.0,0.0,0.0,0.0,0.0,0.0,0.0,2.0007046479399343e-241
mixed,0.18,12.0,30.0,0.0,1.0,2.5,0.0,0.0,0.0,0.0,0.0,0.0,0.0,0.0,0.0,0.0,1.788458290707393e-152
mixed,0.18,12.0,30.0,0.0,1.0,4.0,0.0,0.0,0.0,0.0,0.0,0.0,0.0,0.0,0.0,0.0,7.69031525247653e-242
mixed,0.18,12.0,30.0,0.1,1.0,2.5,0.0,0.0,0.0,0.0,0.0,0.0,0.0,0.0,0.0,0.0,2.0561863150068675e-152
mixed,0.18,12.0,30.0,0.1,1.0,4.0,0.0,0.0,0.0,0.0,0.0,0.0,0.0,0.0,0.0,0.0,9.613417585525671e-242
mixed,0.18,12.0,30.0,0.25,1.0,2.5,0.0,0.0,0.0,0.0,0.0,0.0,0.0,0.0,0.0,0.0,2.5347663701875524e-152
mixed,0.18,12.0,30.0,0.25,1.0,4.0,0.0,0.0,0.0,0.0,0.0,0.0,0.0,0.0,0.0,0.0,1.3436257047556083e-241
mixed,0.18,20.0,8.0,0.0,1.0,2.5,0.0,0.0,0.0,0.0,0.0,0.0,0.0,0.0,0.0,0.0,7.236256906373109e-141
mixed,0.18,20.0,8.0,0.0,1.0,4.0,0.0,0.0,0.0,0.0,0.0,0.0,0.0,0.0,0.0,0.0,1.069118199672979e-221
mixed,0.18,20.0,8.0,0.1,1.0,2.5,0.0,0.0,0.0,0.0,0.0,0.0,0.0,0.0,0.0,0.0,8.287300615209479e-141
mixed,0.18,20.0,8.0,0.1,1.0,4.0,0.0,0.0,0.0,0.0,0.0,0.0,0.0,0.0,0.0,0.0,1.3261428925415754e-221
mixed,0.18,20.0,8.0,0.25,1.0,2.5,0.0,0.0,0.0,0.0,0.0,0.0,0.0,0.0,0.0,0.0,1.015691379406438e-140
mixed,0.18,20.0,8.0,0.25,1.0,4.0,0.0,0.0,0.0,0.0,0.0,0.0,0.0,0.0,0.0,0.0,1.8320495736924413e-221
mixed,0.18,20.0,18.0,0.0,1.0,2.5,0.0,0.0,0.0,0.0,0.0,0.0,0.0,0.0,0.0,0.0,1.0154572312023186e-143
mixed,0.18,20.0,18.0,0.0,1.0,4.0,0.0,0.0,0.0,0.0,0.0,0.0,0.0,0.0,0.0,0.0,8.502267217508125e-228
mixed,0.18,20.0,18.0,0.1,1.0,2.5,0.0,0.0,0.0,0.0,0.0,0.0,0.0,0.0,0.0,0.0,1.1673616905524305e-143
mixed,0.18,20.0,18.0,0.1,1.0,4.0,0.0,0.0,0.0,0.0,0.0,0.0,0.0,0.0,0.0,0.0,1.0626462618112293e-227
mixed,0.18,20.0,18.0,0.25,1.0,2.5,0.0,0.0,0.0,0.0,0.0,0.0,0.0,0.0,0.0,0.0,1.4388686071453806e-143
mixed,0.18,20.0,18.0,0.25,1.0,4.0,0.0,0.0,0.0,0.0,0.0,0.0,0.0,0.0,0.0,0.0,1.4848058555187257e-227
mixed,0.18,20.0,30.0,0.0,1.0,2.5,0.0,0.0,0.0,0.0,0.0,0.0,0.0,0.0,0.0,0.0,8.673677044153433e-144
mixed,0.18,20.0,30.0,0.0,1.0,4.0,0.0,0.0,0.0,0.0,0.0,0.0,0.0,0.0,0.0,0.0,6.068459427505975e-228
mixed,0.18,20.0,30.0,0.1,1.0,2.5,0.0,0.0,0.0,0.0,0.0,0.0,0.0,0.0,0.0,0.0,9.97210621664725e-144
mixed,0.18,20.0,30.0,0.1,1.0,4.0,0.0,0.0,0.0,0.0,0.0,0.0,0.0,0.0,0.0,0.0,7.585987396114622e-228
mixed,0.18,20.0,30.0,0.25,1.0,2.5,0.0,0.0,0.0,0.0,0.0,0.0,0.0,0.0,0.0,0.0,1.2293126986311673e-143
mixed,0.18,20.0,30.0,0.25,1.0,4.0,0.0,0.0,0.0,0.0,0.0,0.0,0.0,0.0,0.0,0.0,1.0602605754605136e-227
mixed,0.18,32.0,8.0,0.0,1.0,2.5,0.0,0.0,0.0,0.0,0.0,0.0,0.0,0.0,0.0,0.0,8.686744715434415e-129
mixed,0.18,32.0,8.0,0.0,1.0,4.0,0.0,0.0,0.0,0.0,0.0,0.0,0.0,0.0,0.0,0.0,1.6510113992687177e-202
mixed,0.18,32.0,8.0,0.1,1.0,2.5,0.0,0.0,0.0,0.0,0.0,0.0,0.0,0.0,0.0,0.0,9.94846724706314e-129
mixed,0.18,32.0,8.0,0.1,1.0,4.0,0.0,0.0,0.0,0.0,0.0,0.0,0.0,0.0,0.0,0.0,2.0479279403484536e-202
mixed,0.18,32.0,8.0,0.25,1.0,2.5,0.0,0.0,0.0,0.0,0.0,0.0,0.0,0.0,0.0,0.0,1.2192839249254044e-128
mixed,0.18,32.0,8.0,0.25,1.0,4.0,0.0,0.0,0.0,0.0,0.0,0.0,0.0,0.0,0.0,0.0,2.8291864558257625e-202
mixed,0.18,32.0,18.0,0.0,1.0,2.5,0.0,0.0,0.0,0.0,0.0,0.0,0.0,0.0,0.0,0.0,1.0289780164497405e-130
mixed,0.18,32.0,18.0,0.0,1.0,4.0,0.0,0.0,0.0,0.0,0.0,0.0,0.0,0.0,0.0,0.0,5.435816480585164e-207
mixed,0.18,32.0,18.0,0.1,1.0,2.5,0.0,0.0,0.0,0.0,0.0,0.0,0.0,0.0,0.0,0.0,1.182905079519525e-130
mixed,0.18,32.0,18.0,0.1,1.0,4.0,0.0,0.0,0.0,0.0,0.0,0.0,0.0,0.0,0.0,0.0,6.793893811159997e-207
mixed,0.18,32.0,18.0,0.25,1.0,2.5,0.0,0.0,0.0,0.0,0.0,0.0,0.0,0.0,0.0,0.0,1.4580271032776454e-130
mixed,0.18,32.0,18.0,0.25,1.0,4.0,0.0,0.0,0.0,0.0,0.0,0.0,0.0,0.0,0.0,0.0,9.492917516492218e-207
mixed,0.18,32.0,30.0,0.0,1.0,2.5,0.0,0.0,0.0,0.0,0.0,0.0,0.0,0.0,0.0,0.0,9.263815448727981e-131
mixed,0.18,32.0,30.0,0.0,1.0,4.0,0.0,0.0,0.0,0.0,0.0,0.0,0.0,0.0,0.0,0.0,4.253827912151386e-207
mixed,0.18,32.0,30.0,0.1,1.0,2.5,0.0,0.0,0.0,0.0,0.0,0.0,0.0,0.0,0.0,0.0,1.0650586960509729e-130
mixed,0.18,32.0,30.0,0.1,1.0,4.0,0.0,0.0,0.0,0.0,0.0,0.0,0.0,0.0,0.0,0.0,5.31757447047531e-207
mixed,0.18,32.0,30.0,0.25,1.0,2.5,0.0,0.0,0.0,0.0,0.0,0.0,0.0,0.0,0.0,0.0,1.3129525011048405e-130
mixed,0.18,32.0,30.0,0.25,1.0,4.0,0.0,0.0,0.0,0.0,0.0,0.0,0.0,0.0,0.0,0.0,7.43214333707957e-207
mixed,0.26,4.0,8.0,0.0,1.0,2.5,0.0,0.0,0.0,0.0,0.0,0.0,0.0,0.0,0.0,0.0,1.5836519648588076e-153
mixed,0.26,4.0,8.0,0.0,1.0,4.0,0.0,0.0,0.0,0.0,0.0,0.0,0.0,0.0,0.0,0.0,2.527994415141199e-240
mixed,0.26,4.0,8.0,0.1,1.0,2.5,0.0,0.0,0.0,0.0,0.0,0.0,0.0,0.0,0.0,0.0,1.807905858629906e-153
mixed,0.26,4.0,8.0,0.1,1.0,4.0,0.0,0.0,0.0,0.0,0.0,0.0,0.0,0.0,0.0,0.0,3.1158361694730643e-240
mixed,0.26,4.0,8.0,0.25,1.0,2.5,0.0,0.0,0.0,0.0,0.0,0.0,0.0,0.0,0.0,0.0,2.2052098028068074e-153
mixed,0.26,4.0,8.0,0.25,1.0,4.0,0.0,0.0,0.0,0.0,0.0,0.0,0.0,0.0,0.0,0.0,4.263559918651491e-240
mixed,0.26,4.0,18.0,0.0,1.0,2.5,0.0,0.0,0.0,0.0,0.0,0.0,0.0,0.0,0.0,0.0,9.688125355225264e-161
mixed,0.26,4.0,18.0,0.0,1.0,4.0,0.0,0.0,0.0,0.0,0.0,0.0,0.0,0.0,0.0,0.0,6.853811968786998e-255
mixed,0.26,4.0,18.0,0.1,1.0,2.5,0.0,0.0,0.0,0.0,0.0,0.0,0.0,0.0,0.0,0.0,1.1134082245685169e-160
mixed,0.26,4.0,18.0,0.1,1.0,4.0,0.0,0.0,0.0,0.0,0.0,0.0,0.0,0.0,0.0,0.0,8.561067169816813e-255
mixed,0.26,4.0,18.0,0.25,1.0,2.5,0.0,0.0,0.0,0.0,0.0,0.0,0.0,0.0,0.0,0.0,1.3717546413658698e-160
mixed,0.26,4.0,18.0,0.25,1.0,4.0,0.0,0.0,0.0,0.0,0.0,0.0,0.0,0.0,0.0,0.0,1.195147432757234e-254
mixed,0.26,4.0,30.0,0.0,1.0,2.5,0.0,0.0,0.0,0.0,0.0,0.0,0.0,0.0,0.0,0.0,3.7801072151310605e-161
mixed,0.26,4.0,30.0,0.0,1.0,4.0,0.0,0.0,0.0,0.0,0.0,0.0,0.0,0.0,0.0,0.0,1.0245147330509711e-255
mixed,0.26,4.0,30.0,0.1,1.0,2.5,0.0,0.0,0.0,0.0,0.0,0.0,0.0,0.0,0.0,0.0,4.345937089881595e-161
mixed,0.26,4.0,30.0,0.1,1.0,4.0,0.0,0.0,0.0,0.0,0.0,0.0,0.0,0.0,0.0,0.0,1.2806876188552727e-255
mixed,0.26,4.0,30.0,0.25,1.0,2.5,0.0,0.0,0.0,0.0,0.0,0.0,0.0,0.0,0.0,0.0,5.357379499982879e-161
mixed,0.26,4.0,30.0,0.25,1.0,4.0,0.0,0.0,0.0,0.0,0.0,0.0,0.0,0.0,0.0,0.0,1.7899080249566545e-255
mixed,0.26,8.0,8.0,0.0,1.0,2.5,0.0,0.0,0.0,0.0,0.0,0.0,0.0,0.0,0.0,0.0,9.433850305212489e-150
mixed,0.26,8.0,8.0,0.0,1.0,4.0,0.0,0.0,0.0,0.0,0.0,0.0,0.0,0.0,0.0,0.0,2.3029054575611156e-234
mixed,0.26,8.0,8.0,0.1,1.0,2.5,0.0,0.0,0.0,0.0,0.0,0.0,0.0,0.0,0.0,0.0,1.0769735784561596e-149
mixed,0.26,8.0,8.0,0.1,1.0,4.0,0.0,0.0,0.0,0.0,0.0,0.0,0.0,0.0,0.0,0.0,2.838406634353684e-234
mixed,0.26,8.0,8.0,0.25,1.0,2.5,0.0,0.0,0.0,0.0,0.0,0.0,0.0,0.0,0.0,0.0,1.3136484298885296e-149
mixed,0.26,8.0,8.0,0.25,1.0,4.0,0.0,0.0,0.0,0.0,0.0,0.0,0.0,0.0,0.0,0.0,3.883938724901389e-234
mixed,0.26,8.0,18.0,0.0,1.0,2.5,0.0,0.0,0.0,0.0,0.0,0.0,0.0,0.0,0.0,0.0,1.980878980169088e-156
mixed,0.26,8.0,18.0,0.0,1.0,4.0,0.0,0.0,0.0,0.0,0.0,0.0,0.0,0.0,0.0,0.0,5.3467078037851935e-248
mixed,0.26,8.0,18.0,0.1,1.0,2.5,0.0,0.0,0.0,0.0,0.0,0.0,0.0,0.0,0.0,0.0,2.2765260228653145e-156
mixed,0.26,8.0,18.0,0.1,1.0,4.0,0.0,0.0,0.0,0.0,0.0,0.0,0.0,0.0,0.0,0.0,6.678549813453647e-248
mixed,0.26,8.0,18.0,0.25,1.0,2.5,0.0,0.0,0.0,0.0,0.0,0.0,0.0,0.0,0.0,0.0,2.804753071826559e-156
mixed,0.26,8.0,18.0,0.25,1.0,4.0,0.0,0.0,0.0,0.0,0.0,0.0,0.0,0.0,0.0,0.0,9.32343071928172e-248
mixed,0.26,8.0,30.0,0.0,1.0,2.5,0.0,0.0,0.0,0.0,0.0,0.0,0.0,0.0,0.0,0.0,8.3088043871235e-157
mixed,0.26,8.0,30.0,0.0,1.0,4.0,0.0,0.0,0.0,0.0,0.0,0.0,0.0,0.0,0.0,0.0,9.070614829459323e-249
mixed,0.26,8.0,30.0,0.1,1.0,2.5,0.0,0.0,0.0,0.0,0.0,0.0,0.0,0.0,0.0,0.0,9.552517720669727e-157
mixed,0.26,8.0,30.0,0.1,1.0,4.0,0.0,0.0,0.0,0.0,0.0,0.0,0.0,0.0,0.0,0.0,1.1338659887203051e-248
mixed,0.26,8.0,30.0,0.25,1.0,2.5,0.0,0.0,0.0,0.0,0.0,0.0,0.0,0.0,0.0,0.0,1.1775702581864449e-156
mixed,0.26,8.0,30.0,0.25,1.0,4.0,0.0,0.0,0.0,0.0,0.0,0.0,0.0,0.0,0.0,0.0,1.584707935452631e-248
mixed,0.26,12.0,8.0,0.0,1.0,2.5,0.0,0.0,0.0,0.0,0.0,0.0,0.0,0.0,0.0,0.0,5.619765804356351e-146
mixed,0.26,12.0,8.0,0.0,1.0,4.0,0.0,0.0,0.0,0.0,0.0,0.0,0.0,0.0,0.0,0.0,2.097858094424608e-228
mixed,0.26,12.0,8.0,0.1,1.0,2.5,0.0,0.0,0.0,0.0,0.0,0.0,0.0,0.0,0.0,0.0,6.41555578326181e-146
mixed,0.26,12.0,8.0,0.1,1.0,4.0,0.0,0.0,0.0,0.0,0.0,0.0,0.0,0.0,0.0,0.0,2.585679022817651e-228
mixed,0.26,12.0,8.0,0.25,1.0,2.5,0.0,0.0,0.0,0.0,0.0,0.0,0.0,0.0,0.0,0.0,7.8254331862304115e-146
mixed,0.26,12.0,8.0,0.25,1.0,4.0,0.0,0.0,0.0,0.0,0.0,0.0,0.0,0.0,0.0,0.0,3.538118451859313e-228
mixed,0.26,12.0,18.0,0.0,1.0,2.5,0.0,0.0,0.0,0.0,0.0,0.0,0.0,0.0,0.0,0.0,4.050196906215082e-152
mixed,0.26,12.0,18.0,0.0,1.0,4.0,0.0,0.0,0.0,0.0,0.0,0.0,0.0,0.0,0.0,0.0,4.1710050508019596e-241
mixed,0.26,12.0,18.0,0.1,1.0,2.5,0.0,0.0,0.0,0.0,0.0,0.0,0.0,0.0,0.0,0.0,4.654690542448066e-152
mixed,0.26,12.0,18.0,0.1,1.0,4.0,0.0,0.0,0.0,0.0,0.0,0.0,0.0,0.0,0.0,0.0,5.2099845411838e-241
mixed,0.26,12.0,18.0,0.25,1.0,2.5,0.0,0.0,0.0,0.0,0.0,0.0,0.0,0.0,0.0,0.0,5.734728031310049e-152
mixed,0.26,12.0,18.0,0.25,1.0,4.0,0.0,0.0,0.0,0.0,0.0,0.0,0.0,0.0,0.0,0.0,7.273275078431524e-241
mixed,0.26,12.0,30.0,0.0,1.0,2.5,0.0,0.0,0.0,0.0,0.0,0.0,0.0,0.0,0.0,0.0,1.82630349920086e-152
mixed,0.26,12.0,30.0,0.0,1.0,4.0,0.0,0.0,0.0,0.0,0.0,0.0,0.0,0.0,0.0,0.0,8.030734037311758e-242
mixed,0.26,12.0,30.0,0.1,1.0,2.5,0.0,0.0,0.0,0.0,0.0,0.0,0.0,0.0,0.0,0.0,2.099675925271971e-152
mixed,0.26,12.0,30.0,0.1,1.0,4.0,0.0,0.0,0.0,0.0,0.0,0.0,0.0,0.0,0.0,0.0,1.0038764031510614e-241
mixed,0.26,12.0,30.0,0.25,1.0,2.5,0.0,0.0,0.0,0.0,0.0,0.0,0.0,0.0,0.0,0.0,2.58833952862537e-152
mixed,0.26,12.0,30.0,0.25,1.0,4.0,0.0,0.0,0.0,0.0,0.0,0.0,0.0,0.0,0.0,0.0,1.4030325612664205e-241
mixed,0.26,20.0,8.0,0.0,1.0,2.5,0.0,0.0,0.0,0.0,0.0,0.0,0.0,0.0,0.0,0.0,1.994236637633237e-138
mixed,0.26,20.0,8.0,0.0,1.0,4.0,0.0,0.0,0.0,0.0,0.0,0.0,0.0,0.0,0.0,0.0,1.7409091404569156e-216
mixed,0.26,20.0,8.0,0.1,1.0,2.5,0.0,0.0,0.0,0.0,0.0,0.0,0.0,0.0,0.0,0.0,2.2766315962566795e-138
mixed,0.26,20.0,8.0,0.1,1.0,4.0,0.0,0.0,0.0,0.0,0.0,0.0,0.0,0.0,0.0,0.0,2.1457277101219172e-216
mixed,0.26,20.0,8.0,0.25,1.0,2.5,0.0,0.0,0.0,0.0,0.0,0.0,0.0,0.0,0.0,0.0,2.776942333296941e-138
mixed,0.26,20.0,8.0,0.25,1.0,4.0,0.0,0.0,0.0,0.0,0.0,0.0,0.0,0.0,0.0,0.0,2.9361102970836854e-216
mixed,0.26,20.0,18.0,0.0,1.0,2.5,0.0,0.0,0.0,0.0,0.0,0.0,0.0,0.0,0.0,0.0,1.693216631457484e-143
mixed,0.26,20.0,18.0,0.0,1.0,4.0,0.0,0.0,0.0,0.0,0.0,0.0,0.0,0.0,0.0,0.0,2.538336799002448e-227
mixed,0.26,20.0,18.0,0.1,1.0,2.5,0.0,0.0,0.0,0.0,0.0,0.0,0.0,0.0,0.0,0.0,1.9459299444594428e-143
mixed,0.26,20.0,18.0,0.1,1.0,4.0,0.0,0.0,0.0,0.0,0.0,0.0,0.0,0.0,0.0,0.0,3.170625621893699e-227
mixed,0.26,20.0,18.0,0.25,1.0,2.5,0.0,0.0,0.0,0.0,0.0,0.0,0.0,0.0,0.0,0.0,2.3974481005109595e-143
mixed,0.26,20.0,18.0,0.25,1.0,4.0,0.0,0.0,0.0,0.0,0.0,0.0,0.0,0.0,0.0,0.0,4.42627653430927e-227
mixed,0.26,20.0,30.0,0.0,1.0,2.5,0.0,0.0,0.0,0.0,0.0,0.0,0.0,0.0,0.0,0.0,8.823518173882442e-144
mixed,0.26,20.0,30.0,0.0,1.0,4.0,0.0,0.0,0.0,0.0,0.0,0.0,0.0,0.0,0.0,0.0,6.294949901401663e-228
mixed,0.26,20.0,30.0,0.1,1.0,2.5,0.0,0.0,0.0,0.0,0.0,0.0,0.0,0.0,0.0,0.0,1.0144277056911607e-143
mixed,0.26,20.0,30.0,0.1,1.0,4.0,0.0,0.0,0.0,0.0,0.0,0.0,0.0,0.0,0.0,0.0,7.868958971464826e-228
mixed,0.26,20.0,30.0,0.25,1.0,2.5,0.0,0.0,0.0,0.0,0.0,0.0,0.0,0.0,0.0,0.0,1.2505183766552305e-143
mixed,0.26,20.0,30.0,0.25,1.0,4.0,0.0,0.0,0.0,0.0,0.0,0.0,0.0,0.0,0.0,0.0,1.0997773855008458e-227
mixed,0.26,32.0,8.0,0.0,1.0,2.5,0.0,0.0,0.0,0.0,0.0,0.0,0.0,0.0,0.0,0.0,4.215648582722706e-127
mixed,0.26,32.0,8.0,0.0,1.0,4.0,0.0,0.0,0.0,0.0,0.0,0.0,0.0,0.0,0.0,0.0,1.3160612500941879e-198
mixed,0.26,32.0,8.0,0.1,1.0,2.5,0.0,0.0,0.0,0.0,0.0,0.0,0.0,0.0,0.0,0.0,4.812607782360023e-127
mixed,0.26,32.0,8.0,0.1,1.0,4.0,0.0,0.0,0.0,0.0,0.0,0.0,0.0,0.0,0.0,0.0,1.6220887276194276e-198
mixed,0.26,32.0,8.0,0.25,1.0,2.5,0.0,0.0,0.0,0.0,0.0,0.0,0.0,0.0,0.0,0.0,5.87022261588743e-127
mixed,0.26,32.0,8.0,0.25,1.0,4.0,0.0,0.0,0.0,0.0,0.0,0.0,0.0,0.0,0.0,0.0,2.2195879717078216e-198
mixed,0.26,32.0,18.0,0.0,1.0,2.5,0.0,0.0,0.0,0.0,0.0,0.0,0.0,0.0,0.0,0.0,1.4473284787946341e-130
mixed,0.26,32.0,18.0,0.0,1.0,4.0,0.0,0.0,0.0,0.0,0.0,0.0,0.0,0.0,0.0,0.0,1.2050693513884013e-206
mixed,0.26,32.0,18.0,0.1,1.0,2.5,0.0,0.0,0.0,0.0,0.0,0.0,0.0,0.0,0.0,0.0,1.663342878891472e-130
mixed,0.26,32.0,18.0,0.1,1.0,4.0,0.0,0.0,0.0,0.0,0.0,0.0,0.0,0.0,0.0,0.0,1.505246964536955e-206
mixed,0.26,32.0,18.0,0.25,1.0,2.5,0.0,0.0,0.0,0.0,0.0,0.0,0.0,0.0,0.0,0.0,2.0492917727335365e-130
mixed,0.26,32.0,18.0,0.25,1.0,4.0,0.0,0.0,0.0,0.0,0.0,0.0,0.0,0.0,0.0,0.0,2.1013642454232202e-206
mixed,0.26,32.0,30.0,0.0,1.0,2.5,0.0,0.0,0.0,0.0,0.0,0.0,0.0,0.0,0.0,0.0,9.370117448604716e-131
mixed,0.26,32.0,30.0,0.0,1.0,4.0,0.0,0.0,0.0,0.0,0.0,0.0,0.0,0.0,0.0,0.0,4.368655819499348e-207
mixed,0.26,32.0,30.0,0.1,1.0,2.5,0.0,0.0,0.0,0.0,0.0,0.0,0.0,0.0,0.0,0.0,1.0772694698561898e-130
mixed,0.26,32.0,30.0,0.1,1.0,4.0,0.0,0.0,0.0,0.0,0.0,0.0,0.0,0.0,0.0,0.0,5.461008259404402e-207
mixed,0.26,32.0,30.0,0.25,1.0,2.5,0.0,0.0,0.0,0.0,0.0,0.0,0.0,0.0,0.0,0.0,1.3279854849261554e-130
mixed,0.26,32.0,30.0,0.25,1.0,4.0,0.0,0.0,0.0,0.0,0.0,0.0,0.0,0.0,0.0,0.0,7.632386199375859e-207
mixed,0.34,4.0,8.0,0.0,1.0,2.5,0.0,0.0,0.0,0.0,0.0,0.0,0.0,0.0,0.0,0.0,1.1215259510659856e-147
mixed,0.34,4.0,8.0,0.0,1.0,4.0,0.0,0.0,0.0,0.0,0.0,0.0,0.0,0.0,0.0,0.0,1.6459527631171973e-228
mixed,0.34,4.0,8.0,0.1,1.0,2.5,0.0,0.0,0.0,0.0,0.0,0.0,0.0,0.0,0.0,0.0,1.2734569213464566e-147
mixed,0.34,4.0,8.0,0.1,1.0,4.0,0.0,0.0,0.0,0.0,0.0,0.0,0.0,0.0,0.0,0.0,2.0069363413665363e-228
mixed,0.34,4.0,8.0,0.25,1.0,2.5,0.0,0.0,0.0,0.0,0.0,0.0,0.0,0.0,0.0,0.0,1.5408013654428174e-147
mixed,0.34,4.0,8.0,0.25,1.0,4.0,0.0,0.0,0.0,0.0,0.0,0.0,0.0,0.0,0.0,0.0,2.7021405946504584e-228
mixed,0.34,4.0,18.0,0.0,1.0,2.5,0.0,0.0,0.0,0.0,0.0,0.0,0.0,0.0,0.0,0.0,2.0664268984123438e-159
mixed,0.34,4.0,18.0,0.0,1.0,4.0,0.0,0.0,0.0,0.0,0.0,0.0,0.0,0.0,0.0,0.0,3.3091044961274373e-252
mixed,0.34,4.0,18.0,0.1,1.0,2.5,0.0,0.0,0.0,0.0,0.0,0.0,0.0,0.0,0.0,0.0,2.3719181261881047e-159
mixed,0.34,4.0,18.0,0.1,1.0,4.0,0.0,0.0,0.0,0.0,0.0,0.0,0.0,0.0,0.0,0.0,4.1232165542418645e-252
mixed,0.34,4.0,18.0,0.25,1.0,2.5,0.0,0.0,0.0,0.0,0.0,0.0,0.0,0.0,0.0,0.0,2.916884048260691e-159
mixed,0.34,4.0,18.0,0.25,1.0,4.0,0.0,0.0,0.0,0.0,0.0,0.0,0.0,0.0,0.0,0.0,5.734884023583028e-252
mixed,0.34,4.0,30.0,0.0,1.0,2.5,0.0,0.0,0.0,0.0,0.0,0.0,0.0,0.0,0.0,0.0,4.9640445637386435e-161
mixed,0.34,4.0,30.0,0.0,1.0,4.0,0.0,0.0,0.0,0.0,0.0,0.0,0.0,0.0,0.0,0.0,1.7761551363367338e-255
mixed,0.34,4.0,30.0,0.1,1.0,2.5,0.0,0.0,0.0,0.0,0.0,0.0,0.0,0.0,0.0,0.0,5.706467127117456e-161
mixed,0.34,4.0,30.0,0.1,1.0,4.0,0.0,0.0,0.0,0.0,0.0,0.0,0.0,0.0,0.0,0.0,2.21978320054986e-255
mixed,0.34,4.0,30.0,0.25,1.0,2.5,0.0,0.0,0.0,0.0,0.0,0.0,0.0,0.0,0.0,0.0,7.0333914966722375e-161
mixed,0.34,4.0,30.0,0.25,1.0,4.0,0.0,0.0,0.0,0.0,0.0,0.0,0.0,0.0,0.0,0.0,3.101380533726028e-255
mixed,0.34,8.0,8.0,0.0,1.0,2.5,0.0,0.0,0.0,0.0,0.0,0.0,0.0,0.0,0.0,0.0,2.6088365734018936e-144
mixed,0.34,8.0,8.0,0.0,1.0,4.0,0.0,0.0,0.0,0.0,0.0,0.0,0.0,0.0,0.0,0.0,2.9581234207782733e-223
mixed,0.34,8.0,8.0,0.1,1.0,2.5,0.0,0.0,0.0,0.0,0.0,0.0,0.0,0.0,0.0,0.0,2.9622506620579735e-144
mixed,0.34,8.0,8.0,0.1,1.0,4.0,0.0,0.0,0.0,0.0,0.0,0.0,0.0,0.0,0.0,0.0,3.6068868611782235e-223
mixed,0.34,8.0,8.0,0.25,1.0,2.5,0.0,0.0,0.0,0.0,0.0,0.0,0.0,0.0,0.0,0.0,3.5841336981049464e-144
mixed,0.34,8.0,8.0,0.25,1.0,4.0,0.0,0.0,0.0,0.0,0.0,0.0,0.0,0.0,0.0,0.0,4.856315174035226e-223
mixed,0.34,8.0,18.0,0.0,1.0,2.5,0.0,0.0,0.0,0.0,0.0,0.0,0.0,0.0,0.0,0.0,3.345683704004105e-155
mixed,0.34,8.0,18.0,0.0,1.0,4.0,0.0,0.0,0.0,0.0,0.0,0.0,0.0,0.0,0.0,0.0,1.7168283005147095e-245
mixed,0.34,8.0,18.0,0.1,1.0,2.5,0.0,0.0,0.0,0.0,0.0,0.0,0.0,0.0,0.0,0.0,3.840294485189175e-155
mixed,0.34,8.0,18.0,0.1,1.0,4.0,0.0,0.0,0.0,0.0,0.0,0.0,0.0,0.0,0.0,0.0,2.139205600112472e-245
mixed,0.34,8.0,18.0,0.25,1.0,2.5,0.0,0.0,0.0,0.0,0.0,0.0,0.0,0.0,0.0,0.0,4.722630853398798e-155
mixed,0.34,8.0,18.0,0.25,1.0,4.0,0.0,0.0,0.0,0.0,0.0,0.0,0.0,0.0,0.0,0.0,2.9753702862449082e-245
mixed,0.34,8.0,30.0,0.0,1.0,2.5,0.0,0.0,0.0,0.0,0.0,0.0,0.0,0.0,0.0,0.0,1.0684717788791027e-156
mixed,0.34,8.0,30.0,0.0,1.0,4.0,0.0,0.0,0.0,0.0,0.0,0.0,0.0,0.0,0.0,0.0,1.5158752104062384e-248
mixed,0.34,8.0,30.0,0.1,1.0,2.5,0.0,0.0,0.0,0.0,0.0,0.0,0.0,0.0,0.0,0.0,1.2282724307040144e-156
mixed,0.34,8.0,30.0,0.1,1.0,4.0,0.0,0.0,0.0,0.0,0.0,0.0,0.0,0.0,0.0,0.0,1.8944934805243345e-248
mixed,0.34,8.0,30.0,0.25,1.0,2.5,0.0,0.0,0.0,0.0,0.0,0.0,0.0,0.0,0.0,0.0,1.5138825261356382e-156
mixed,0.34,8.0,30.0,0.25,1.0,4.0,0.0,0.0,0.0,0.0,0.0,0.0,0.0,0.0,0.0,0.0,2.646900472223421e-248
mixed,0.34,12.0,8.0,0.0,1.0,2.5,0.0,0.0,0.0,0.0,0.0,0.0,0.0,0.0,0.0,0.0,6.068542827965744e-141
mixed,0.34,12.0,8.0,0.0,1.0,4.0,0.0,0.0,0.0,0.0,0.0,0.0,0.0,0.0,0.0,0.0,5.31637017090623e-218
mixed,0.34,12.0,8.0,0.1,1.0,2.5,0.0,0.0,0.0,0.0,0.0,0.0,0.0,0.0,0.0,0.0,6.89063668960585e-141
mixed,0.34,12.0,8.0,0.1,1.0,4.0,0.0,0.0,0.0,0.0,0.0,0.0,0.0,0.0,0.0,0.0,6.48233457194848e-218
mixed,0.34,12.0,8.0,0.25,1.0,2.5,0.0,0.0,0.0,0.0,0.0,0.0,0.0,0.0,0.0,0.0,8.337229349611095e-141
mixed,0.34,12.0,8.0,0.25,1.0,4.0,0.0,0.0,0.0,0.0,0.0,0.0,0.0,0.0,0.0,0.0,8.727820127588706e-218
mixed,0.34,12.0,18.0,0.0,1.0,2.5,0.0,0.0,0.0,0.0,0.0,0.0,0.0,0.0,0.0,0.0,5.416886247386144e-151
mixed,0.34,12.0,18.0,0.0,1.0,4.0,0.0,0.0,0.0,0.0,0.0,0.0,0.0,0.0,0.0,0.0,8.907241874342772e-239
mixed,0.34,12.0,18.0,0.1,1.0,2.5,0.0,0.0,0.0,0.0,0.0,0.0,0.0,0.0,0.0,0.0,6.217694266148886e-151
mixed,0.34,12.0,18.0,0.1,1.0,4.0,0.0,0.0,0.0,0.0,0.0,0.0,0.0,0.0,0.0,0.0,1.109861812822972e-238
mixed,0.34,12.0,18.0,0.25,1.0,2.5,0.0,0.0,0.0,0.0,0.0,0.0,0.0,0.0,0.0,0.0,7.646256007596003e-151
mixed,0.34,12.0,18.0,0.25,1.0,4.0,0.0,0.0,0.0,0.0,0.0,0.0,0.0,0.0,0.0,0.0,1.5436804482644198e-238
mixed,0.34,12.0,30.0,0.0,1.0,2.5,0.0,0.0,0.0,0.0,0.0,0.0,0.0,0.0,0.0,0.0,2.2998019610872713e-152
mixed,0.34,12.0,30.0,0.0,1.0,4.0,0.0,0.0,0.0,0.0,0.0,0.0,0.0,0.0,0.0,0.0,1.2937370202150241e-241
mixed,0.34,12.0,30.0,0.1,1.0,2.5,0.0,0.0,0.0,0.0,0.0,0.0,0.0,0.0,0.0,0.0,2.643760369455809e-152
mixed,0.34,12.0,30.0,0.1,1.0,4.0,0.0,0.0,0.0,0.0,0.0,0.0,0.0,0.0,0.0,0.0,1.616872110240201e-241
mixed,0.34,12.0,30.0,0.25,1.0,2.5,0.0,0.0,0.0,0.0,0.0,0.0,0.0,0.0,0.0,0.0,3.2585137682486575e-152
mixed,0.34,12.0,30.0,0.25,1.0,4.0,0.0,0.0,0.0,0.0,0.0,0.0,0.0,0.0,0.0,0.0,2.2590204696482694e-241
mixed,0.34,20.0,8.0,0.0,1.0,2.5,0.0,0.0,0.0,0.0,0.0,0.0,0.0,0.0,0.0,0.0,3.283670076456894e-134
mixed,0.34,20.0,8.0,0.0,1.0,4.0,0.0,0.0,0.0,0.0,0.0,0.0,0.0,0.0,0.0,0.0,1.71716907237204e-207
mixed,0.34,20.0,8.0,0.1,1.0,2.5,0.0,0.0,0.0,0.0,0.0,0.0,0.0,0.0,0.0,0.0,3.7285025659083057e-134
mixed,0.34,20.0,8.0,0.1,1.0,4.0,0.0,0.0,0.0,0.0,0.0,0.0,0.0,0.0,0.0,0.0,2.0937715181372594e-207
mixed,0.34,20.0,8.0,0.25,1.0,2.5,0.0,0.0,0.0,0.0,0.0,0.0,0.0,0.0,0.0,0.0,4.511249456742018e-134
mixed,0.34,20.0,8.0,0.25,1.0,4.0,0.0,0.0,0.0,0.0,0.0,0.0,0.0,0.0,0.0,0.0,2.8190555417563797e-207
mixed,0.34,20.0,18.0,0.0,1.0,2.5,0.0,0.0,0.0,0.0,0.0,0.0,0.0,0.0,0.0,0.0,1.4199707059399839e-142
mixed,0.34,20.0,18.0,0.0,1.0,4.0,0.0,0.0,0.0,0.0,0.0,0.0,0.0,0.0,0.0,0.0,2.397596023361886e-225
mixed,0.34,20.0,18.0,0.1,1.0,2.5,0.0,0.0,0.0,0.0,0.0,0.0,0.0,0.0,0.0,0.0,1.6298927673961639e-142
mixed,0.34,20.0,18.0,0.1,1.0,4.0,0.0,0.0,0.0,0.0,0.0,0.0,0.0,0.0,0.0,0.0,2.987457067457164e-225
mixed,0.34,20.0,18.0,0.25,1.0,2.5,0.0,0.0,0.0,0.0,0.0,0.0,0.0,0.0,0.0,0.0,2.0043728158668797e-142
mixed,0.34,20.0,18.0,0.25,1.0,4.0,0.0,0.0,0.0,0.0,0.0,0.0,0.0,0.0,0.0,0.0,4.155183115394356e-225
mixed,0.34,20.0,30.0,0.0,1.0,2.5,0.0,0.0,0.0,0.0,0.0,0.0,0.0,0.0,0.0,0.0,1.0654797700360915e-143
mixed,0.34,20.0,30.0,0.0,1.0,4.0,0.0,0.0,0.0,0.0,0.0,0.0,0.0,0.0,0.0,0.0,9.42347570453176e-228
mixed,0.34,20.0,30.0,0.1,1.0,2.5,0.0,0.0,0.0,0.0,0.0,0.0,0.0,0.0,0.0,0.0,1.224832936983227e-143
mixed,0.34,20.0,30.0,0.1,1.0,4.0,0.0,0.0,0.0,0.0,0.0,0.0,0.0,0.0,0.0,0.0,1.1777165536819186e-227
mixed,0.34,20.0,30.0,0.25,1.0,2.5,0.0,0.0,0.0,0.0,0.0,0.0,0.0,0.0,0.0,0.0,1.509643247200045e-143
mixed,0.34,20.0,30.0,0.25,1.0,4.0,0.0,0.0,0.0,0.0,0.0,0.0,0.0,0.0,0.0,0.0,1.6454522193569349e-227
mixed,0.34,32.0,8.0,0.0,1.0,2.5,0.0,0.0,0.0,0.0,0.0,0.0,0.0,0.0,0.0,0.0,4.133064248236445e-124
mixed,0.34,32.0,8.0,0.0,1.0,4.0,0.0,0.0,0.0,0.0,0.0,0.0,0.0,0.0,0.0,0.0,9.968041233166104e-192
mixed,0.34,32.0,8.0,0.1,1.0,2.5,0.0,0.0,0.0,0.0,0.0,0.0,0.0,0.0,0.0,0.0,4.692962537588773e-124
mixed,0.34,32.0,8.0,0.1,1.0,4.0,0.0,0.0,0.0,0.0,0.0,0.0,0.0,0.0,0.0,0.0,1.2154190965477133e-191
mixed,0.34,32.0,8.0,0.25,1.0,2.5,0.0,0.0,0.0,0.0,0.0,0.0,0.0,0.0,0.0,0.0,5.678184290869724e-124
mixed,0.34,32.0,8.0,0.25,1.0,4.0,0.0,0.0,0.0,0.0,0.0,0.0,0.0,0.0,0.0,0.0,1.636441182812358e-191
mixed,0.34,32.0,18.0,0.0,1.0,2.5,0.0,0.0,0.0,0.0,0.0,0.0,0.0,0.0,0.0,0.0,6.026621115781773e-130
mixed,0.34,32.0,18.0,0.0,1.0,4.0,0.0,0.0,0.0,0.0,0.0,0.0,0.0,0.0,0.0,0.0,3.348306111634649e-205
mixed,0.34,32.0,18.0,0.1,1.0,2.5,0.0,0.0,0.0,0.0,0.0,0.0,0.0,0.0,0.0,0.0,6.917569586019951e-130
mixed,0.34,32.0,18.0,0.1,1.0,4.0,0.0,0.0,0.0,0.0,0.0,0.0,0.0,0.0,0.0,0.0,4.17206262428937e-205
mixed,0.34,32.0,18.0,0.25,1.0,2.5,0.0,0.0,0.0,0.0,0.0,0.0,0.0,0.0,0.0,0.0,8.506932914511028e-130
mixed,0.34,32.0,18.0,0.25,1.0,4.0,0.0,0.0,0.0,0.0,0.0,0.0,0.0,0.0,0.0,0.0,5.80282286284726e-205
mixed,0.34,32.0,30.0,0.0,1.0,2.5,0.0,0.0,0.0,0.0,0.0,0.0,0.0,0.0,0.0,0.0,1.0624961396239325e-130
mixed,0.34,32.0,30.0,0.0,1.0,4.0,0.0,0.0,0.0,0.0,0.0,0.0,0.0,0.0,0.0,0.0,5.858126958227808e-207
mixed,0.34,32.0,30.0,0.1,1.0,2.5,0.0,0.0,0.0,0.0,0.0,0.0,0.0,0.0,0.0,0.0,1.2214030747715084e-130
mixed,0.34,32.0,30.0,0.1,1.0,4.0,0.0,0.0,0.0,0.0,0.0,0.0,0.0,0.0,0.0,0.0,7.321304058710901e-207
mixed,0.34,32.0,30.0,0.25,1.0,2.5,0.0,0.0,0.0,0.0,0.0,0.0,0.0,0.0,0.0,0.0,1.5054158393875108e-130
mixed,0.34,32.0,30.0,0.25,1.0,4.0,0.0,0.0,0.0,0.0,0.0,0.0,0.0,0.0,0.0,0.0,1.022899438267252e-206
mixed,0.42,4.0,8.0,0.0,1.0,2.5,0.0,0.0,0.0,0.0,0.0,0.0,0.0,0.0,0.0,0.0,1.558556744812884e-138
mixed,0.42,4.0,8.0,0.0,1.0,4.0,0.0,0.0,0.0,0.0,0.0,0.0,0.0,0.0,0.0,0.0,4.776691632217391e-210
mixed,0.42,4.0,8.0,0.1,1.0,2.5,0.0,0.0,0.0,0.0,0.0,0.0,0.0,0.0,0.0,0.0,1.7549136771668713e-138
mixed,0.42,4.0,8.0,0.1,1.0,4.0,0.0,0.0,0.0,0.0,0.0,0.0,0.0,0.0,0.0,0.0,5.72743083105754e-210
mixed,0.42,4.0,8.0,0.25,1.0,2.5,0.0,0.0,0.0,0.0,0.0,0.0,0.0,0.0,0.0,0.0,2.0967925669964094e-138
mixed,0.42,4.0,8.0,0.25,1.0,4.0,0.0,0.0,0.0,0.0,0.0,0.0,0.0,0.0,0.0,0.0,7.519843879223384e-210
mixed,0.42,4.0,18.0,0.0,1.0,2.5,0.0,0.0,0.0,0.0,0.0,0.0,0.0,0.0,0.0,0.0,3.370086954243814e-154
mixed,0.42,4.0,18.0,0.0,1.0,4.0,0.0,0.0,0.0,0.0,0.0,0.0,0.0,0.0,0.0,0.0,1.1109854396777462e-241
mixed,0.42,4.0,18.0,0.1,1.0,2.5,0.0,0.0,0.0,0.0,0.0,0.0,0.0,0.0,0.0,0.0,3.849697964623634e-154
mixed,0.42,4.0,18.0,0.1,1.0,4.0,0.0,0.0,0.0,0.0,0.0,0.0,0.0,0.0,0.0,0.0,1.3710264610843258e-241
mixed,0.42,4.0,18.0,0.25,1.0,2.5,0.0,0.0,0.0,0.0,0.0,0.0,0.0,0.0,0.0,0.0,4.700077117082764e-154
mixed,0.42,4.0,18.0,0.25,1.0,4.0,0.0,0.0,0.0,0.0,0.0,0.0,0.0,0.0,0.0,0.0,1.8795420278498215e-241
mixed,0.42,4.0,30.0,0.0,1.0,2.5,0.0,0.0,0.0,0.0,0.0,0.0,0.0,0.0,0.0,0.0,9.561430809667433e-160
mixed,0.42,4.0,30.0,0.0,1.0,4.0,0.0,0.0,0.0,0.0,0.0,0.0,0.0,0.0,0.0,0.0,6.979353213778458e-253
mixed,0.42,4.0,30.0,0.1,1.0,2.5,0.0,0.0,0.0,0.0,0.0,0.0,0.0,0.0,0.0,0.0,1.0978354131936998e-159
mixed,0.42,4.0,30.0,0.1,1.0,4.0,0.0,0.0,0.0,0.0,0.0,0.0,0.0,0.0,0.0,0.0,8.701822976820331e-253
mixed,0.42,4.0,30.0,0.25,1.0,2.5,0.0,0.0,0.0,0.0,0.0,0.0,0.0,0.0,0.0,0.0,1.3506995637795403e-159
mixed,0.42,4.0,30.0,0.25,1.0,4.0,0.0,0.0,0.0,0.0,0.0,0.0,0.0,0.0,0.0,0.0,1.2114426057889707e-252
mixed,0.42,8.0,8.0,0.0,1.0,2.5,0.0,0.0,0.0,0.0,0.0,0.0,0.0,0.0,0.0,0.0,9.269329064097565e-136
mixed,0.42,8.0,8.0,0.0,1.0,4.0,0.0,0.0,0.0,0.0,0.0,0.0,0.0,0.0,0.0,0.0,8.378043226751842e-206
mixed,0.42,8.0,8.0,0.1,1.0,2.5,0.0,0.0,0.0,0.0,0.0,0.0,0.0,0.0,0.0,0.0,1.043713833768572e-135
mixed,0.42,8.0,8.0,0.1,1.0,4.0,0.0,0.0,0.0,0.0,0.0,0.0,0.0,0.0,0.0,0.0,1.0045585266000581e-205
mixed,0.42,8.0,8.0,0.25,1.0,2.5,0.0,0.0,0.0,0.0,0.0,0.0,0.0,0.0,0.0,0.0,1.2470421976825087e-135
mixed,0.42,8.0,8.0,0.25,1.0,4.0,0.0,0.0,0.0,0.0,0.0,0.0,0.0,0.0,0.0,0.0,1.3189374975271906e-205
mixed,0.42,8.0,18.0,0.0,1.0,2.5,0.0,0.0,0.0,0.0,0.0,0.0,0.0,0.0,0.0,0.0,2.2442265489323327e-150
mixed,0.42,8.0,18.0,0.0,1.0,4.0,0.0,0.0,0.0,0.0,0.0,0.0,0.0,0.0,0.0,0.0,1.2277856899259874e-235
mixed,0.42,8.0,18.0,0.1,1.0,2.5,0.0,0.0,0.0,0.0,0.0,0.0,0.0,0.0,0.0,0.0,2.563611709395104e-150
mixed,0.42,8.0,18.0,0.1,1.0,4.0,0.0,0.0,0.0,0.0,0.0,0.0,0.0,0.0,0.0,0.0,1.515165374190207e-235
mixed,0.42,8.0,18.0,0.25,1.0,2.5,0.0,0.0,0.0,0.0,0.0,0.0,0.0,0.0,0.0,0.0,3.1299007982282944e-150
mixed,0.42,8.0,18.0,0.25,1.0,4.0,0.0,0.0,0.0,0.0,0.0,0.0,0.0,0.0,0.0,0.0,2.077142258568078e-235
mixed,0.42,8.0,30.0,0.0,1.0,2.5,0.0,0.0,0.0,0.0,0.0,0.0,0.0,0.0,0.0,0.0,1.6413403914418473e-155
mixed,0.42,8.0,30.0,0.0,1.0,4.0,0.0,0.0,0.0,0.0,0.0,0.0,0.0,0.0,0.0,0.0,4.010662166127677e-246
mixed,0.42,8.0,30.0,0.1,1.0,2.5,0.0,0.0,0.0,0.0,0.0,0.0,0.0,0.0,0.0,0.0,1.8845731802066393e-155
mixed,0.42,8.0,30.0,0.1,1.0,4.0,0.0,0.0,0.0,0.0,0.0,0.0,0.0,0.0,0.0,0.0,5.000473700138145e-246
mixed,0.42,8.0,30.0,0.25,1.0,2.5,0.0,0.0,0.0,0.0,0.0,0.0,0.0,0.0,0.0,0.0,2.3186464399164062e-155
mixed,0.42,8.0,30.0,0.25,1.0,4.0,0.0,0.0,0.0,0.0,0.0,0.0,0.0,0.0,0.0,0.0,6.96151473732703e-246
mixed,0.42,12.0,8.0,0.0,1.0,2.5,0.0,0.0,0.0,0.0,0.0,0.0,0.0,0.0,0.0,0.0,5.512822140386303e-133
mixed,0.42,12.0,8.0,0.0,1.0,4.0,0.0,0.0,0.0,0.0,0.0,0.0,0.0,0.0,0.0,0.0,1.4694607421566947e-201
mixed,0.42,12.0,8.0,0.1,1.0,2.5,0.0,0.0,0.0,0.0,0.0,0.0,0.0,0.0,0.0,0.0,6.207362680987125e-133
mixed,0.42,12.0,8.0,0.1,1.0,4.0,0.0,0.0,0.0,0.0,0.0,0.0,0.0,0.0,0.0,0.0,1.761938054131839e-201
mixed,0.42,12.0,8.0,0.25,1.0,2.5,0.0,0.0,0.0,0.0,0.0,0.0,0.0,0.0,0.0,0.0,7.416633706540473e-133
mixed,0.42,12.0,8.0,0.25,1.0,4.0,0.0,0.0,0.0,0.0,0.0,0.0,0.0,0.0,0.0,0.0,2.3133407426044147e-201
mixed,0.42,12.0,18.0,0.0,1.0,2.5,0.0,0.0,0.0,0.0,0.0,0.0,0.0,0.0,0.0,0.0,1.4944874928495246e-146
mixed,0.42,12.0,18.0,0.0,1.0,4.0,0.0,0.0,0.0,0.0,0.0,0.0,0.0,0.0,0.0,0.0,1.3568653976456402e-229
mixed,0.42,12.0,18.0,0.1,1.0,2.5,0.0,0.0,0.0,0.0,0.0,0.0,0.0,0.0,0.0,0.0,1.7071741879340418e-146
mixed,0.42,12.0,18.0,0.1,1.0,4.0,0.0,0.0,0.0,0.0,0.0,0.0,0.0,0.0,0.0,0.0,1.6744579162454904e-229
mixed,0.42,12.0,18.0,0.25,1.0,2.5,0.0,0.0,0.0,0.0,0.0,0.0,0.0,0.0,0.0,0.0,2.084280483642459e-146
mixed,0.42,12.0,18.0,0.25,1.0,4.0,0.0,0.0,0.0,0.0,0.0,0.0,0.0,0.0,0.0,0.0,2.295516619686645e-229
mixed,0.42,12.0,30.0,0.0,1.0,2.5,0.0,0.0,0.0,0.0,0.0,0.0,0.0,0.0,0.0,0.0,2.817568138290152e-151
mixed,0.42,12.0,30.0,0.0,1.0,4.0,0.0,0.0,0.0,0.0,0.0,0.0,0.0,0.0,0.0,0.0,2.3047137059993924e-239
mixed,0.42,12.0,30.0,0.1,1.0,2.5,0.0,0.0,0.0,0.0,0.0,0.0,0.0,0.0,0.0,0.0,3.235107948669831e-151
mixed,0.42,12.0,30.0,0.1,1.0,4.0,0.0,0.0,0.0,0.0,0.0,0.0,0.0,0.0,0.0,0.0,2.8735056197278822e-239
mixed,0.42,12.0,30.0,0.25,1.0,2.5,0.0,0.0,0.0,0.0,0.0,0.0,0.0,0.0,0.0,0.0,3.980249536983273e-151
mixed,0.42,12.0,30.0,0.25,1.0,4.0,0.0,0.0,0.0,0.0,0.0,0.0,0.0,0.0,0.0,0.0,4.000411344824202e-239
mixed,0.42,20.0,8.0,0.0,1.0,2.5,0.0,0.0,0.0,0.0,0.0,0.0,0.0,0.0,0.0,0.0,1.9499583863519905e-127
mixed,0.42,20.0,8.0,0.0,1.0,4.0,0.0,0.0,0.0,0.0,0.0,0.0,0.0,0.0,0.0,0.0,4.520523908589532e-193
mixed,0.42,20.0,8.0,0.1,1.0,2.5,0.0,0.0,0.0,0.0,0.0,0.0,0.0,0.0,0.0,0.0,2.195626597173519e-127
mixed,0.42,20.0,8.0,0.1,1.0,4.0,0.0,0.0,0.0,0.0,0.0,0.0,0.0,0.0,0.0,0.0,5.420276207901147e-193
mixed,0.42,20.0,8.0,0.25,1.0,2.5,0.0,0.0,0.0,0.0,0.0,0.0,0.0,0.0,0.0,0.0,2.623361814744858e-127
mixed,0.42,20.0,8.0,0.25,1.0,4.0,0.0,0.0,0.0,0.0,0.0,0.0,0.0,0.0,0.0,0.0,7.116564489031031e-193
mixed,0.42,20.0,18.0,0.0,1.0,2.5,0.0,0.0,0.0,0.0,0.0,0.0,0.0,0.0,0.0,0.0,6.627404267628713e-139
mixed,0.42,20.0,18.0,0.0,1.0,4.0,0.0,0.0,0.0,0.0,0.0,0.0,0.0,0.0,0.0,0.0,1.657162768813684e-217
mixed,0.42,20.0,18.0,0.1,1.0,2.5,0.0,0.0,0.0,0.0,0.0,0.0,0.0,0.0,0.0,0.0,7.570577574474782e-139
mixed,0.42,20.0,18.0,0.1,1.0,4.0,0.0,0.0,0.0,0.0,0.0,0.0,0.0,0.0,0.0,0.0,2.0450439089699966e-217
mixed,0.42,20.0,18.0,0.25,1.0,2.5,0.0,0.0,0.0,0.0,0.0,0.0,0.0,0.0,0.0,0.0,9.24288054488128e-139
mixed,0.42,20.0,18.0,0.25,1.0,4.0,0.0,0.0,0.0,0.0,0.0,0.0,0.0,0.0,0.0,0.0,2.8035534577993686e-217
mixed,0.42,20.0,30.0,0.0,1.0,2.5,0.0,0.0,0.0,0.0,0.0,0.0,0.0,0.0,0.0,0.0,8.302826608211327e-143
mixed,0.42,20.0,30.0,0.0,1.0,4.0,0.0,0.0,0.0,0.0,0.0,0.0,0.0,0.0,0.0,0.0,7.610598151323283e-226
mixed,0.42,20.0,30.0,0.1,1.0,2.5,0.0,0.0,0.0,0.0,0.0,0.0,0.0,0.0,0.0,0.0,9.533235413767924e-143
mixed,0.42,20.0,30.0,0.1,1.0,4.0,0.0,0.0,0.0,0.0,0.0,0.0,0.0,0.0,0.0,0.0,9.488856034652248e-226
mixed,0.42,20.0,30.0,0.25,1.0,2.5,0.0,0.0,0.0,0.0,0.0,0.0,0.0,0.0,0.0,0.0,1.172902309402192e-142
mixed,0.42,20.0,30.0,0.25,1.0,4.0,0.0,0.0,0.0,0.0,0.0,0.0,0.0,0.0,0.0,0.0,1.3210110698868637e-225
mixed,0.42,32.0,8.0,0.0,1.0,2.5,0.0,0.0,0.0,0.0,0.0,0.0,0.0,0.0,0.0,0.0,4.1020635713879754e-119
mixed,0.42,32.0,8.0,0.0,1.0,4.0,0.0,0.0,0.0,0.0,0.0,0.0,0.0,0.0,0.0,0.0,2.4391299800027717e-180
mixed,0.42,32.0,8.0,0.1,1.0,2.5,0.0,0.0,0.0,0.0,0.0,0.0,0.0,0.0,0.0,0.0,4.6188677377293707e-119
mixed,0.42,32.0,8.0,0.1,1.0,4.0,0.0,0.0,0.0,0.0,0.0,0.0,0.0,0.0,0.0,0.0,2.924607515838245e-180
mixed,0.42,32.0,8.0,0.25,1.0,2.5,0.0,0.0,0.0,0.0,0.0,0.0,0.0,0.0,0.0,0.0,5.518680301156237e-119
mixed,0.42,32.0,8.0,0.25,1.0,4.0,0.0,0.0,0.0,0.0,0.0,0.0,0.0,0.0,0.0,0.0,3.839870366980254e-180
mixed,0.42,32.0,18.0,0.0,1.0,2.5,0.0,0.0,0.0,0.0,0.0,0.0,0.0,0.0,0.0,0.0,1.957132507298848e-127
mixed,0.42,32.0,18.0,0.0,1.0,4.0,0.0,0.0,0.0,0.0,0.0,0.0,0.0,0.0,0.0,0.0,2.236700154493395e-199
mixed,0.42,32.0,18.0,0.1,1.0,2.5,0.0,0.0,0.0,0.0,0.0,0.0,0.0,0.0,0.0,0.0,2.2356601275107746e-127
mixed,0.42,32.0,18.0,0.1,1.0,4.0,0.0,0.0,0.0,0.0,0.0,0.0,0.0,0.0,0.0,0.0,2.760229781419402e-199
mixed,0.42,32.0,18.0,0.25,1.0,2.5,0.0,0.0,0.0,0.0,0.0,0.0,0.0,0.0,0.0,0.0,2.729506341392946e-127
mixed,0.42,32.0,18.0,0.25,1.0,4.0,0.0,0.0,0.0,0.0,0.0,0.0,0.0,0.0,0.0,0.0,3.7840027366046617e-199
mixed,0.42,32.0,30.0,0.0,1.0,2.5,0.0,0.0,0.0,0.0,0.0,0.0,0.0,0.0,0.0,0.0,4.200038580995853e-130
mixed,0.42,32.0,30.0,0.0,1.0,4.0,0.0,0.0,0.0,0.0,0.0,0.0,0.0,0.0,0.0,0.0,1.4441805822016846e-205
mixed,0.42,32.0,30.0,0.1,1.0,2.5,0.0,0.0,0.0,0.0,0.0,0.0,0.0,0.0,0.0,0.0,4.8224488392835455e-130
mixed,0.42,32.0,30.0,0.1,1.0,4.0,0.0,0.0,0.0,0.0,0.0,0.0,0.0,0.0,0.0,0.0,1.8005971882997594e-205
mixed,0.42,32.0,30.0,0.25,1.0,2.5,0.0,0.0,0.0,0.0,0.0,0.0,0.0,0.0,0.0,0.0,5.933202249889688e-130
mixed,0.42,32.0,30.0,0.25,1.0,4.0,0.0,0.0,0.0,0.0,0.0,0.0,0.0,0.0,0.0,0.0,2.5067392839186605e-205
trajectory,0.1,4.0,8.0,0.0,1.0,2.5,0.0,0.0,0.0,0.0,0.0,0.0,0.0,0.0,0.0,0.0,7.909458105798479e-161
trajectory,0.1,4.0,8.0,0.0,1.0,4.0,0.0,0.0,0.0,0.0,0.0,0.0,0.0,0.0,0.0,0.0,4.550240815454379e-255
trajectory,0.1,4.0,8.0,0.1,1.0,2.5,0.0,0.0,0.0,0.0,0.0,0.0,0.0,0.0,0.0,0.0,9.656363838806103e-161
trajectory,0.1,4.0,8.0,0.1,1.0,4.0,0.0,0.0,0.0,0.0,0.0,0.0,0.0,0.0,0.0,0.0,6.260724670419852e-255
trajectory,0.1,4.0,8.0,0.25,1.0,2.5,0.0,0.0,0.0,0.0,0.0,0.0,0.0,0.0,0.0,0.0,1.3026086491030351e-160
trajectory,0.1,4.0,8.0,0.25,1.0,4.0,0.0,0.0,0.0,0.0,0.0,0.0,0.0,0.0,0.0,0.0,1.0104386273683259e-254
trajectory,0.1,4.0,18.0,0.0,1.0,2.5,0.0,0.0,0.0,0.0,0.0,0.0,0.0,0.0,0.0,0.0,3.681171215552188e-161
trajectory,0.1,4.0,18.0,0.0,1.0,4.0,0.0,0.0,0.0,0.0,0.0,0.0,0.0,0.0,0.0,0.0,9.710870594247223e-256
trajectory,0.1,4.0,18.0,0.1,1.0,2.5,0.0,0.0,0.0,0.0,0.0,0.0,0.0,0.0,0.0,0.0,4.496190856594431e-161
trajectory,0.1,4.0,18.0,0.1,1.0,4.0,0.0,0.0,0.0,0.0,0.0,0.0,0.0,0.0,0.0,0.0,1.3373098688614532e-255
trajectory,0.1,4.0,18.0,0.25,1.0,2.5,0.0,0.0,0.0,0.0,0.0,0.0,0.0,0.0,0.0,0.0,6.069219144537639e-161
trajectory,0.1,4.0,18.0,0.25,1.0,4.0,0.0,0.0,0.0,0.0,0.0,0.0,0.0,0.0,0.0,0.0,2.1611896233509347e-255
trajectory,0.1,4.0,30.0,0.0,1.0,2.5,0.0,0.0,0.0,0.0,0.0,0.0,0.0,0.0,0.0,0.0,3.678593754743922e-161
trajectory,0.1,4.0,30.0,0.0,1.0,4.0,0.0,0.0,0.0,0.0,0.0,0.0,0.0,0.0,0.0,0.0,9.69714475757978e-256
trajectory,0.1,4.0,30.0,0.1,1.0,2.5,0.0,0.0,0.0,0.0,0.0,0.0,0.0,0.0,0.0,0.0,4.493044557786311e-161
trajectory,0.1,4.0,30.0,0.1,1.0,4.0,0.0,0.0,0.0,0.0,0.0,0.0,0.0,0.0,0.0,0.0,1.3354207278018026e-255
trajectory,0.1,4.0,30.0,0.25,1.0,2.5,0.0,0.0,0.0,0.0,0.0,0.0,0.0,0.0,0.0,0.0,6.064975768330909e-161
trajectory,0.1,4.0,30.0,0.25,1.0,4.0,0.0,0.0,0.0,0.0,0.0,0.0,0.0,0.0,0.0,0.0,2.158139253769e-255
trajectory,0.1,8.0,8.0,0.0,1.0,2.5,0.0,0.0,0.0,0.0,0.0,0.0,0.0,0.0,0.0,0.0,1.6425787416166607e-156
trajectory,0.1,8.0,8.0,0.0,1.0,4.0,0.0,0.0,0.0,0.0,0.0,0.0,0.0,0.0,0.0,0.0,3.647670239954474e-248
trajectory,0.1,8.0,8.0,0.1,1.0,2.5,0.0,0.0,0.0,0.0,0.0,0.0,0.0,0.0,0.0,0.0,2.0053634207014382e-156
trajectory,0.1,8.0,8.0,0.1,1.0,4.0,0.0,0.0,0.0,0.0,0.0,0.0,0.0,0.0,0.0,0.0,5.01886822852887e-248
trajectory,0.1,8.0,8.0,0.25,1.0,2.5,0.0,0.0,0.0,0.0,0.0,0.0,0.0,0.0,0.0,0.0,2.7051629164001245e-156
trajectory,0.1,8.0,8.0,0.25,1.0,4.0,0.0,0.0,0.0,0.0,0.0,0.0,0.0,0.0,0.0,0.0,8.100113949647827e-248
trajectory,0.1,8.0,18.0,0.0,1.0,2.5,0.0,0.0,0.0,0.0,0.0,0.0,0.0,0.0,0.0,0.0,8.107881738234533e-157
trajectory,0.1,8.0,18.0,0.0,1.0,4.0,0.0,0.0,0.0,0.0,0.0,0.0,0.0,0.0,0.0,0.0,8.628372240474178e-249
trajectory,0.1,8.0,18.0,0.1,1.0,2.5,0.0,0.0,0.0,0.0,0.0,0.0,0.0,0.0,0.0,0.0,9.902985110767459e-157
trajectory,0.1,8.0,18.0,0.1,1.0,4.0,0.0,0.0,0.0,0.0,0.0,0.0,0.0,0.0,0.0,0.0,1.1882361357211352e-248
trajectory,0.1,8.0,18.0,0.25,1.0,2.5,0.0,0.0,0.0,0.0,0.0,0.0,0.0,0.0,0.0,0.0,1.3367623559437916e-156
trajectory,0.1,8.0,18.0,0.25,1.0,4.0,0.0,0.0,0.0,0.0,0.0,0.0,0.0,0.0,0.0,0.0,1.9202756716343188e-248
trajectory,0.1,8.0,30.0,0.0,1.0,2.5,0.0,0.0,0.0,0.0,0.0,0.0,0.0,0.0,0.0,0.0,8.102641852883675e-157
trajectory,0.1,8.0,30.0,0.0,1.0,4.0,0.0,0.0,0.0,0.0,0.0,0.0,0.0,0.0,0.0,0.0,8.616989821972328e-249
trajectory,0.1,8.0,30.0,0.1,1.0,2.5,0.0,0.0,0.0,0.0,0.0,0.0,0.0,0.0,0.0,0.0,9.896589106595946e-157
trajectory,0.1,8.0,30.0,0.1,1.0,4.0,0.0,0.0,0.0,0.0,0.0,0.0,0.0,0.0,0.0,0.0,1.1866695926679152e-248
trajectory,0.1,8.0,30.0,0.25,1.0,2.5,0.0,0.0,0.0,0.0,0.0,0.0,0.0,0.0,0.0,0.0,1.3358997968674656e-156
trajectory,0.1,8.0,30.0,0.25,1.0,4.0,0.0,0.0,0.0,0.0,0.0,0.0,0.0,0.0,0.0,0.0,1.9177463520476303e-248
trajectory,0.1,12.0,8.0,0.0,1.0,2.5,0.0,0.0,0.0,0.0,0.0,0.0,0.0,0.0,0.0,0.0,3.4111880818145494e-152
trajectory,0.1,12.0,8.0,0.0,1.0,4.0,0.0,0.0,0.0,0.0,0.0,0.0,0.0,0.0,0.0,0.0,2.9241305502466846e-241
trajectory,0.1,12.0,8.0,0.1,1.0,2.5,0.0,0.0,0.0,0.0,0.0,0.0,0.0,0.0,0.0,0.0,4.16459292153682e-152
trajectory,0.1,12.0,8.0,0.1,1.0,4.0,0.0,0.0,0.0,0.0,0.0,0.0,0.0,0.0,0.0,0.0,4.023342284056601e-241
trajectory,0.1,12.0,8.0,0.25,1.0,2.5,0.0,0.0,0.0,0.0,0.0,0.0,0.0,0.0,0.0,0.0,5.617885624593302e-152
trajectory,0.1,12.0,8.0,0.25,1.0,4.0,0.0,0.0,0.0,0.0,0.0,0.0,0.0,0.0,0.0,0.0,6.493402391807259e-241
trajectory,0.1,12.0,18.0,0.0,1.0,2.5,0.0,0.0,0.0,0.0,0.0,0.0,0.0,0.0,0.0,0.0,1.7857834485794184e-152
trajectory,0.1,12.0,18.0,0.0,1.0,4.0,0.0,0.0,0.0,0.0,0.0,0.0,0.0,0.0,0.0,0.0,7.666543055808079e-242
trajectory,0.1,12.0,18.0,0.1,1.0,2.5,0.0,0.0,0.0,0.0,0.0,0.0,0.0,0.0,0.0,0.0,2.181159946986068e-152
trajectory,0.1,12.0,18.0,0.1,1.0,4.0,0.0,0.0,0.0,0.0,0.0,0.0,0.0,0.0,0.0,0.0,1.0557800754401003e-241
trajectory,0.1,12.0,18.0,0.25,1.0,2.5,0.0,0.0,0.0,0.0,0.0,0.0,0.0,0.0,0.0,0.0,2.944256178122611e-152
trajectory,0.1,12.0,18.0,0.25,1.0,4.0,0.0,0.0,0.0,0.0,0.0,0.0,0.0,0.0,0.0,0.0,1.7062170830492855e-241
trajectory,0.1,12.0,30.0,0.0,1.0,2.5,0.0,0.0,0.0,0.0,0.0,0.0,0.0,0.0,0.0,0.0,1.7847256145486622e-152
trajectory,0.1,12.0,30.0,0.0,1.0,4.0,0.0,0.0,0.0,0.0,0.0,0.0,0.0,0.0,0.0,0.0,7.657152228643756e-242
trajectory,0.1,12.0,30.0,0.1,1.0,2.5,0.0,0.0,0.0,0.0,0.0,0.0,0.0,0.0,0.0,0.0,2.179868787970557e-152
trajectory,0.1,12.0,30.0,0.1,1.0,4.0,0.0,0.0,0.0,0.0,0.0,0.0,0.0,0.0,0.0,0.0,1.0544876927893492e-241
trajectory,0.1,12.0,30.0,0.25,1.0,2.5,0.0,0.0,0.0,0.0,0.0,0.0,0.0,0.0,0.0,0.0,2.9425150824001863e-152
trajectory,0.1,12.0,30.0,0.25,1.0,4.0,0.0,0.0,0.0,0.0,0.0,0.0,0.0,0.0,0.0,0.0,1.7041305672789853e-241
trajectory,0.1,20.0,8.0,0.0,1.0,2.5,0.0,0.0,0.0,0.0,0.0,0.0,0.0,0.0,0.0,0.0,1.4711758977499407e-143
trajectory,0.1,20.0,8.0,0.0,1.0,4.0,0.0,0.0,0.0,0.0,0.0,0.0,0.0,0.0,0.0,0.0,1.8791399887770858e-227
trajectory,0.1,20.0,8.0,0.1,1.0,2.5,0.0,0.0,0.0,0.0,0.0,0.0,0.0,0.0,0.0,0.0,1.7961040503066782e-143
trajectory,0.1,20.0,8.0,0.1,1.0,4.0,0.0,0.0,0.0,0.0,0.0,0.0,0.0,0.0,0.0,0.0,2.585528670691767e-227
trajectory,0.1,20.0,8.0,0.25,1.0,2.5,0.0,0.0,0.0,0.0,0.0,0.0,0.0,0.0,0.0,0.0,2.4228795742101393e-143
trajectory,0.1,20.0,8.0,0.25,1.0,4.0,0.0,0.0,0.0,0.0,0.0,0.0,0.0,0.0,0.0,0.0,4.172868443454554e-227
trajectory,0.1,20.0,18.0,0.0,1.0,2.5,0.0,0.0,0.0,0.0,0.0,0.0,0.0,0.0,0.0,0.0,8.663064928213762e-144
trajectory,0.1,20.0,18.0,0.0,1.0,4.0,0.0,0.0,0.0,0.0,0.0,0.0,0.0,0.0,0.0,0.0,6.052586310993054e-228
trajectory,0.1,20.0,18.0,0.1,1.0,2.5,0.0,0.0,0.0,0.0,0.0,0.0,0.0,0.0,0.0,0.0,1.0581087115904729e-143
trajectory,0.1,20.0,18.0,0.1,1.0,4.0,0.0,0.0,0.0,0.0,0.0,0.0,0.0,0.0,0.0,0.0,8.335177909405765e-228
trajectory,0.1,20.0,18.0,0.25,1.0,2.5,0.0,0.0,0.0,0.0,0.0,0.0,0.0,0.0,0.0,0.0,1.428296496793091e-143
trajectory,0.1,20.0,18.0,0.25,1.0,4.0,0.0,0.0,0.0,0.0,0.0,0.0,0.0,0.0,0.0,0.0,1.3470251305277647e-227
trajectory,0.1,20.0,30.0,0.0,1.0,2.5,0.0,0.0,0.0,0.0,0.0,0.0,0.0,0.0,0.0,0.0,8.658867305252772e-144
trajectory,0.1,20.0,30.0,0.0,1.0,4.0,0.0,0.0,0.0,0.0,0.0,0.0,0.0,0.0,0.0,0.0,6.046313808690365e-228
trajectory,0.1,20.0,30.0,0.1,1.0,2.5,0.0,0.0,0.0,0.0,0.0,0.0,0.0,0.0,0.0,0.0,1.0575964408216654e-143
trajectory,0.1,20.0,30.0,0.1,1.0,4.0,0.0,0.0,0.0,0.0,0.0,0.0,0.0,0.0,0.0,0.0,8.32654661632027e-228
trajectory,0.1,20.0,30.0,0.25,1.0,2.5,0.0,0.0,0.0,0.0,0.0,0.0,0.0,0.0,0.0,0.0,1.4276058703091718e-143
trajectory,0.1,20.0,30.0,0.25,1.0,4.0,0.0,0.0,0.0,0.0,0.0,0.0,0.0,0.0,0.0,0.0,1.345631884162669e-227
trajectory,0.1,32.0,8.0,0.0,1.0,2.5,0.0,0.0,0.0,0.0,0.0,0.0,0.0,0.0,0.0,0.0,1.3176589147807066e-130
trajectory,0.1,32.0,8.0,0.0,1.0,4.0,0.0,0.0,0.0,0.0,0.0,0.0,0.0,0.0,0.0,0.0,9.680609444194757e-207
trajectory,0.1,32.0,8.0,0.1,1.0,2.5,0.0,0.0,0.0,0.0,0.0,0.0,0.0,0.0,0.0,0.0,1.608680863640997e-130
trajectory,0.1,32.0,8.0,0.1,1.0,4.0,0.0,0.0,0.0,0.0,0.0,0.0,0.0,0.0,0.0,0.0,1.331965336122927e-206
trajectory,0.1,32.0,8.0,0.25,1.0,2.5,0.0,0.0,0.0,0.0,0.0,0.0,0.0,0.0,0.0,0.0,2.1700524561887112e-130
trajectory,0.1,32.0,8.0,0.25,1.0,4.0,0.0,0.0,0.0,0.0,0.0,0.0,0.0,0.0,0.0,0.0,2.1497019862462434e-206
trajectory,0.1,32.0,18.0,0.0,1.0,2.5,0.0,0.0,0.0,0.0,0.0,0.0,0.0,0.0,0.0,0.0,9.256264012403927e-131
trajectory,0.1,32.0,18.0,0.0,1.0,4.0,0.0,0.0,0.0,0.0,0.0,0.0,0.0,0.0,0.0,0.0,4.2457372063968066e-207
trajectory,0.1,32.0,18.0,0.1,1.0,2.5,0.0,0.0,0.0,0.0,0.0,0.0,0.0,0.0,0.0,0.0,1.1305621820296613e-130
trajectory,0.1,32.0,18.0,0.1,1.0,4.0,0.0,0.0,0.0,0.0,0.0,0.0,0.0,0.0,0.0,0.0,5.846917855202713e-207
trajectory,0.1,32.0,18.0,0.25,1.0,2.5,0.0,0.0,0.0,0.0,0.0,0.0,0.0,0.0,0.0,0.0,1.5260983926429452e-130
trajectory,0.1,32.0,18.0,0.25,1.0,4.0,0.0,0.0,0.0,0.0,0.0,0.0,0.0,0.0,0.0,0.0,9.449042807115138e-207
trajectory,0.1,32.0,30.0,0.0,1.0,2.5,0.0,0.0,0.0,0.0,0.0,0.0,0.0,0.0,0.0,0.0,9.253276199452927e-131
trajectory,0.1,32.0,30.0,0.0,1.0,4.0,0.0,0.0,0.0,0.0,0.0,0.0,0.0,0.0,0.0,0.0,4.242538453502795e-207
trajectory,0.1,32.0,30.0,0.1,1.0,2.5,0.0,0.0,0.0,0.0,0.0,0.0,0.0,0.0,0.0,0.0,1.130197707100162e-130
trajectory,0.1,32.0,30.0,0.1,1.0,4.0,0.0,0.0,0.0,0.0,0.0,0.0,0.0,0.0,0.0,0.0,5.8425174945185136e-207
trajectory,0.1,32.0,30.0,0.25,1.0,2.5,0.0,0.0,0.0,0.0,0.0,0.0,0.0,0.0,0.0,0.0,1.525607329022986e-130
trajectory,0.1,32.0,30.0,0.25,1.0,4.0,0.0,0.0,0.0,0.0,0.0,0.0,0.0,0.0,0.0,0.0,9.441942964677334e-207
trajectory,0.18,4.0,8.0,0.0,1.0,2.5,0.0,0.0,0.0,0.0,0.0,0.0,0.0,0.0,0.0,0.0,1.5637913400096153e-160
trajectory,0.18,4.0,8.0,0.0,1.0,4.0,0.0,0.0,0.0,0.0,0.0,0.0,0.0,0.0,0.0,0.0,1.802397697468369e-254
trajectory,0.18,4.0,8.0,0.1,1.0,2.5,0.0,0.0,0.0,0.0,0.0,0.0,0.0,0.0,0.0,0.0,1.9084235374831936e-160
trajectory,0.18,4.0,8.0,0.1,1.0,4.0,0.0,0.0,0.0,0.0,0.0,0.0,0.0,0.0,0.0,0.0,2.4779867874498264e-254
trajectory,0.18,4.0,8.0,0.25,1.0,2.5,0.0,0.0,0.0,0.0,0.0,0.0,0.0,0.0,0.0,0.0,2.572875106661499e-160
trajectory,0.18,4.0,8.0,0.25,1.0,4.0,0.0,0.0,0.0,0.0,0.0,0.0,0.0,0.0,0.0,0.0,3.994583742404844e-254
trajectory,0.18,4.0,18.0,0.0,1.0,2.5,0.0,0.0,0.0,0.0,0.0,0.0,0.0,0.0,0.0,0.0,3.689486470626204e-161
trajectory,0.18,4.0,18.0,0.0,1.0,4.0,0.0,0.0,0.0,0.0,0.0,0.0,0.0,0.0,0.0,0.0,9.755218908001669e-256
trajectory,0.18,4.0,18.0,0.1,1.0,2.5,0.0,0.0,0.0,0.0,0.0,0.0,0.0,0.0,0.0,0.0,4.506341255275136e-161
trajectory,0.18,4.0,18.0,0.1,1.0,4.0,0.0,0.0,0.0,0.0,0.0,0.0,0.0,0.0,0.0,0.0,1.3434136918439471e-255
trajectory,0.18,4.0,18.0,0.25,1.0,2.5,0.0,0.0,0.0,0.0,0.0,0.0,0.0,0.0,0.0,0.0,6.082908850350708e-161
trajectory,0.18,4.0,18.0,0.25,1.0,4.0,0.0,0.0,0.0,0.0,0.0,0.0,0.0,0.0,0.0,0.0,2.171045355483818e-255
trajectory,0.18,4.0,30.0,0.0,1.0,2.5,0.0,0.0,0.0,0.0,0.0,0.0,0.0,0.0,0.0,0.0,3.6785995633391215e-161
trajectory,0.18,4.0,30.0,0.0,1.0,4.0,0.0,0.0,0.0,0.0,0.0,0.0,0.0,0.0,0.0,0.0,9.697175679265144e-256
trajectory,0.18,4.0,30.0,0.1,1.0,2.5,0.0,0.0,0.0,0.0,0.0,0.0,0.0,0.0,0.0,0.0,4.493051648322608e-161
trajectory,0.18,4.0,30.0,0.1,1.0,4.0,0.0,0.0,0.0,0.0,0.0,0.0,0.0,0.0,0.0,0.0,1.3354249836769893e-255
trajectory,0.18,4.0,30.0,0.25,1.0,2.5,0.0,0.0,0.0,0.0,0.0,0.0,0.0,0.0,0.0,0.0,6.0649853312569135e-161
trajectory,0.18,4.0,30.0,0.25,1.0,4.0,0.0,0.0,0.0,0.0,0.0,0.0,0.0,0.0,0.0,0.0,2.158146125675286e-255
trajectory,0.18,8.0,8.0,0.0,1.0,2.5,0.0,0.0,0.0,0.0,0.0,0.0,0.0,0.0,0.0,0.0,3.0821839220397707e-156
trajectory,0.18,8.0,8.0,0.0,1.0,4.0,0.0,0.0,0.0,0.0,0.0,0.0,0.0,0.0,0.0,0.0,1.3186515575800773e-247
trajectory,0.18,8.0,8.0,0.1,1.0,2.5,0.0,0.0,0.0,0.0,0.0,0.0,0.0,0.0,0.0,0.0,3.761443226585969e-156
trajectory,0.18,8.0,8.0,0.1,1.0,4.0,0.0,0.0,0.0,0.0,0.0,0.0,0.0,0.0,0.0,0.0,1.8129190586090998e-247
trajectory,0.18,8.0,8.0,0.25,1.0,2.5,0.0,0.0,0.0,0.0,0.0,0.0,0.0,0.0,0.0,0.0,5.071056530546892e-156
trajectory,0.18,8.0,8.0,0.25,1.0,4.0,0.0,0.0,0.0,0.0,0.0,0.0,0.0,0.0,0.0,0.0,2.922476033566195e-247
trajectory,0.18,8.0,18.0,0.0,1.0,2.5,0.0,0.0,0.0,0.0,0.0,0.0,0.0,0.0,0.0,0.0,8.124784436619397e-157
trajectory,0.18,8.0,18.0,0.0,1.0,4.0,0.0,0.0,0.0,0.0,0.0,0.0,0.0,0.0,0.0,0.0,8.665141633855557e-249
trajectory,0.18,8.0,18.0,0.1,1.0,2.5,0.0,0.0,0.0,0.0,0.0,0.0,0.0,0.0,0.0,0.0,9.923617172321851e-157
trajectory,0.18,8.0,18.0,0.1,1.0,4.0,0.0,0.0,0.0,0.0,0.0,0.0,0.0,0.0,0.0,0.0,1.1932966366483993e-248
trajectory,0.18,8.0,18.0,0.25,1.0,2.5,0.0,0.0,0.0,0.0,0.0,0.0,0.0,0.0,0.0,0.0,1.3395447726988285e-156
trajectory,0.18,8.0,18.0,0.25,1.0,4.0,0.0,0.0,0.0,0.0,0.0,0.0,0.0,0.0,0.0,0.0,1.9284462682184036e-248
trajectory,0.18,8.0,30.0,0.0,1.0,2.5,0.0,0.0,0.0,0.0,0.0,0.0,0.0,0.0,0.0,0.0,8.102653661865998e-157
trajectory,0.18,8.0,30.0,0.0,1.0,4.0,0.0,0.0,0.0,0.0,0.0,0.0,0.0,0.0,0.0,0.0,8.617015465590275e-249
trajectory,0.18,8.0,30.0,0.1,1.0,2.5,0.0,0.0,0.0,0.0,0.0,0.0,0.0,0.0,0.0,0.0,9.896603521093302e-157
trajectory,0.18,8.0,30.0,0.1,1.0,4.0,0.0,0.0,0.0,0.0,0.0,0.0,0.0,0.0,0.0,0.0,1.1866731219571233e-248
trajectory,0.18,8.0,30.0,0.25,1.0,2.5,0.0,0.0,0.0,0.0,0.0,0.0,0.0,0.0,0.0,0.0,1.3359017407935807e-156
trajectory,0.18,8.0,30.0,0.25,1.0,4.0,0.0,0.0,0.0,0.0,0.0,0.0,0.0,0.0,0.0,0.0,1.9177520503946305e-248
trajectory,0.18,12.0,8.0,0.0,1.0,2.5,0.0,0.0,0.0,0.0,0.0,0.0,0.0,0.0,0.0,0.0,6.074888309090261e-152
trajectory,0.18,12.0,8.0,0.0,1.0,4.0,0.0,0.0,0.0,0.0,0.0,0.0,0.0,0.0,0.0,0.0,9.647382110789006e-241
trajectory,0.18,12.0,8.0,0.1,1.0,2.5,0.0,0.0,0.0,0.0,0.0,0.0,0.0,0.0,0.0,0.0,7.413687197281735e-152
trajectory,0.18,12.0,8.0,0.1,1.0,4.0,0.0,0.0,0.0,0.0,0.0,0.0,0.0,0.0,0.0,0.0,1.3263490869741582e-240
trajectory,0.18,12.0,8.0,0.25,1.0,2.5,0.0,0.0,0.0,0.0,0.0,0.0,0.0,0.0,0.0,0.0,9.994894143684923e-152
trajectory,0.18,12.0,8.0,0.25,1.0,4.0,0.0,0.0,0.0,0.0,0.0,0.0,0.0,0.0,0.0,0.0,2.138111682602246e-240
trajectory,0.18,12.0,18.0,0.0,1.0,2.5,0.0,0.0,0.0,0.0,0.0,0.0,0.0,0.0,0.0,0.0,1.7891953979797356e-152
trajectory,0.18,12.0,18.0,0.0,1.0,4.0,0.0,0.0,0.0,0.0,0.0,0.0,0.0,0.0,0.0,0.0,7.69687284753606e-242
trajectory,0.18,12.0,18.0,0.1,1.0,2.5,0.0,0.0,0.0,0.0,0.0,0.0,0.0,0.0,0.0,0.0,2.185324461779647e-152
trajectory,0.18,12.0,18.0,0.1,1.0,4.0,0.0,0.0,0.0,0.0,0.0,0.0,0.0,0.0,0.0,0.0,1.0599541092081951e-241
trajectory,0.18,12.0,18.0,0.25,1.0,2.5,0.0,0.0,0.0,0.0,0.0,0.0,0.0,0.0,0.0,0.0,2.9498719152452856e-152
trajectory,0.18,12.0,18.0,0.25,1.0,4.0,0.0,0.0,0.0,0.0,0.0,0.0,0.0,0.0,0.0,0.0,1.712955926974244e-241
trajectory,0.18,12.0,30.0,0.0,1.0,2.5,0.0,0.0,0.0,0.0,0.0,0.0,0.0,0.0,0.0,0.0,1.7847279986232715e-152
trajectory,0.18,12.0,30.0,0.0,1.0,4.0,0.0,0.0,0.0,0.0,0.0,0.0,0.0,0.0,0.0,0.0,7.657173386369845e-242
trajectory,0.18,12.0,30.0,0.1,1.0,2.5,0.0,0.0,0.0,0.0,0.0,0.0,0.0,0.0,0.0,0.0,2.1798716978977034e-152
trajectory,0.18,12.0,30.0,0.1,1.0,4.0,0.0,0.0,0.0,0.0,0.0,0.0,0.0,0.0,0.0,0.0,1.0544906045550495e-241
trajectory,0.18,12.0,30.0,0.25,1.0,2.5,0.0,0.0,0.0,0.0,0.0,0.0,0.0,0.0,0.0,0.0,2.942519006365624e-152
trajectory,0.18,12.0,30.0,0.25,1.0,4.0,0.0,0.0,0.0,0.0,0.0,0.0,0.0,0.0,0.0,0.0,1.704135268246505e-241
trajectory,0.18,20.0,8.0,0.0,1.0,2.5,0.0,0.0,0.0,0.0,0.0,0.0,0.0,0.0,0.0,0.0,2.3599227738207526e-143
trajectory,0.18,20.0,8.0,0.0,1.0,4.0,0.0,0.0,0.0,0.0,0.0,0.0,0.0,0.0,0.0,0.0,5.16378719981166e-227
trajectory,0.18,20.0,8.0,0.1,1.0,2.5,0.0,0.0,0.0,0.0,0.0,0.0,0.0,0.0,0.0,0.0,2.8800083828156127e-143
trajectory,0.18,20.0,8.0,0.1,1.0,4.0,0.0,0.0,0.0,0.0,0.0,0.0,0.0,0.0,0.0,0.0,7.099319130460876e-227
trajectory,0.18,20.0,8.0,0.25,1.0,2.5,0.0,0.0,0.0,0.0,0.0,0.0,0.0,0.0,0.0,0.0,3.88273448193519e-143
trajectory,0.18,20.0,8.0,0.25,1.0,4.0,0.0,0.0,0.0,0.0,0.0,0.0,0.0,0.0,0.0,0.0,1.144430023772147e-226
trajectory,0.18,20.0,18.0,0.0,1.0,2.5,0.0,0.0,0.0,0.0,0.0,0.0,0.0,0.0,0.0,0.0,8.676600924378865e-144
trajectory,0.18,20.0,18.0,0.0,1.0,4.0,0.0,0.0,0.0,0.0,0.0,0.0,0.0,0.0,0.0,0.0,6.072836723585801e-228
trajectory,0.18,20.0,18.0,0.1,1.0,2.5,0.0,0.0,0.0,0.0,0.0,0.0,0.0,0.0,0.0,0.0,1.059760620139924e-143
trajectory,0.18,20.0,18.0,0.1,1.0,4.0,0.0,0.0,0.0,0.0,0.0,0.0,0.0,0.0,0.0,0.0,8.363043494704227e-228
trajectory,0.18,20.0,18.0,0.25,1.0,2.5,0.0,0.0,0.0,0.0,0.0,0.0,0.0,0.0,0.0,0.0,1.4305235423429357e-143
trajectory,0.18,20.0,18.0,0.25,1.0,4.0,0.0,0.0,0.0,0.0,0.0,0.0,0.0,0.0,0.0,0.0,1.3515231270246616e-227
trajectory,0.18,20.0,30.0,0.0,1.0,2.5,0.0,0.0,0.0,0.0,0.0,0.0,0.0,0.0,0.0,0.0,8.658876766077046e-144
trajectory,0.18,20.0,30.0,0.0,1.0,4.0,0.0,0.0,0.0,0.0,0.0,0.0,0.0,0.0,0.0,0.0,6.046327942093528e-228
trajectory,0.18,20.0,30.0,0.1,1.0,2.5,0.0,0.0,0.0,0.0,0.0,0.0,0.0,0.0,0.0,0.0,1.0575975954047671e-143
trajectory,0.18,20.0,30.0,0.1,1.0,4.0,0.0,0.0,0.0,0.0,0.0,0.0,0.0,0.0,0.0,0.0,8.326566064633631e-228
trajectory,0.18,20.0,30.0,0.25,1.0,2.5,0.0,0.0,0.0,0.0,0.0,0.0,0.0,0.0,0.0,0.0,1.4276074268803817e-143
trajectory,0.18,20.0,30.0,0.25,1.0,4.0,0.0,0.0,0.0,0.0,0.0,0.0,0.0,0.0,0.0,0.0,1.3456350234731664e-227
trajectory,0.18,32.0,8.0,0.0,1.0,2.5,0.0,0.0,0.0,0.0,0.0,0.0,0.0,0.0,0.0,0.0,1.806912124410743e-130
trajectory,0.18,32.0,8.0,0.0,1.0,4.0,0.0,0.0,0.0,0.0,0.0,0.0,0.0,0.0,0.0,0.0,2.0221185871020344e-206
trajectory,0.18,32.0,8.0,0.1,1.0,2.5,0.0,0.0,0.0,0.0,0.0,0.0,0.0,0.0,0.0,0.0,2.2051238807653328e-130
trajectory,0.18,32.0,8.0,0.1,1.0,4.0,0.0,0.0,0.0,0.0,0.0,0.0,0.0,0.0,0.0,0.0,2.780065214538195e-206
trajectory,0.18,32.0,8.0,0.25,1.0,2.5,0.0,0.0,0.0,0.0,0.0,0.0,0.0,0.0,0.0,0.0,2.9728769471204912e-130
trajectory,0.18,32.0,8.0,0.25,1.0,4.0,0.0,0.0,0.0,0.0,0.0,0.0,0.0,0.0,0.0,0.0,4.481542583303369e-206
trajectory,0.18,32.0,18.0,0.0,1.0,2.5,0.0,0.0,0.0,0.0,0.0,0.0,0.0,0.0,0.0,0.0,9.265895506300535e-131
trajectory,0.18,32.0,18.0,0.0,1.0,4.0,0.0,0.0,0.0,0.0,0.0,0.0,0.0,0.0,0.0,0.0,4.256058057636971e-207
trajectory,0.18,32.0,18.0,0.1,1.0,2.5,0.0,0.0,0.0,0.0,0.0,0.0,0.0,0.0,0.0,0.0,1.1317370999879552e-130
trajectory,0.18,32.0,18.0,0.1,1.0,4.0,0.0,0.0,0.0,0.0,0.0,0.0,0.0,0.0,0.0,0.0,5.86111569800078e-207
trajectory,0.18,32.0,18.0,0.25,1.0,2.5,0.0,0.0,0.0,0.0,0.0,0.0,0.0,0.0,0.0,0.0,1.527681378707806e-130
trajectory,0.18,32.0,18.0,0.25,1.0,4.0,0.0,0.0,0.0,0.0,0.0,0.0,0.0,0.0,0.0,0.0,9.471950517812657e-207
trajectory,0.18,32.0,30.0,0.0,1.0,2.5,0.0,0.0,0.0,0.0,0.0,0.0,0.0,0.0,0.0,0.0,9.253282934080426e-131
trajectory,0.18,32.0,30.0,0.0,1.0,4.0,0.0,0.0,0.0,0.0,0.0,0.0,0.0,0.0,0.0,0.0,4.242545662048288e-207
trajectory,0.18,32.0,30.0,0.1,1.0,2.5,0.0,0.0,0.0,0.0,0.0,0.0,0.0,0.0,0.0,0.0,1.1301985286386218e-130
trajectory,0.18,32.0,30.0,0.1,1.0,4.0,0.0,0.0,0.0,0.0,0.0,0.0,0.0,0.0,0.0,0.0,5.842527410949266e-207
trajectory,0.18,32.0,30.0,0.25,1.0,2.5,0.0,0.0,0.0,0.0,0.0,0.0,0.0,0.0,0.0,0.0,1.5256084358968879e-130
trajectory,0.18,32.0,30.0,0.25,1.0,4.0,0.0,0.0,0.0,0.0,0.0,0.0,0.0,0.0,0.0,0.0,9.441958964534148e-207
trajectory,0.26,4.0,8.0,0.0,1.0,2.5,0.0,0.0,0.0,0.0,0.0,0.0,0.0,0.0,0.0,0.0,5.628967962311471e-160
trajectory,0.26,4.0,8.0,0.0,1.0,4.0,0.0,0.0,0.0,0.0,0.0,0.0,0.0,0.0,0.0,0.0,2.3941828289402147e-253
trajectory,0.26,4.0,8.0,0.1,1.0,2.5,0.0,0.0,0.0,0.0,0.0,0.0,0.0,0.0,0.0,0.0,6.864416757239206e-160
trajectory,0.26,4.0,8.0,0.1,1.0,4.0,0.0,0.0,0.0,0.0,0.0,0.0,0.0,0.0,0.0,0.0,3.2867258847882633e-253
trajectory,0.26,4.0,8.0,0.25,1.0,2.5,0.0,0.0,0.0,0.0,0.0,0.0,0.0,0.0,0.0,0.0,9.244127817770104e-160
trajectory,0.26,4.0,8.0,0.25,1.0,4.0,0.0,0.0,0.0,0.0,0.0,0.0,0.0,0.0,0.0,0.0,5.2865548830166054e-253
trajectory,0.26,4.0,18.0,0.0,1.0,2.5,0.0,0.0,0.0,0.0,0.0,0.0,0.0,0.0,0.0,0.0,3.724788123618562e-161
trajectory,0.26,4.0,18.0,0.0,1.0,4.0,0.0,0.0,0.0,0.0,0.0,0.0,0.0,0.0,0.0,0.0,9.944631490961784e-256
trajectory,0.26,4.0,18.0,0.1,1.0,2.5,0.0,0.0,0.0,0.0,0.0,0.0,0.0,0.0,0.0,0.0,4.549433695463638e-161
trajectory,0.26,4.0,18.0,0.1,1.0,4.0,0.0,0.0,0.0,0.0,0.0,0.0,0.0,0.0,0.0,0.0,1.3694830707092809e-255
trajectory,0.26,4.0,18.0,0.25,1.0,2.5,0.0,0.0,0.0,0.0,0.0,0.0,0.0,0.0,0.0,0.0,6.141026746467412e-161
trajectory,0.26,4.0,18.0,0.25,1.0,4.0,0.0,0.0,0.0,0.0,0.0,0.0,0.0,0.0,0.0,0.0,2.2131386775999073e-255
trajectory,0.26,4.0,30.0,0.0,1.0,2.5,0.0,0.0,0.0,0.0,0.0,0.0,0.0,0.0,0.0,0.0,3.6786635931122636e-161
trajectory,0.26,4.0,30.0,0.0,1.0,4.0,0.0,0.0,0.0,0.0,0.0,0.0,0.0,0.0,0.0,0.0,9.697516540956906e-256
trajectory,0.26,4.0,30.0,0.1,1.0,2.5,0.0,0.0,0.0,0.0,0.0,0.0,0.0,0.0,0.0,0.0,4.493129809293402e-161
trajectory,0.26,4.0,30.0,0.1,1.0,4.0,0.0,0.0,0.0,0.0,0.0,0.0,0.0,0.0,0.0,0.0,1.3354718978351276e-255
trajectory,0.26,4.0,30.0,0.25,1.0,2.5,0.0,0.0,0.0,0.0,0.0,0.0,0.0,0.0,0.0,0.0,6.065090746070078e-161
trajectory,0.26,4.0,30.0,0.25,1.0,4.0,0.0,0.0,0.0,0.0,0.0,0.0,0.0,0.0,0.0,0.0,2.158221877353193e-255
trajectory,0.26,8.0,8.0,0.0,1.0,2.5,0.0,0.0,0.0,0.0,0.0,0.0,0.0,0.0,0.0,0.0,1.006047412661046e-155
trajectory,0.26,8.0,8.0,0.0,1.0,4.0,0.0,0.0,0.0,0.0,0.0,0.0,0.0,0.0,0.0,0.0,1.4762494223725188e-246
trajectory,0.26,8.0,8.0,0.1,1.0,2.5,0.0,0.0,0.0,0.0,0.0,0.0,0.0,0.0,0.0,0.0,1.2268552182719814e-155
trajectory,0.26,8.0,8.0,0.1,1.0,4.0,0.0,0.0,0.0,0.0,0.0,0.0,0.0,0.0,0.0,0.0,2.0265900875511797e-246
trajectory,0.26,8.0,8.0,0.25,1.0,2.5,0.0,0.0,0.0,0.0,0.0,0.0,0.0,0.0,0.0,0.0,1.6521733532049918e-155
trajectory,0.26,8.0,8.0,0.25,1.0,4.0,0.0,0.0,0.0,0.0,0.0,0.0,0.0,0.0,0.0,0.0,3.259681548985686e-246
trajectory,0.26,8.0,18.0,0.0,1.0,2.5,0.0,0.0,0.0,0.0,0.0,0.0,0.0,0.0,0.0,0.0,8.196510853467422e-157
trajectory,0.26,8.0,18.0,0.0,1.0,4.0,0.0,0.0,0.0,0.0,0.0,0.0,0.0,0.0,0.0,0.0,8.822059889084484e-249
trajectory,0.26,8.0,18.0,0.1,1.0,2.5,0.0,0.0,0.0,0.0,0.0,0.0,0.0,0.0,0.0,0.0,1.0011168803280029e-156
trajectory,0.26,8.0,18.0,0.1,1.0,4.0,0.0,0.0,0.0,0.0,0.0,0.0,0.0,0.0,0.0,0.0,1.21489284724779e-248
trajectory,0.26,8.0,18.0,0.25,1.0,2.5,0.0,0.0,0.0,0.0,0.0,0.0,0.0,0.0,0.0,0.0,1.3513518274954752e-156
trajectory,0.26,8.0,18.0,0.25,1.0,4.0,0.0,0.0,0.0,0.0,0.0,0.0,0.0,0.0,0.0,0.0,1.963314776860307e-248
trajectory,0.26,8.0,30.0,0.0,1.0,2.5,0.0,0.0,0.0,0.0,0.0,0.0,0.0,0.0,0.0,0.0,8.102783835491208e-157
trajectory,0.26,8.0,30.0,0.0,1.0,4.0,0.0,0.0,0.0,0.0,0.0,0.0,0.0,0.0,0.0,0.0,8.617298144737385e-249
trajectory,0.26,8.0,30.0,0.1,1.0,2.5,0.0,0.0,0.0,0.0,0.0,0.0,0.0,0.0,0.0,0.0,9.896762416023186e-157
trajectory,0.26,8.0,30.0,0.1,1.0,4.0,0.0,0.0,0.0,0.0,0.0,0.0,0.0,0.0,0.0,0.0,1.18671202662656e-248
trajectory,0.26,8.0,30.0,0.25,1.0,2.5,0.0,0.0,0.0,0.0,0.0,0.0,0.0,0.0,0.0,0.0,1.3359231692198977e-156
trajectory,0.26,8.0,30.0,0.25,1.0,4.0,0.0,0.0,0.0,0.0,0.0,0.0,0.0,0.0,0.0,0.0,1.917814865393582e-248
trajectory,0.26,12.0,8.0,0.0,1.0,2.5,0.0,0.0,0.0,0.0,0.0,0.0,0.0,0.0,0.0,0.0,1.798076313986378e-151
trajectory,0.26,12.0,8.0,0.0,1.0,4.0,0.0,0.0,0.0,0.0,0.0,0.0,0.0,0.0,0.0,0.0,9.102531062843336e-240
trajectory,0.26,12.0,8.0,0.1,1.0,2.5,0.0,0.0,0.0,0.0,0.0,0.0,0.0,0.0,0.0,0.0,2.192719031830231e-151
trajectory,0.26,12.0,8.0,0.1,1.0,4.0,0.0,0.0,0.0,0.0,0.0,0.0,0.0,0.0,0.0,0.0,1.2495923076425796e-239
trajectory,0.26,12.0,8.0,0.25,1.0,2.5,0.0,0.0,0.0,0.0,0.0,0.0,0.0,0.0,0.0,0.0,2.9528765102030392e-151
trajectory,0.26,12.0,8.0,0.25,1.0,4.0,0.0,0.0,0.0,0.0,0.0,0.0,0.0,0.0,0.0,0.0,2.0099145920023807e-239
trajectory,0.26,12.0,18.0,0.0,1.0,2.5,0.0,0.0,0.0,0.0,0.0,0.0,0.0,0.0,0.0,0.0,1.803667428625137e-152
trajectory,0.26,12.0,18.0,0.0,1.0,4.0,0.0,0.0,0.0,0.0,0.0,0.0,0.0,0.0,0.0,0.0,7.826206607789165e-242
trajectory,0.26,12.0,18.0,0.1,1.0,2.5,0.0,0.0,0.0,0.0,0.0,0.0,0.0,0.0,0.0,0.0,2.2029884930007247e-152
trajectory,0.26,12.0,18.0,0.1,1.0,4.0,0.0,0.0,0.0,0.0,0.0,0.0,0.0,0.0,0.0,0.0,1.0777531039719826e-241
trajectory,0.26,12.0,18.0,0.25,1.0,2.5,0.0,0.0,0.0,0.0,0.0,0.0,0.0,0.0,0.0,0.0,2.973691268688481e-152
trajectory,0.26,12.0,18.0,0.25,1.0,4.0,0.0,0.0,0.0,0.0,0.0,0.0,0.0,0.0,0.0,0.0,1.7416915406397838e-241
trajectory,0.26,12.0,30.0,0.0,1.0,2.5,0.0,0.0,0.0,0.0,0.0,0.0,0.0,0.0,0.0,0.0,1.7847542789077818e-152
trajectory,0.26,12.0,30.0,0.0,1.0,4.0,0.0,0.0,0.0,0.0,0.0,0.0,0.0,0.0,0.0,0.0,7.657406615566186e-242
trajectory,0.26,12.0,30.0,0.1,1.0,2.5,0.0,0.0,0.0,0.0,0.0,0.0,0.0,0.0,0.0,0.0,2.1799037747944943e-152
trajectory,0.26,12.0,30.0,0.1,1.0,4.0,0.0,0.0,0.0,0.0,0.0,0.0,0.0,0.0,0.0,0.0,1.0545227019923551e-241
trajectory,0.26,12.0,30.0,0.25,1.0,2.5,0.0,0.0,0.0,0.0,0.0,0.0,0.0,0.0,0.0,0.0,2.9425622612734012e-152
trajectory,0.26,12.0,30.0,0.25,1.0,4.0,0.0,0.0,0.0,0.0,0.0,0.0,0.0,0.0,0.0,0.0,1.7041870886949027e-241
trajectory,0.26,20.0,8.0,0.0,1.0,2.5,0.0,0.0,0.0,0.0,0.0,0.0,0.0,0.0,0.0,0.0,5.743643333140232e-143
trajectory,0.26,20.0,8.0,0.0,1.0,4.0,0.0,0.0,0.0,0.0,0.0,0.0,0.0,0.0,0.0,0.0,3.460724500589352e-226
trajectory,0.26,20.0,8.0,0.1,1.0,2.5,0.0,0.0,0.0,0.0,0.0,0.0,0.0,0.0,0.0,0.0,7.004261137670947e-143
trajectory,0.26,20.0,8.0,0.1,1.0,4.0,0.0,0.0,0.0,0.0,0.0,0.0,0.0,0.0,0.0,0.0,4.750870592970907e-226
trajectory,0.26,20.0,8.0,0.25,1.0,2.5,0.0,0.0,0.0,0.0,0.0,0.0,0.0,0.0,0.0,0.0,9.43245253245829e-143
trajectory,0.26,20.0,8.0,0.25,1.0,4.0,0.0,0.0,0.0,0.0,0.0,0.0,0.0,0.0,0.0,0.0,7.64156763059915e-226
trajectory,0.26,20.0,18.0,0.0,1.0,2.5,0.0,0.0,0.0,0.0,0.0,0.0,0.0,0.0,0.0,0.0,8.733963074180915e-144
trajectory,0.26,20.0,18.0,0.0,1.0,4.0,0.0,0.0,0.0,0.0,0.0,0.0,0.0,0.0,0.0,0.0,6.159052743530679e-228
trajectory,0.26,20.0,18.0,0.1,1.0,2.5,0.0,0.0,0.0,0.0,0.0,0.0,0.0,0.0,0.0,0.0,1.066760969641742e-143
trajectory,0.26,20.0,18.0,0.1,1.0,4.0,0.0,0.0,0.0,0.0,0.0,0.0,0.0,0.0,0.0,0.0,8.481680262900381e-228
trajectory,0.26,20.0,18.0,0.25,1.0,2.5,0.0,0.0,0.0,0.0,0.0,0.0,0.0,0.0,0.0,0.0,1.4399611215764357e-143
trajectory,0.26,20.0,18.0,0.25,1.0,4.0,0.0,0.0,0.0,0.0,0.0,0.0,0.0,0.0,0.0,0.0,1.370672996427671e-227
trajectory,0.26,20.0,30.0,0.0,1.0,2.5,0.0,0.0,0.0,0.0,0.0,0.0,0.0,0.0,0.0,0.0,8.658981055086723e-144
trajectory,0.26,20.0,30.0,0.0,1.0,4.0,0.0,0.0,0.0,0.0,0.0,0.0,0.0,0.0,0.0,0.0,6.046483739262333e-228
trajectory,0.26,20.0,30.0,0.1,1.0,2.5,0.0,0.0,0.0,0.0,0.0,0.0,0.0,0.0,0.0,0.0,1.0576103226607183e-143
trajectory,0.26,20.0,30.0,0.1,1.0,4.0,0.0,0.0,0.0,0.0,0.0,0.0,0.0,0.0,0.0,0.0,8.326780449817217e-228
trajectory,0.26,20.0,30.0,0.25,1.0,2.5,0.0,0.0,0.0,0.0,0.0,0.0,0.0,0.0,0.0,0.0,1.4276245853503322e-143
trajectory,0.26,20.0,30.0,0.25,1.0,4.0,0.0,0.0,0.0,0.0,0.0,0.0,0.0,0.0,0.0,0.0,1.3456696291284313e-227
trajectory,0.26,32.0,8.0,0.0,1.0,2.5,0.0,0.0,0.0,0.0,0.0,0.0,0.0,0.0,0.0,0.0,3.279113720005068e-130
trajectory,0.26,32.0,8.0,0.0,1.0,4.0,0.0,0.0,0.0,0.0,0.0,0.0,0.0,0.0,0.0,0.0,8.112866218589357e-206
trajectory,0.26,32.0,8.0,0.1,1.0,2.5,0.0,0.0,0.0,0.0,0.0,0.0,0.0,0.0,0.0,0.0,3.99881529246662e-130
trajectory,0.26,32.0,8.0,0.1,1.0,4.0,0.0,0.0,0.0,0.0,0.0,0.0,0.0,0.0,0.0,0.0,1.113731461029026e-205
trajectory,0.26,32.0,8.0,0.25,1.0,2.5,0.0,0.0,0.0,0.0,0.0,0.0,0.0,0.0,0.0,0.0,5.385098398087694e-130
trajectory,0.26,32.0,8.0,0.25,1.0,4.0,0.0,0.0,0.0,0.0,0.0,0.0,0.0,0.0,0.0,0.0,1.7913883603504455e-205
trajectory,0.26,32.0,18.0,0.0,1.0,2.5,0.0,0.0,0.0,0.0,0.0,0.0,0.0,0.0,0.0,0.0,9.306656496268241e-131
trajectory,0.26,32.0,18.0,0.0,1.0,4.0,0.0,0.0,0.0,0.0,0.0,0.0,0.0,0.0,0.0,0.0,4.299894942282833e-207
trajectory,0.26,32.0,18.0,0.1,1.0,2.5,0.0,0.0,0.0,0.0,0.0,0.0,0.0,0.0,0.0,0.0,1.1367093979857236e-130
trajectory,0.26,32.0,18.0,0.1,1.0,4.0,0.0,0.0,0.0,0.0,0.0,0.0,0.0,0.0,0.0,0.0,5.921419345338947e-207
trajectory,0.26,32.0,18.0,0.25,1.0,2.5,0.0,0.0,0.0,0.0,0.0,0.0,0.0,0.0,0.0,0.0,1.5343806027883658e-130
trajectory,0.26,32.0,18.0,0.25,1.0,4.0,0.0,0.0,0.0,0.0,0.0,0.0,0.0,0.0,0.0,0.0,9.56924730195508e-207
trajectory,0.26,32.0,30.0,0.0,1.0,2.5,0.0,0.0,0.0,0.0,0.0,0.0,0.0,0.0,0.0,0.0,9.253357171388705e-131
trajectory,0.26,32.0,30.0,0.0,1.0,4.0,0.0,0.0,0.0,0.0,0.0,0.0,0.0,0.0,0.0,0.0,4.242625123919045e-207
trajectory,0.26,32.0,30.0,0.1,1.0,2.5,0.0,0.0,0.0,0.0,0.0,0.0,0.0,0.0,0.0,0.0,1.1302075846416396e-130
trajectory,0.26,32.0,30.0,0.1,1.0,4.0,0.0,0.0,0.0,0.0,0.0,0.0,0.0,0.0,0.0,0.0,5.8426367226222586e-207
trajectory,0.26,32.0,30.0,0.25,1.0,2.5,0.0,0.0,0.0,0.0,0.0,0.0,0.0,0.0,0.0,0.0,1.5256206372159589e-130
trajectory,0.26,32.0,30.0,0.25,1.0,4.0,0.0,0.0,0.0,0.0,0.0,0.0,0.0,0.0,0.0,0.0,9.442135335555572e-207
trajectory,0.34,4.0,8.0,0.0,1.0,2.5,0.0,0.0,0.0,0.0,0.0,0.0,0.0,0.0,0.0,0.0,6.12538678357216e-159
trajectory,0.34,4.0,8.0,0.0,1.0,4.0,0.0,0.0,0.0,0.0,0.0,0.0,0.0,0.0,0.0,0.0,2.9696305034989434e-251
trajectory,0.34,4.0,8.0,0.1,1.0,2.5,0.0,0.0,0.0,0.0,0.0,0.0,0.0,0.0,0.0,0.0,7.459509126899727e-159
trajectory,0.34,4.0,8.0,0.1,1.0,4.0,0.0,0.0,0.0,0.0,0.0,0.0,0.0,0.0,0.0,0.0,4.0654846161623674e-251
trajectory,0.34,4.0,8.0,0.25,1.0,2.5,0.0,0.0,0.0,0.0,0.0,0.0,0.0,0.0,0.0,0.0,1.0024791492813458e-158
trajectory,0.34,4.0,8.0,0.25,1.0,4.0,0.0,0.0,0.0,0.0,0.0,0.0,0.0,0.0,0.0,0.0,6.512191779509996e-251
trajectory,0.34,4.0,18.0,0.0,1.0,2.5,0.0,0.0,0.0,0.0,0.0,0.0,0.0,0.0,0.0,0.0,3.877509280599014e-161
trajectory,0.34,4.0,18.0,0.0,1.0,4.0,0.0,0.0,0.0,0.0,0.0,0.0,0.0,0.0,0.0,0.0,1.0785254116872828e-255
trajectory,0.34,4.0,18.0,0.1,1.0,2.5,0.0,0.0,0.0,0.0,0.0,0.0,0.0,0.0,0.0,0.0,4.735856478551649e-161
trajectory,0.34,4.0,18.0,0.1,1.0,4.0,0.0,0.0,0.0,0.0,0.0,0.0,0.0,0.0,0.0,0.0,1.485176937710488e-255
trajectory,0.34,4.0,18.0,0.25,1.0,2.5,0.0,0.0,0.0,0.0,0.0,0.0,0.0,0.0,0.0,0.0,6.39244591616969e-161
trajectory,0.34,4.0,18.0,0.25,1.0,4.0,0.0,0.0,0.0,0.0,0.0,0.0,0.0,0.0,0.0,0.0,2.399937426862743e-255
trajectory,0.34,4.0,30.0,0.0,1.0,2.5,0.0,0.0,0.0,0.0,0.0,0.0,0.0,0.0,0.0,0.0,3.679369477765311e-161
trajectory,0.34,4.0,30.0,0.0,1.0,4.0,0.0,0.0,0.0,0.0,0.0,0.0,0.0,0.0,0.0,0.0,9.701274709900153e-256
trajectory,0.34,4.0,30.0,0.1,1.0,2.5,0.0,0.0,0.0,0.0,0.0,0.0,0.0,0.0,0.0,0.0,4.4939914807247055e-161
trajectory,0.34,4.0,30.0,0.1,1.0,4.0,0.0,0.0,0.0,0.0,0.0,0.0,0.0,0.0,0.0,0.0,1.3359891495963278e-255
trajectory,0.34,4.0,30.0,0.25,1.0,2.5,0.0,0.0,0.0,0.0,0.0,0.0,0.0,0.0,0.0,0.0,6.066252872434506e-161
trajectory,0.34,4.0,30.0,0.25,1.0,4.0,0.0,0.0,0.0,0.0,0.0,0.0,0.0,0.0,0.0,0.0,2.1590570768601904e-255
trajectory,0.34,8.0,8.0,0.0,1.0,2.5,0.0,0.0,0.0,0.0,0.0,0.0,0.0,0.0,0.0,0.0,9.134827929509936e-155
trajectory,0.34,8.0,8.0,0.0,1.0,4.0,0.0,0.0,0.0,0.0,0.0,0.0,0.0,0.0,0.0,0.0,1.3347409699734228e-244
trajectory,0.34,8.0,8.0,0.1,1.0,2.5,0.0,0.0,0.0,0.0,0.0,0.0,0.0,0.0,0.0,0.0,1.1124412991451902e-154
trajectory,0.34,8.0,8.0,0.1,1.0,4.0,0.0,0.0,0.0,0.0,0.0,0.0,0.0,0.0,0.0,0.0,1.82728756106021e-244
trajectory,0.34,8.0,8.0,0.25,1.0,2.5,0.0,0.0,0.0,0.0,0.0,0.0,0.0,0.0,0.0,0.0,1.495003475726019e-154
trajectory,0.34,8.0,8.0,0.25,1.0,4.0,0.0,0.0,0.0,0.0,0.0,0.0,0.0,0.0,0.0,0.0,2.926993497067981e-244
trajectory,0.34,8.0,18.0,0.0,1.0,2.5,0.0,0.0,0.0,0.0,0.0,0.0,0.0,0.0,0.0,0.0,8.506218260252046e-157
trajectory,0.34,8.0,18.0,0.0,1.0,4.0,0.0,0.0,0.0,0.0,0.0,0.0,0.0,0.0,0.0,0.0,9.516124917598169e-249
trajectory,0.34,8.0,18.0,0.1,1.0,2.5,0.0,0.0,0.0,0.0,0.0,0.0,0.0,0.0,0.0,0.0,1.0389202433982494e-156
trajectory,0.34,8.0,18.0,0.1,1.0,4.0,0.0,0.0,0.0,0.0,0.0,0.0,0.0,0.0,0.0,0.0,1.3104122638963656e-248
trajectory,0.34,8.0,18.0,0.25,1.0,2.5,0.0,0.0,0.0,0.0,0.0,0.0,0.0,0.0,0.0,0.0,1.4023316578986e-156
trajectory,0.34,8.0,18.0,0.25,1.0,4.0,0.0,0.0,0.0,0.0,0.0,0.0,0.0,0.0,0.0,0.0,2.117530481986165e-248
trajectory,0.34,8.0,30.0,0.0,1.0,2.5,0.0,0.0,0.0,0.0,0.0,0.0,0.0,0.0,0.0,0.0,8.104218899562767e-157
trajectory,0.34,8.0,30.0,0.0,1.0,4.0,0.0,0.0,0.0,0.0,0.0,0.0,0.0,0.0,0.0,0.0,8.620414778461014e-249
trajectory,0.34,8.0,30.0,0.1,1.0,2.5,0.0,0.0,0.0,0.0,0.0,0.0,0.0,0.0,0.0,0.0,9.898514110271777e-157
trajectory,0.34,8.0,30.0,0.1,1.0,4.0,0.0,0.0,0.0,0.0,0.0,0.0,0.0,0.0,0.0,0.0,1.1871409637839518e-248
trajectory,0.34,8.0,30.0,0.25,1.0,2.5,0.0,0.0,0.0,0.0,0.0,0.0,0.0,0.0,0.0,0.0,1.3361594010985185e-156
trajectory,0.34,8.0,30.0,0.25,1.0,4.0,0.0,0.0,0.0,0.0,0.0,0.0,0.0,0.0,0.0,0.0,1.918507421907443e-248
trajectory,0.34,12.0,8.0,0.0,1.0,2.5,0.0,0.0,0.0,0.0,0.0,0.0,0.0,0.0,0.0,0.0,1.362282648428805e-150
trajectory,0.34,12.0,8.0,0.0,1.0,4.0,0.0,0.0,0.0,0.0,0.0,0.0,0.0,0.0,0.0,0.0,5.999175502900161e-238
trajectory,0.34,12.0,8.0,0.1,1.0,2.5,0.0,0.0,0.0,0.0,0.0,0.0,0.0,0.0,0.0,0.0,1.6589907231042842e-150
trajectory,0.34,12.0,8.0,0.1,1.0,4.0,0.0,0.0,0.0,0.0,0.0,0.0,0.0,0.0,0.0,0.0,8.212993396977148e-238
trajectory,0.34,12.0,8.0,0.25,1.0,2.5,0.0,0.0,0.0,0.0,0.0,0.0,0.0,0.0,0.0,0.0,2.229508109006679e-150
trajectory,0.34,12.0,8.0,0.25,1.0,4.0,0.0,0.0,0.0,0.0,0.0,0.0,0.0,0.0,0.0,0.0,1.3155771853701289e-237
trajectory,0.34,12.0,18.0,0.0,1.0,2.5,0.0,0.0,0.0,0.0,0.0,0.0,0.0,0.0,0.0,0.0,1.8660367739950744e-152
trajectory,0.34,12.0,18.0,0.0,1.0,4.0,0.0,0.0,0.0,0.0,0.0,0.0,0.0,0.0,0.0,0.0,8.396337486909384e-242
trajectory,0.34,12.0,18.0,0.1,1.0,2.5,0.0,0.0,0.0,0.0,0.0,0.0,0.0,0.0,0.0,0.0,2.2791131383120688e-152
trajectory,0.34,12.0,18.0,0.1,1.0,4.0,0.0,0.0,0.0,0.0,0.0,0.0,0.0,0.0,0.0,0.0,1.1562126085915096e-241
trajectory,0.34,12.0,18.0,0.25,1.0,2.5,0.0,0.0,0.0,0.0,0.0,0.0,0.0,0.0,0.0,0.0,3.076340581576765e-152
trajectory,0.34,12.0,18.0,0.25,1.0,4.0,0.0,0.0,0.0,0.0,0.0,0.0,0.0,0.0,0.0,0.0,1.8683551045756133e-241
trajectory,0.34,12.0,30.0,0.0,1.0,2.5,0.0,0.0,0.0,0.0,0.0,0.0,0.0,0.0,0.0,0.0,1.785043996503561e-152
trajectory,0.34,12.0,30.0,0.0,1.0,4.0,0.0,0.0,0.0,0.0,0.0,0.0,0.0,0.0,0.0,0.0,7.659978010608657e-242
trajectory,0.34,12.0,30.0,0.1,1.0,2.5,0.0,0.0,0.0,0.0,0.0,0.0,0.0,0.0,0.0,0.0,2.180257395046388e-152
trajectory,0.34,12.0,30.0,0.1,1.0,4.0,0.0,0.0,0.0,0.0,0.0,0.0,0.0,0.0,0.0,0.0,1.0548765821337052e-241
trajectory,0.34,12.0,30.0,0.25,1.0,2.5,0.0,0.0,0.0,0.0,0.0,0.0,0.0,0.0,0.0,0.0,2.9430391094586336e-152
trajectory,0.34,12.0,30.0,0.25,1.0,4.0,0.0,0.0,0.0,0.0,0.0,0.0,0.0,0.0,0.0,0.0,1.7047584185530474e-241
trajectory,0.34,20.0,8.0,0.0,1.0,2.5,0.0,0.0,0.0,0.0,0.0,0.0,0.0,0.0,0.0,0.0,3.0297091102677075e-142
trajectory,0.34,20.0,8.0,0.0,1.0,4.0,0.0,0.0,0.0,0.0,0.0,0.0,0.0,0.0,0.0,0.0,1.2119388816955616e-224
trajectory,0.34,20.0,8.0,0.1,1.0,2.5,0.0,0.0,0.0,0.0,0.0,0.0,0.0,0.0,0.0,0.0,3.689586234865225e-142
trajectory,0.34,20.0,8.0,0.1,1.0,4.0,0.0,0.0,0.0,0.0,0.0,0.0,0.0,0.0,0.0,0.0,1.6591690021559891e-224
trajectory,0.34,20.0,8.0,0.25,1.0,2.5,0.0,0.0,0.0,0.0,0.0,0.0,0.0,0.0,0.0,0.0,4.958413760216281e-142
trajectory,0.34,20.0,8.0,0.25,1.0,4.0,0.0,0.0,0.0,0.0,0.0,0.0,0.0,0.0,0.0,0.0,2.6576971152967493e-224
trajectory,0.34,20.0,18.0,0.0,1.0,2.5,0.0,0.0,0.0,0.0,0.0,0.0,0.0,0.0,0.0,0.0,8.980231870300037e-144
trajectory,0.34,20.0,18.0,0.0,1.0,4.0,0.0,0.0,0.0,0.0,0.0,0.0,0.0,0.0,0.0,0.0,6.536562090251492e-228
trajectory,0.34,20.0,18.0,0.1,1.0,2.5,0.0,0.0,0.0,0.0,0.0,0.0,0.0,0.0,0.0,0.0,1.0968146354838989e-143
trajectory,0.34,20.0,18.0,0.1,1.0,4.0,0.0,0.0,0.0,0.0,0.0,0.0,0.0,0.0,0.0,0.0,9.001133550639127e-228
trajectory,0.34,20.0,18.0,0.25,1.0,2.5,0.0,0.0,0.0,0.0,0.0,0.0,0.0,0.0,0.0,0.0,1.4804773474762154e-143
trajectory,0.34,20.0,18.0,0.25,1.0,4.0,0.0,0.0,0.0,0.0,0.0,0.0,0.0,0.0,0.0,0.0,1.4545174210466583e-227
trajectory,0.34,20.0,30.0,0.0,1.0,2.5,0.0,0.0,0.0,0.0,0.0,0.0,0.0,0.0,0.0,0.0,8.660130733564368e-144
trajectory,0.34,20.0,30.0,0.0,1.0,4.0,0.0,0.0,0.0,0.0,0.0,0.0,0.0,0.0,0.0,0.0,6.048201383589658e-228
trajectory,0.34,20.0,30.0,0.1,1.0,2.5,0.0,0.0,0.0,0.0,0.0,0.0,0.0,0.0,0.0,0.0,1.0577506274862592e-143
trajectory,0.34,20.0,30.0,0.1,1.0,4.0,0.0,0.0,0.0,0.0,0.0,0.0,0.0,0.0,0.0,0.0,8.329144019397056e-228
trajectory,0.34,20.0,30.0,0.25,1.0,2.5,0.0,0.0,0.0,0.0,0.0,0.0,0.0,0.0,0.0,0.0,1.4278137397076636e-143
trajectory,0.34,20.0,30.0,0.25,1.0,4.0,0.0,0.0,0.0,0.0,0.0,0.0,0.0,0.0,0.0,0.0,1.3460511520397139e-227
trajectory,0.34,32.0,8.0,0.0,1.0,2.5,0.0,0.0,0.0,0.0,0.0,0.0,0.0,0.0,0.0,0.0,1.0048505963846419e-129
trajectory,0.34,32.0,8.0,0.0,1.0,4.0,0.0,0.0,0.0,0.0,0.0,0.0,0.0,0.0,0.0,0.0,1.1004351301172204e-204
trajectory,0.34,32.0,8.0,0.1,1.0,2.5,0.0,0.0,0.0,0.0,0.0,0.0,0.0,0.0,0.0,0.0,1.2237092055974647e-129
trajectory,0.34,32.0,8.0,0.1,1.0,4.0,0.0,0.0,0.0,0.0,0.0,0.0,0.0,0.0,0.0,0.0,1.506518096209266e-204
trajectory,0.34,32.0,8.0,0.25,1.0,2.5,0.0,0.0,0.0,0.0,0.0,0.0,0.0,0.0,0.0,0.0,1.644535776451123e-129
trajectory,0.34,32.0,8.0,0.25,1.0,4.0,0.0,0.0,0.0,0.0,0.0,0.0,0.0,0.0,0.0,0.0,2.4131771948698012e-204
trajectory,0.34,32.0,18.0,0.0,1.0,2.5,0.0,0.0,0.0,0.0,0.0,0.0,0.0,0.0,0.0,0.0,9.480660144965873e-131
trajectory,0.34,32.0,18.0,0.0,1.0,4.0,0.0,0.0,0.0,0.0,0.0,0.0,0.0,0.0,0.0,0.0,4.4899204591882766e-207
trajectory,0.34,32.0,18.0,0.1,1.0,2.5,0.0,0.0,0.0,0.0,0.0,0.0,0.0,0.0,0.0,0.0,1.1579352238596538e-130
trajectory,0.34,32.0,18.0,0.1,1.0,4.0,0.0,0.0,0.0,0.0,0.0,0.0,0.0,0.0,0.0,0.0,6.182817990082171e-207
trajectory,0.34,32.0,18.0,0.25,1.0,2.5,0.0,0.0,0.0,0.0,0.0,0.0,0.0,0.0,0.0,0.0,1.5629777478422275e-130
trajectory,0.34,32.0,18.0,0.25,1.0,4.0,0.0,0.0,0.0,0.0,0.0,0.0,0.0,0.0,0.0,0.0,9.990982165904732e-207
trajectory,0.34,32.0,30.0,0.0,1.0,2.5,0.0,0.0,0.0,0.0,0.0,0.0,0.0,0.0,0.0,0.0,9.25417554139269e-131
trajectory,0.34,32.0,30.0,0.0,1.0,4.0,0.0,0.0,0.0,0.0,0.0,0.0,0.0,0.0,0.0,0.0,4.243501144267526e-207
trajectory,0.34,32.0,30.0,0.1,1.0,2.5,0.0,0.0,0.0,0.0,0.0,0.0,0.0,0.0,0.0,0.0,1.1303074153185766e-130
trajectory,0.34,32.0,30.0,0.1,1.0,4.0,0.0,0.0,0.0,0.0,0.0,0.0,0.0,0.0,0.0,0.0,5.8438418193183625e-207
trajectory,0.34,32.0,30.0,0.25,1.0,2.5,0.0,0.0,0.0,0.0,0.0,0.0,0.0,0.0,0.0,0.0,1.5257551409074381e-130
trajectory,0.34,32.0,30.0,0.25,1.0,4.0,0.0,0.0,0.0,0.0,0.0,0.0,0.0,0.0,0.0,0.0,9.444079721652797e-207
trajectory,0.42,4.0,8.0,0.0,1.0,2.5,0.0,0.0,0.0,0.0,0.0,0.0,0.0,0.0,0.0,0.0,4.9000370828843084e-157
trajectory,0.42,4.0,8.0,0.0,1.0,4.0,0.0,0.0,0.0,0.0,0.0,0.0,0.0,0.0,0.0,0.0,2.06909012052917e-247
trajectory,0.42,4.0,8.0,0.1,1.0,2.5,0.0,0.0,0.0,0.0,0.0,0.0,0.0,0.0,0.0,0.0,5.952222222060285e-157
trajectory,0.42,4.0,8.0,0.1,1.0,4.0,0.0,0.0,0.0,0.0,0.0,0.0,0.0,0.0,0.0,0.0,2.8183530072681912e-247
trajectory,0.42,4.0,8.0,0.25,1.0,2.5,0.0,0.0,0.0,0.0,0.0,0.0,0.0,0.0,0.0,0.0,7.968907618887326e-157
trajectory,0.42,4.0,8.0,0.25,1.0,4.0,0.0,0.0,0.0,0.0,0.0,0.0,0.0,0.0,0.0,0.0,4.480426545187495e-247
trajectory,0.42,4.0,18.0,0.0,1.0,2.5,0.0,0.0,0.0,0.0,0.0,0.0,0.0,0.0,0.0,0.0,4.5934307578648056e-161
trajectory,0.42,4.0,18.0,0.0,1.0,4.0,0.0,0.0,0.0,0.0,0.0,0.0,0.0,0.0,0.0,0.0,1.5185497874372382e-255
trajectory,0.42,4.0,18.0,0.1,1.0,2.5,0.0,0.0,0.0,0.0,0.0,0.0,0.0,0.0,0.0,0.0,5.609709364663817e-161
trajectory,0.42,4.0,18.0,0.1,1.0,4.0,0.0,0.0,0.0,0.0,0.0,0.0,0.0,0.0,0.0,0.0,2.090700635162997e-255
trajectory,0.42,4.0,18.0,0.25,1.0,2.5,0.0,0.0,0.0,0.0,0.0,0.0,0.0,0.0,0.0,0.0,7.570858724229319e-161
trajectory,0.42,4.0,18.0,0.25,1.0,4.0,0.0,0.0,0.0,0.0,0.0,0.0,0.0,0.0,0.0,0.0,3.3774278089423486e-255
trajectory,0.42,4.0,30.0,0.0,1.0,2.5,0.0,0.0,0.0,0.0,0.0,0.0,0.0,0.0,0.0,0.0,3.6871594662599e-161
trajectory,0.42,4.0,30.0,0.0,1.0,4.0,0.0,0.0,0.0,0.0,0.0,0.0,0.0,0.0,0.0,0.0,9.742797858783935e-256
trajectory,0.42,4.0,30.0,0.1,1.0,2.5,0.0,0.0,0.0,0.0,0.0,0.0,0.0,0.0,0.0,0.0,4.503500691665166e-161
trajectory,0.42,4.0,30.0,0.1,1.0,4.0,0.0,0.0,0.0,0.0,0.0,0.0,0.0,0.0,0.0,0.0,1.341704138353158e-255
trajectory,0.42,4.0,30.0,0.25,1.0,2.5,0.0,0.0,0.0,0.0,0.0,0.0,0.0,0.0,0.0,0.0,6.0790778232129546e-161
trajectory,0.42,4.0,30.0,0.25,1.0,4.0,0.0,0.0,0.0,0.0,0.0,0.0,0.0,0.0,0.0,0.0,2.168284974388144e-255
trajectory,0.42,8.0,8.0,0.0,1.0,2.5,0.0,0.0,0.0,0.0,0.0,0.0,0.0,0.0,0.0,0.0,5.264508794594078e-153
trajectory,0.42,8.0,8.0,0.0,1.0,4.0,0.0,0.0,0.0,0.0,0.0,0.0,0.0,0.0,0.0,0.0,5.2507659864605804e-241
trajectory,0.42,8.0,8.0,0.1,1.0,2.5,0.0,0.0,0.0,0.0,0.0,0.0,0.0,0.0,0.0,0.0,6.394956957544012e-153
trajectory,0.42,8.0,8.0,0.1,1.0,4.0,0.0,0.0,0.0,0.0,0.0,0.0,0.0,0.0,0.0,0.0,7.15218344603472e-241
trajectory,0.42,8.0,8.0,0.25,1.0,2.5,0.0,0.0,0.0,0.0,0.0,0.0,0.0,0.0,0.0,0.0,8.561646276000355e-153
trajectory,0.42,8.0,8.0,0.25,1.0,4.0,0.0,0.0,0.0,0.0,0.0,0.0,0.0,0.0,0.0,0.0,1.1370056371584674e-240
trajectory,0.42,8.0,18.0,0.0,1.0,2.5,0.0,0.0,0.0,0.0,0.0,0.0,0.0,0.0,0.0,0.0,9.946197513769175e-157
trajectory,0.42,8.0,18.0,0.0,1.0,4.0,0.0,0.0,0.0,0.0,0.0,0.0,0.0,0.0,0.0,0.0,1.3096278164697983e-248
trajectory,0.42,8.0,18.0,0.1,1.0,2.5,0.0,0.0,0.0,0.0,0.0,0.0,0.0,0.0,0.0,0.0,1.2146754849902772e-156
trajectory,0.42,8.0,18.0,0.1,1.0,4.0,0.0,0.0,0.0,0.0,0.0,0.0,0.0,0.0,0.0,0.0,1.8030621915540584e-248
trajectory,0.42,8.0,18.0,0.25,1.0,2.5,0.0,0.0,0.0,0.0,0.0,0.0,0.0,0.0,0.0,0.0,1.639324944456768e-156
trajectory,0.42,8.0,18.0,0.25,1.0,4.0,0.0,0.0,0.0,0.0,0.0,0.0,0.0,0.0,0.0,0.0,2.912761532945362e-248
trajectory,0.42,8.0,30.0,0.0,1.0,2.5,0.0,0.0,0.0,0.0,0.0,0.0,0.0,0.0,0.0,0.0,8.120054551307956e-157
trajectory,0.42,8.0,30.0,0.0,1.0,4.0,0.0,0.0,0.0,0.0,0.0,0.0,0.0,0.0,0.0,0.0,8.65484440831212e-249
trajectory,0.42,8.0,30.0,0.1,1.0,2.5,0.0,0.0,0.0,0.0,0.0,0.0,0.0,0.0,0.0,0.0,9.917843701310802e-157
trajectory,0.42,8.0,30.0,0.1,1.0,4.0,0.0,0.0,0.0,0.0,0.0,0.0,0.0,0.0,0.0,0.0,1.191879450620611e-248
trajectory,0.42,8.0,30.0,0.25,1.0,2.5,0.0,0.0,0.0,0.0,0.0,0.0,0.0,0.0,0.0,0.0,1.3387661694005004e-156
trajectory,0.42,8.0,30.0,0.25,1.0,4.0,0.0,0.0,0.0,0.0,0.0,0.0,0.0,0.0,0.0,0.0,1.92615810758007e-248
trajectory,0.42,12.0,8.0,0.0,1.0,2.5,0.0,0.0,0.0,0.0,0.0,0.0,0.0,0.0,0.0,0.0,5.6560904294312105e-149
trajectory,0.42,12.0,8.0,0.0,1.0,4.0,0.0,0.0,0.0,0.0,0.0,0.0,0.0,0.0,0.0,0.0,1.3324960170183498e-234
trajectory,0.42,12.0,8.0,0.1,1.0,2.5,0.0,0.0,0.0,0.0,0.0,0.0,0.0,0.0,0.0,0.0,6.870622930924015e-149
trajectory,0.42,12.0,8.0,0.1,1.0,4.0,0.0,0.0,0.0,0.0,0.0,0.0,0.0,0.0,0.0,0.0,1.815022032861526e-234
trajectory,0.42,12.0,8.0,0.25,1.0,2.5,0.0,0.0,0.0,0.0,0.0,0.0,0.0,0.0,0.0,0.0,9.198473675566313e-149
trajectory,0.42,12.0,8.0,0.25,1.0,4.0,0.0,0.0,0.0,0.0,0.0,0.0,0.0,0.0,0.0,0.0,2.885398981306216e-234
trajectory,0.42,12.0,18.0,0.0,1.0,2.5,0.0,0.0,0.0,0.0,0.0,0.0,0.0,0.0,0.0,0.0,2.1536592189516002e-152
trajectory,0.42,12.0,18.0,0.0,1.0,4.0,0.0,0.0,0.0,0.0,0.0,0.0,0.0,0.0,0.0,0.0,1.1294493153009895e-241
trajectory,0.42,12.0,18.0,0.1,1.0,2.5,0.0,0.0,0.0,0.0,0.0,0.0,0.0,0.0,0.0,0.0,2.6301479059332177e-152
trajectory,0.42,12.0,18.0,0.1,1.0,4.0,0.0,0.0,0.0,0.0,0.0,0.0,0.0,0.0,0.0,0.0,1.5549970244105583e-241
trajectory,0.42,12.0,18.0,0.25,1.0,2.5,0.0,0.0,0.0,0.0,0.0,0.0,0.0,0.0,0.0,0.0,3.549645253474073e-152
trajectory,0.42,12.0,18.0,0.25,1.0,4.0,0.0,0.0,0.0,0.0,0.0,0.0,0.0,0.0,0.0,0.0,2.512024009911573e-241
trajectory,0.42,12.0,30.0,0.0,1.0,2.5,0.0,0.0,0.0,0.0,0.0,0.0,0.0,0.0,0.0,0.0,1.7882406909593957e-152
trajectory,0.42,12.0,30.0,0.0,1.0,4.0,0.0,0.0,0.0,0.0,0.0,0.0,0.0,0.0,0.0,0.0,7.688379951819063e-242
trajectory,0.42,12.0,30.0,0.1,1.0,2.5,0.0,0.0,0.0,0.0,0.0,0.0,0.0,0.0,0.0,0.0,2.184159177896475e-152
trajectory,0.42,12.0,30.0,0.1,1.0,4.0,0.0,0.0,0.0,0.0,0.0,0.0,0.0,0.0,0.0,0.0,1.0587853046018795e-241
trajectory,0.42,12.0,30.0,0.25,1.0,2.5,0.0,0.0,0.0,0.0,0.0,0.0,0.0,0.0,0.0,0.0,2.948300562114067e-152
trajectory,0.42,12.0,30.0,0.25,1.0,4.0,0.0,0.0,0.0,0.0,0.0,0.0,0.0,0.0,0.0,0.0,1.7110689319994868e-241
trajectory,0.42,20.0,8.0,0.0,1.0,2.5,0.0,0.0,0.0,0.0,0.0,0.0,0.0,0.0,0.0,0.0,6.528799354936807e-141
trajectory,0.42,20.0,8.0,0.0,1.0,4.0,0.0,0.0,0.0,0.0,0.0,0.0,0.0,0.0,0.0,0.0,8.581287096936447e-222
trajectory,0.42,20.0,8.0,0.1,1.0,2.5,0.0,0.0,0.0,0.0,0.0,0.0,0.0,0.0,0.0,0.0,7.930728675415055e-141
trajectory,0.42,20.0,8.0,0.1,1.0,4.0,0.0,0.0,0.0,0.0,0.0,0.0,0.0,0.0,0.0,0.0,1.1688759255057108e-221
trajectory,0.42,20.0,8.0,0.25,1.0,2.5,0.0,0.0,0.0,0.0,0.0,0.0,0.0,0.0,0.0,0.0,1.0617756160146793e-140
trajectory,0.42,20.0,8.0,0.25,1.0,4.0,0.0,0.0,0.0,0.0,0.0,0.0,0.0,0.0,0.0,0.0,1.8581997042814144e-221
trajectory,0.42,20.0,18.0,0.0,1.0,2.5,0.0,0.0,0.0,0.0,0.0,0.0,0.0,0.0,0.0,0.0,1.0097568192213218e-143
trajectory,0.42,20.0,18.0,0.0,1.0,4.0,0.0,0.0,0.0,0.0,0.0,0.0,0.0,0.0,0.0,0.0,8.400486874959292e-228
trajectory,0.42,20.0,18.0,0.1,1.0,2.5,0.0,0.0,0.0,0.0,0.0,0.0,0.0,0.0,0.0,0.0,1.2331615699486538e-143
trajectory,0.42,20.0,18.0,0.1,1.0,4.0,0.0,0.0,0.0,0.0,0.0,0.0,0.0,0.0,0.0,0.0,1.1565576176988989e-227
trajectory,0.42,20.0,18.0,0.25,1.0,2.5,0.0,0.0,0.0,0.0,0.0,0.0,0.0,0.0,0.0,0.0,1.6642737481266268e-143
trajectory,0.42,20.0,18.0,0.25,1.0,4.0,0.0,0.0,0.0,0.0,0.0,0.0,0.0,0.0,0.0,0.0,1.8683640282894141e-227
trajectory,0.42,20.0,30.0,0.0,1.0,2.5,0.0,0.0,0.0,0.0,0.0,0.0,0.0,0.0,0.0,0.0,8.672813850513099e-144
trajectory,0.42,20.0,30.0,0.0,1.0,4.0,0.0,0.0,0.0,0.0,0.0,0.0,0.0,0.0,0.0,0.0,6.067167474919226e-228
trajectory,0.42,20.0,30.0,0.1,1.0,2.5,0.0,0.0,0.0,0.0,0.0,0.0,0.0,0.0,0.0,0.0,1.0592984526944746e-143
trajectory,0.42,20.0,30.0,0.1,1.0,4.0,0.0,0.0,0.0,0.0,0.0,0.0,0.0,0.0,0.0,0.0,8.355242330971296e-228
trajectory,0.42,20.0,30.0,0.25,1.0,2.5,0.0,0.0,0.0,0.0,0.0,0.0,0.0,0.0,0.0,0.0,1.4299004647333037e-143
trajectory,0.42,20.0,30.0,0.25,1.0,4.0,0.0,0.0,0.0,0.0,0.0,0.0,0.0,0.0,0.0,0.0,1.3502638835006912e-227
trajectory,0.42,32.0,8.0,0.0,1.0,2.5,0.0,0.0,0.0,0.0,0.0,0.0,0.0,0.0,0.0,0.0,8.09671380182536e-129
trajectory,0.42,32.0,8.0,0.0,1.0,4.0,0.0,0.0,0.0,0.0,0.0,0.0,0.0,0.0,0.0,0.0,1.4024332531660646e-202
trajectory,0.42,32.0,8.0,0.1,1.0,2.5,0.0,0.0,0.0,0.0,0.0,0.0,0.0,0.0,0.0,0.0,9.83532144791831e-129
trajectory,0.42,32.0,8.0,0.1,1.0,4.0,0.0,0.0,0.0,0.0,0.0,0.0,0.0,0.0,0.0,0.0,1.9102850752303747e-202
trajectory,0.42,32.0,8.0,0.25,1.0,2.5,0.0,0.0,0.0,0.0,0.0,0.0,0.0,0.0,0.0,0.0,1.316764816509036e-128
trajectory,0.42,32.0,8.0,0.25,1.0,4.0,0.0,0.0,0.0,0.0,0.0,0.0,0.0,0.0,0.0,0.0,3.036841707857503e-202
trajectory,0.42,32.0,18.0,0.0,1.0,2.5,0.0,0.0,0.0,0.0,0.0,0.0,0.0,0.0,0.0,0.0,1.0251242573379927e-130
trajectory,0.42,32.0,18.0,0.0,1.0,4.0,0.0,0.0,0.0,0.0,0.0,0.0,0.0,0.0,0.0,0.0,5.388414849539867e-207
trajectory,0.42,32.0,18.0,0.1,1.0,2.5,0.0,0.0,0.0,0.0,0.0,0.0,0.0,0.0,0.0,0.0,1.2519289937018144e-130
trajectory,0.42,32.0,18.0,0.1,1.0,4.0,0.0,0.0,0.0,0.0,0.0,0.0,0.0,0.0,0.0,0.0,7.418632198728838e-207
trajectory,0.42,32.0,18.0,0.25,1.0,2.5,0.0,0.0,0.0,0.0,0.0,0.0,0.0,0.0,0.0,0.0,1.6896022463814452e-130
trajectory,0.42,32.0,18.0,0.25,1.0,4.0,0.0,0.0,0.0,0.0,0.0,0.0,0.0,0.0,0.0,0.0,1.1984448787594339e-206
trajectory,0.42,32.0,30.0,0.0,1.0,2.5,0.0,0.0,0.0,0.0,0.0,0.0,0.0,0.0,0.0,0.0,9.263201325850206e-131
trajectory,0.42,32.0,30.0,0.0,1.0,4.0,0.0,0.0,0.0,0.0,0.0,0.0,0.0,0.0,0.0,0.0,4.2531696044544466e-207
trajectory,0.42,32.0,30.0,0.1,1.0,2.5,0.0,0.0,0.0,0.0,0.0,0.0,0.0,0.0,0.0,0.0,1.1314084448947331e-130
trajectory,0.42,32.0,30.0,0.1,1.0,4.0,0.0,0.0,0.0,0.0,0.0,0.0,0.0,0.0,0.0,0.0,5.857142211227875e-207
trajectory,0.42,32.0,30.0,0.25,1.0,2.5,0.0,0.0,0.0,0.0,0.0,0.0,0.0,0.0,0.0,0.0,1.5272385766666133e-130
trajectory,0.42,32.0,30.0,0.25,1.0,4.0,0.0,0.0,0.0,0.0,0.0,0.0,0.0,0.0,0.0,0.0,9.465539448248406e-207
probe_all,0.1,4.0,8.0,0.0,1.0,2.5,0.0,0.0,0.0,0.0,0.0,0.0,0.0,0.0,0.0,2.497644e-317,4.790136211974519e-161
probe_all,0.1,4.0,8.0,0.0,1.0,4.0,0.0,0.0,0.0,0.0,0.0,0.0,0.0,0.0,0.0,0.0,1.6527391097241216e-255
probe_all,0.1,4.0,8.0,0.1,1.0,2.5,0.0,0.0,0.0,0.0,0.0,0.0,0.0,0.0,0.0,2.5253666e-317,6.047955708363808e-161
probe_all,0.1,4.0,8.0,0.1,1.0,4.0,0.0,0.0,0.0,0.0,0.0,0.0,0.0,0.0,0.0,0.0,2.399885820450714e-255
probe_all,0.1,4.0,8.0,0.25,1.0,2.5,0.0,0.0,0.0,0.0,0.0,0.0,0.0,0.0,0.0,2.567528e-317,8.580245422485737e-161
probe_all,0.1,4.0,8.0,0.25,1.0,4.0,0.0,0.0,0.0,0.0,0.0,0.0,0.0,0.0,0.0,0.0,4.19923319704173e-255
probe_all,0.1,4.0,18.0,0.0,1.0,2.5,0.0,0.0,0.0,0.0,0.0,0.0,0.0,0.0,0.0,6.0731093295757205e-295,3.678826874208383e-161
probe_all,0.1,4.0,18.0,0.0,1.0,4.0,0.0,0.0,0.0,0.0,0.0,0.0,0.0,0.0,0.0,0.0,9.69838579319368e-256
probe_all,0.1,4.0,18.0,0.1,1.0,2.5,0.0,0.0,0.0,0.0,0.0,0.0,0.0,0.0,0.0,6.135655736098883e-295,4.645659090249025e-161
probe_all,0.1,4.0,18.0,0.1,1.0,4.0,0.0,0.0,0.0,0.0,0.0,0.0,0.0,0.0,0.0,0.0,1.4087704298338315e-255
probe_all,0.1,4.0,18.0,0.25,1.0,2.5,0.0,0.0,0.0,0.0,0.0,0.0,0.0,0.0,0.0,6.230685216042287e-295,6.592563430165074e-161
probe_all,0.1,4.0,18.0,0.25,1.0,4.0,0.0,0.0,0.0,0.0,0.0,0.0,0.0,0.0,0.0,0.0,2.4663311265843074e-255
probe_all,0.1,4.0,30.0,0.0,1.0,2.5,0.0,0.0,0.0,0.0,0.0,0.0,0.0,0.0,0.0,8.539369464679324e-271,3.678593185834136e-161
probe_all,0.1,4.0,30.0,0.0,1.0,4.0,0.0,0.0,0.0,0.0,0.0,0.0,0.0,0.0,0.0,0.0,9.697141729028218e-256
probe_all,0.1,4.0,30.0,0.1,1.0,2.5,0.0,0.0,0.0,0.0,0.0,0.0,0.0,0.0,0.0,8.619959048980086e-271,4.645364185103981e-161
probe_all,0.1,4.0,30.0,0.1,1.0,4.0,0.0,0.0,0.0,0.0,0.0,0.0,0.0,0.0,0.0,0.0,1.408589839860017e-255
probe_all,0.1,4.0,30.0,0.25,1.0,2.5,0.0,0.0,0.0,0.0,0.0,0.0,0.0,0.0,0.0,8.742271711049063e-271,6.592145359358237e-161
probe_all,0.1,4.0,30.0,0.25,1.0,4.0,0.0,0.0,0.0,0.0,0.0,0.0,0.0,0.0,0.0,0.0,2.4660152848226706e-255
probe_all,0.1,8.0,8.0,0.0,1.0,2.5,0.0,0.0,0.0,0.0,0.0,0.0,0.0,0.0,0.0,4.39177907e-316,1.0338717561230577e-156
probe_all,0.1,8.0,8.0,0.0,1.0,4.0,0.0,0.0,0.0,0.0,0.0,0.0,0.0,0.0,0.0,0.0,1.417331852469205e-248
probe_all,0.1,8.0,8.0,0.1,1.0,2.5,0.0,0.0,0.0,0.0,0.0,0.0,0.0,0.0,0.0,4.44052517e-316,1.305351312041943e-156
probe_all,0.1,8.0,8.0,0.1,1.0,4.0,0.0,0.0,0.0,0.0,0.0,0.0,0.0,0.0,0.0,0.0,2.0580590097984447e-248
probe_all,0.1,8.0,8.0,0.25,1.0,2.5,0.0,0.0,0.0,0.0,0.0,0.0,0.0,0.0,0.0,4.5146607e-316,1.8519042069694165e-156
probe_all,0.1,8.0,8.0,0.25,1.0,4.0,0.0,0.0,0.0,0.0,0.0,0.0,0.0,0.0,0.0,0.0,3.601117037223623e-248
probe_all,0.1,8.0,18.0,0.0,1.0,2.5,0.0,0.0,0.0,0.0,0.0,0.0,0.0,0.0,0.0,5.356646475883343e-294,8.103115787968916e-157
probe_all,0.1,8.0,18.0,0.0,1.0,4.0,0.0,0.0,0.0,0.0,0.0,0.0,0.0,0.0,0.0,0.0,8.618019019114833e-249
probe_all,0.1,8.0,18.0,0.1,1.0,2.5,0.0,0.0,0.0,0.0,0.0,0.0,0.0,0.0,0.0,5.4118140959440984e-294,1.0232695042986648e-156
probe_all,0.1,8.0,18.0,0.1,1.0,4.0,0.0,0.0,0.0,0.0,0.0,0.0,0.0,0.0,0.0,0.0,1.2518382560523578e-248
probe_all,0.1,8.0,18.0,0.25,1.0,2.5,0.0,0.0,0.0,0.0,0.0,0.0,0.0,0.0,0.0,5.495632664196256e-294,1.4521016248053856e-156
probe_all,0.1,8.0,18.0,0.25,1.0,4.0,0.0,0.0,0.0,0.0,0.0,0.0,0.0,0.0,0.0,0.0,2.1915903336465683e-248
probe_all,0.1,8.0,30.0,0.0,1.0,2.5,0.0,0.0,0.0,0.0,0.0,0.0,0.0,0.0,0.0,3.8953480469468046e-270,8.102640696278974e-157
probe_all,0.1,8.0,30.0,0.0,1.0,4.0,0.0,0.0,0.0,0.0,0.0,0.0,0.0,0.0,0.0,0.0,8.616987310368953e-249
probe_all,0.1,8.0,30.0,0.1,1.0,2.5,0.0,0.0,0.0,0.0,0.0,0.0,0.0,0.0,0.0,3.932110067972911e-270,1.0232095530488882e-156
probe_all,0.1,8.0,30.0,0.1,1.0,4.0,0.0,0.0,0.0,0.0,0.0,0.0,0.0,0.0,0.0,0.0,1.2516884990196766e-248
probe_all,0.1,8.0,30.0,0.25,1.0,2.5,0.0,0.0,0.0,0.0,0.0,0.0,0.0,0.0,0.0,3.987904631175494e-270,1.4520166424005058e-156
probe_all,0.1,8.0,30.0,0.25,1.0,4.0,0.0,0.0,0.0,0.0,0.0,0.0,0.0,0.0,0.0,0.0,2.1913284357680848e-248
probe_all,0.1,12.0,8.0,0.0,1.0,2.5,0.0,0.0,0.0,0.0,0.0,0.0,0.0,0.0,0.0,7.72236616e-315,2.2314413636857983e-152
probe_all,0.1,12.0,8.0,0.0,1.0,4.0,0.0,0.0,0.0,0.0,0.0,0.0,0.0,0.0,0.0,0.0,1.2154547370512304e-241
probe_all,0.1,12.0,8.0,0.1,1.0,2.5,0.0,0.0,0.0,0.0,0.0,0.0,0.0,0.0,0.0,7.808079792e-315,2.8173851298102574e-152
probe_all,0.1,12.0,8.0,0.1,1.0,4.0,0.0,0.0,0.0,0.0,0.0,0.0,0.0,0.0,0.0,0.0,1.7649201690010242e-241
probe_all,0.1,12.0,8.0,0.25,1.0,2.5,0.0,0.0,0.0,0.0,0.0,0.0,0.0,0.0,0.0,7.938437353e-315,3.997029249073942e-152
probe_all,0.1,12.0,8.0,0.25,1.0,4.0,0.0,0.0,0.0,0.0,0.0,0.0,0.0,0.0,0.0,0.0,3.088193321799663e-241
probe_all,0.1,12.0,18.0,0.0,1.0,2.5,0.0,0.0,0.0,0.0,0.0,0.0,0.0,0.0,0.0,4.7247068857891433e-293,1.7848212954398345e-152
probe_all,0.1,12.0,18.0,0.0,1.0,4.0,0.0,0.0,0.0,0.0,0.0,0.0,0.0,0.0,0.0,0.0,7.6580013826577e-242
probe_all,0.1,12.0,18.0,0.1,1.0,2.5,0.0,0.0,0.0,0.0,0.0,0.0,0.0,0.0,0.0,4.7733662168738346e-293,2.2538900467868103e-152
probe_all,0.1,12.0,18.0,0.1,1.0,4.0,0.0,0.0,0.0,0.0,0.0,0.0,0.0,0.0,0.0,0.0,1.1123877859226875e-241
probe_all,0.1,12.0,18.0,0.25,1.0,2.5,0.0,0.0,0.0,0.0,0.0,0.0,0.0,0.0,0.0,4.847296458184496e-293,3.1984510291010777e-152
probe_all,0.1,12.0,18.0,0.25,1.0,4.0,0.0,0.0,0.0,0.0,0.0,0.0,0.0,0.0,0.0,0.0,1.9474547187769487e-241
probe_all,0.1,12.0,30.0,0.0,1.0,2.5,0.0,0.0,0.0,0.0,0.0,0.0,0.0,0.0,0.0,1.7769153178831454e-269,1.7847253810457142e-152
probe_all,0.1,12.0,30.0,0.0,1.0,4.0,0.0,0.0,0.0,0.0,0.0,0.0,0.0,0.0,0.0,0.0,7.657150156399811e-242
probe_all,0.1,12.0,30.0,0.1,1.0,2.5,0.0,0.0,0.0,0.0,0.0,0.0,0.0,0.0,0.0,1.7936848074102317e-269,2.253769021614675e-152
probe_all,0.1,12.0,30.0,0.1,1.0,4.0,0.0,0.0,0.0,0.0,0.0,0.0,0.0,0.0,0.0,0.0,1.1122642335215402e-241
probe_all,0.1,12.0,30.0,0.25,1.0,2.5,0.0,0.0,0.0,0.0,0.0,0.0,0.0,0.0,0.0,1.8191362466178212e-269,3.198279490022368e-152
probe_all,0.1,12.0,30.0,0.25,1.0,4.0,0.0,0.0,0.0,0.0,0.0,0.0,0.0,0.0,0.0,0.0,1.9472386659400228e-241
probe_all,0.1,20.0,8.0,0.0,1.0,2.5,0.0,0.0,0.0,0.0,0.0,0.0,0.0,0.0,0.0,2.387647469587e-312,1.039496652959509e-143
probe_all,0.1,20.0,8.0,0.0,1.0,4.0,0.0,0.0,0.0,0.0,0.0,0.0,0.0,0.0,0.0,0.0,8.93867767228575e-228
probe_all,0.1,20.0,8.0,0.1,1.0,2.5,0.0,0.0,0.0,0.0,0.0,0.0,0.0,0.0,0.0,2.414148923936e-312,1.3124532242686327e-143
probe_all,0.1,20.0,8.0,0.1,1.0,4.0,0.0,0.0,0.0,0.0,0.0,0.0,0.0,0.0,0.0,0.0,1.297954751181434e-227
probe_all,0.1,20.0,8.0,0.25,1.0,2.5,0.0,0.0,0.0,0.0,0.0,0.0,0.0,0.0,0.0,2.45445365603e-312,1.861979702361964e-143
probe_all,0.1,20.0,8.0,0.25,1.0,4.0,0.0,0.0,0.0,0.0,0.0,0.0,0.0,0.0,0.0,0.0,2.2711141642544856e-227
probe_all,0.1,20.0,18.0,0.0,1.0,2.5,0.0,0.0,0.0,0.0,0.0,0.0,0.0,0.0,0.0,3.675688011725671e-291,8.659246997973582e-144
probe_all,0.1,20.0,18.0,0.0,1.0,4.0,0.0,0.0,0.0,0.0,0.0,0.0,0.0,0.0,0.0,0.0,6.046881040548446e-228
probe_all,0.1,20.0,18.0,0.1,1.0,2.5,0.0,0.0,0.0,0.0,0.0,0.0,0.0,0.0,0.0,3.7135435918177504e-291,1.0934983054755432e-143
probe_all,0.1,20.0,18.0,0.1,1.0,4.0,0.0,0.0,0.0,0.0,0.0,0.0,0.0,0.0,0.0,0.0,8.783592841425092e-228
probe_all,0.1,20.0,18.0,0.25,1.0,2.5,0.0,0.0,0.0,0.0,0.0,0.0,0.0,0.0,0.0,3.771059223635447e-291,1.5517619350840299e-143
probe_all,0.1,20.0,18.0,0.25,1.0,4.0,0.0,0.0,0.0,0.0,0.0,0.0,0.0,0.0,0.0,0.0,1.5377415630881068e-227
probe_all,0.1,20.0,30.0,0.0,1.0,2.5,0.0,0.0,0.0,0.0,0.0,0.0,0.0,0.0,0.0,3.697495535223724e-268,8.658866378633498e-144
probe_all,0.1,20.0,30.0,0.0,1.0,4.0,0.0,0.0,0.0,0.0,0.0,0.0,0.0,0.0,0.0,0.0,6.046312424427084e-228
probe_all,0.1,20.0,30.0,0.1,1.0,2.5,0.0,0.0,0.0,0.0,0.0,0.0,0.0,0.0,0.0,3.732390339737115e-268,1.0934502872946573e-143
probe_all,0.1,20.0,30.0,0.1,1.0,4.0,0.0,0.0,0.0,0.0,0.0,0.0,0.0,0.0,0.0,0.0,8.782767631592481e-228
probe_all,0.1,20.0,30.0,0.25,1.0,2.5,0.0,0.0,0.0,0.0,0.0,0.0,0.0,0.0,0.0,3.785350985575426e-268,1.5516938930627804e-143
probe_all,0.1,20.0,30.0,0.25,1.0,4.0,0.0,0.0,0.0,0.0,0.0,0.0,0.0,0.0,0.0,0.0,1.5375972912530188e-227
probe_all,0.1,32.0,8.0,0.0,1.0,2.5,0.0,0.0,0.0,0.0,0.0,0.0,0.0,0.0,0.0,1.2980754202740917e-308,1.0451521526867875e-130
probe_all,0.1,32.0,8.0,0.0,1.0,4.0,0.0,0.0,0.0,0.0,0.0,0.0,0.0,0.0,0.0,0.0,5.6373500948146324e-207
probe_all,0.1,32.0,8.0,0.1,1.0,2.5,0.0,0.0,0.0,0.0,0.0,0.0,0.0,0.0,0.0,1.312483278606584e-308,1.3195937752562522e-130
probe_all,0.1,32.0,8.0,0.1,1.0,4.0,0.0,0.0,0.0,0.0,0.0,0.0,0.0,0.0,0.0,0.0,8.185802875881851e-207
probe_all,0.1,32.0,8.0,0.25,1.0,2.5,0.0,0.0,0.0,0.0,0.0,0.0,0.0,0.0,0.0,1.3343954673690075e-308,1.87211001463274e-130
probe_all,0.1,32.0,8.0,0.25,1.0,4.0,0.0,0.0,0.0,0.0,0.0,0.0,0.0,0.0,0.0,0.0,1.432322108323764e-206
probe_all,0.1,32.0,18.0,0.0,1.0,2.5,0.0,0.0,0.0,0.0,0.0,0.0,0.0,0.0,0.0,2.5222277446106475e-288,9.253546479398047e-131
probe_all,0.1,32.0,18.0,0.0,1.0,4.0,0.0,0.0,0.0,0.0,0.0,0.0,0.0,0.0,0.0,0.0,4.2428277586117305e-207
probe_all,0.1,32.0,18.0,0.1,1.0,2.5,0.0,0.0,0.0,0.0,0.0,0.0,0.0,0.0,0.0,2.5482039412007784e-288,1.1685470338505075e-130
probe_all,0.1,32.0,18.0,0.1,1.0,4.0,0.0,0.0,0.0,0.0,0.0,0.0,0.0,0.0,0.0,0.0,6.163056835092222e-207
probe_all,0.1,32.0,18.0,0.25,1.0,2.5,0.0,0.0,0.0,0.0,0.0,0.0,0.0,0.0,0.0,2.5876707081996723e-288,1.6582621092365468e-130
probe_all,0.1,32.0,18.0,0.25,1.0,4.0,0.0,0.0,0.0,0.0,0.0,0.0,0.0,0.0,0.0,0.0,1.0789649317872902e-206
probe_all,0.1,32.0,30.0,0.0,1.0,2.5,0.0,0.0,0.0,0.0,0.0,0.0,0.0,0.0,0.0,3.5096923479572374e-266,9.253275539844314e-131
probe_all,0.1,32.0,30.0,0.0,1.0,4.0,0.0,0.0,0.0,0.0,0.0,0.0,0.0,0.0,0.0,0.0,4.2425377474782455e-207
probe_all,0.1,32.0,30.0,0.1,1.0,2.5,0.0,0.0,0.0,0.0,0.0,0.0,0.0,0.0,0.0,3.5428147756160185e-266,1.1685128693550952e-130
probe_all,0.1,32.0,30.0,0.1,1.0,4.0,0.0,0.0,0.0,0.0,0.0,0.0,0.0,0.0,0.0,0.0,6.1626360976363014e-207
probe_all,0.1,32.0,30.0,0.25,1.0,2.5,0.0,0.0,0.0,0.0,0.0,0.0,0.0,0.0,0.0,3.593085444416258e-266,1.6582137335475984e-130
probe_all,0.1,32.0,30.0,0.25,1.0,4.0,0.0,0.0,0.0,0.0,0.0,0.0,0.0,0.0,0.0,0.0,1.078891411930198e-206
probe_all,0.18,4.0,8.0,0.0,1.0,2.5,0.0,0.0,0.0,0.0,0.0,0.0,0.0,0.0,0.0,6.815488884134859e-276,6.066014853246221e-161
probe_all,0.18,4.0,8.0,0.0,1.0,4.0,0.0,0.0,0.0,0.0,0.0,0.0,0.0,0.0,0.0,0.0,2.6626154785397553e-255
probe_all,0.18,4.0,8.0,0.1,1.0,2.5,0.0,0.0,0.0,0.0,0.0,0.0,0.0,0.0,0.0,6.8810478535371644e-276,7.657642849502854e-161
probe_all,0.18,4.0,8.0,0.1,1.0,4.0,0.0,0.0,0.0,0.0,0.0,0.0,0.0,0.0,0.0,0.0,3.865062540993699e-255
probe_all,0.18,4.0,8.0,0.25,1.0,2.5,0.0,0.0,0.0,0.0,0.0,0.0,0.0,0.0,0.0,6.980570612081351e-276,1.086131886078672e-160
probe_all,0.18,4.0,8.0,0.25,1.0,4.0,0.0,0.0,0.0,0.0,0.0,0.0,0.0,0.0,0.0,0.0,6.759718888984279e-255
probe_all,0.18,4.0,18.0,0.0,1.0,2.5,0.0,0.0,0.0,0.0,0.0,0.0,0.0,0.0,0.0,8.339834774845347e-227,3.679579647509957e-161
probe_all,0.18,4.0,18.0,0.0,1.0,4.0,0.0,0.0,0.0,0.0,0.0,0.0,0.0,0.0,0.0,6.428440609002162e-260,9.702393807264856e-256
probe_all,0.18,4.0,18.0,0.1,1.0,2.5,0.0,0.0,0.0,0.0,0.0,0.0,0.0,0.0,0.0,8.405497420428283e-227,4.646609059199945e-161
probe_all,0.18,4.0,18.0,0.1,1.0,4.0,0.0,0.0,0.0,0.0,0.0,0.0,0.0,0.0,0.0,6.4865566424049836e-260,1.4093522382691077e-255
probe_all,0.18,4.0,18.0,0.25,1.0,2.5,0.0,0.0,0.0,0.0,0.0,0.0,0.0,0.0,0.0,8.504962009483939e-227,6.593910148724153e-161
probe_all,0.18,4.0,18.0,0.25,1.0,4.0,0.0,0.0,0.0,0.0,0.0,0.0,0.0,0.0,0.0,6.574717291590924e-260,2.467348676714664e-255
probe_all,0.18,4.0,30.0,0.0,1.0,2.5,0.0,0.0,0.0,0.0,0.0,0.0,0.0,0.0,0.0,3.684516692249183e-203,3.678593292145143e-161
probe_all,0.18,4.0,30.0,0.0,1.0,4.0,0.0,0.0,0.0,0.0,0.0,0.0,0.0,0.0,0.0,1.7504049609850522e-212,9.697142294968432e-256
probe_all,0.18,4.0,30.0,0.1,1.0,2.5,0.0,0.0,0.0,0.0,0.0,0.0,0.0,0.0,0.0,3.7104390633998244e-203,4.645364319264009e-161
probe_all,0.18,4.0,30.0,0.1,1.0,4.0,0.0,0.0,0.0,0.0,0.0,0.0,0.0,0.0,0.0,1.7632939593605308e-212,1.4085899220125748e-255
probe_all,0.18,4.0,30.0,0.25,1.0,2.5,0.0,0.0,0.0,0.0,0.0,0.0,0.0,0.0,0.0,3.749664976716723e-203,6.592145549549497e-161
probe_all,0.18,4.0,30.0,0.25,1.0,4.0,0.0,0.0,0.0,0.0,0.0,0.0,0.0,0.0,0.0,1.782805626375008e-212,2.46601542850288e-255
probe_all,0.18,8.0,8.0,0.0,1.0,2.5,0.0,0.0,0.0,0.0,0.0,0.0,0.0,0.0,0.0,3.547278745720686e-275,1.2856895179017309e-156
probe_all,0.18,8.0,8.0,0.0,1.0,4.0,0.0,0.0,0.0,0.0,0.0,0.0,0.0,0.0,0.0,0.0,2.2119617544609323e-248
probe_all,0.18,8.0,8.0,0.1,1.0,2.5,0.0,0.0,0.0,0.0,0.0,0.0,0.0,0.0,0.0,3.581400426895091e-275,1.6230344602885746e-156
probe_all,0.18,8.0,8.0,0.1,1.0,4.0,0.0,0.0,0.0,0.0,0.0,0.0,0.0,0.0,0.0,0.0,3.210891917433884e-248
probe_all,0.18,8.0,8.0,0.25,1.0,2.5,0.0,0.0,0.0,0.0,0.0,0.0,0.0,0.0,0.0,3.6331993472808444e-275,2.3020523601963948e-156
probe_all,0.18,8.0,8.0,0.25,1.0,4.0,0.0,0.0,0.0,0.0,0.0,0.0,0.0,0.0,0.0,0.0,5.615621096569508e-248
probe_all,0.18,8.0,18.0,0.0,1.0,2.5,0.0,0.0,0.0,0.0,0.0,0.0,0.0,0.0,0.0,1.4333336193146185e-226,8.104646170745189e-157
probe_all,0.18,8.0,18.0,0.0,1.0,4.0,0.0,0.0,0.0,0.0,0.0,0.0,0.0,0.0,0.0,1.1967447873884091e-259,8.621342825672704e-249
probe_all,0.18,8.0,18.0,0.1,1.0,2.5,0.0,0.0,0.0,0.0,0.0,0.0,0.0,0.0,0.0,1.4446187922212855e-226,1.0234626214458871e-156
probe_all,0.18,8.0,18.0,0.1,1.0,4.0,0.0,0.0,0.0,0.0,0.0,0.0,0.0,0.0,0.0,1.2075639057825531e-259,1.2523207210110567e-248
probe_all,0.18,8.0,18.0,0.25,1.0,2.5,0.0,0.0,0.0,0.0,0.0,0.0,0.0,0.0,0.0,1.4617133682259315e-226,1.4523753731831788e-156
probe_all,0.18,8.0,18.0,0.25,1.0,4.0,0.0,0.0,0.0,0.0,0.0,0.0,0.0,0.0,0.0,1.2239762526926739e-259,2.1924340770933542e-248
probe_all,0.18,8.0,30.0,0.0,1.0,2.5,0.0,0.0,0.0,0.0,0.0,0.0,0.0,0.0,0.0,4.2221553235581816e-203,8.102640912411849e-157
probe_all,0.18,8.0,30.0,0.0,1.0,4.0,0.0,0.0,0.0,0.0,0.0,0.0,0.0,0.0,0.0,2.0185499351441994e-212,8.616987779708261e-249
probe_all,0.18,8.0,30.0,0.1,1.0,2.5,0.0,0.0,0.0,0.0,0.0,0.0,0.0,0.0,0.0,4.2518602445816545e-203,1.0232095803224138e-156
probe_all,0.18,8.0,30.0,0.1,1.0,4.0,0.0,0.0,0.0,0.0,0.0,0.0,0.0,0.0,0.0,2.0334134024073724e-212,1.251688567146274e-248
probe_all,0.18,8.0,30.0,0.25,1.0,2.5,0.0,0.0,0.0,0.0,0.0,0.0,0.0,0.0,0.0,4.2968099388199166e-203,1.4520166810614072e-156
probe_all,0.18,8.0,30.0,0.25,1.0,4.0,0.0,0.0,0.0,0.0,0.0,0.0,0.0,0.0,0.0,2.055914066576231e-212,2.1913285549091266e-248
probe_all,0.18,12.0,8.0,0.0,1.0,2.5,0.0,0.0,0.0,0.0,0.0,0.0,0.0,0.0,0.0,1.8462632268585977e-274,2.725013994250078e-152
probe_all,0.18,12.0,8.0,0.0,1.0,4.0,0.0,0.0,0.0,0.0,0.0,0.0,0.0,0.0,0.0,0.0,1.8375821978925792e-241
probe_all,0.18,12.0,8.0,0.1,1.0,2.5,0.0,0.0,0.0,0.0,0.0,0.0,0.0,0.0,0.0,1.864022644628316e-274,3.440015303737225e-152
probe_all,0.18,12.0,8.0,0.1,1.0,4.0,0.0,0.0,0.0,0.0,0.0,0.0,0.0,0.0,0.0,0.0,2.6674411593846046e-241
probe_all,0.18,12.0,8.0,0.25,1.0,2.5,0.0,0.0,0.0,0.0,0.0,0.0,0.0,0.0,0.0,1.8909825901963272e-274,4.8791911341623555e-152
probe_all,0.18,12.0,8.0,0.25,1.0,4.0,0.0,0.0,0.0,0.0,0.0,0.0,0.0,0.0,0.0,0.0,4.6651644570052586e-241
probe_all,0.18,12.0,18.0,0.0,1.0,2.5,0.0,0.0,0.0,0.0,0.0,0.0,0.0,0.0,0.0,2.463412429289293e-226,1.785130255229701e-152
probe_all,0.18,12.0,18.0,0.0,1.0,4.0,0.0,0.0,0.0,0.0,0.0,0.0,0.0,0.0,0.0,2.2279090268572535e-259,7.660743688028362e-242
probe_all,0.18,12.0,18.0,0.1,1.0,2.5,0.0,0.0,0.0,0.0,0.0,0.0,0.0,0.0,0.0,2.4828077988183047e-226,2.254279893469759e-152
probe_all,0.18,12.0,18.0,0.1,1.0,4.0,0.0,0.0,0.0,0.0,0.0,0.0,0.0,0.0,0.0,2.248050340015217e-259,1.112785821520096e-241
probe_all,0.18,12.0,18.0,0.25,1.0,2.5,0.0,0.0,0.0,0.0,0.0,0.0,0.0,0.0,0.0,2.5121875541214783e-226,3.1990035912714425e-152
probe_all,0.18,12.0,18.0,0.25,1.0,4.0,0.0,0.0,0.0,0.0,0.0,0.0,0.0,0.0,0.0,2.278604236065824e-259,1.9481507529774724e-241
probe_all,0.18,12.0,30.0,0.0,1.0,2.5,0.0,0.0,0.0,0.0,0.0,0.0,0.0,0.0,0.0,4.8382453019550787e-203,1.7847254246799784e-152
probe_all,0.18,12.0,30.0,0.0,1.0,4.0,0.0,0.0,0.0,0.0,0.0,0.0,0.0,0.0,0.0,2.3277721050204548e-212,7.657150543636857e-242
probe_all,0.18,12.0,30.0,0.1,1.0,2.5,0.0,0.0,0.0,0.0,0.0,0.0,0.0,0.0,0.0,4.8722847163235777e-203,2.2537690766725184e-152
probe_all,0.18,12.0,30.0,0.1,1.0,4.0,0.0,0.0,0.0,0.0,0.0,0.0,0.0,0.0,0.0,2.3449125105545033e-212,1.1122642897275437e-241
probe_all,0.18,12.0,30.0,0.25,1.0,2.5,0.0,0.0,0.0,0.0,0.0,0.0,0.0,0.0,0.0,4.9237933962054255e-203,3.198279568060429e-152
probe_all,0.18,12.0,30.0,0.25,1.0,4.0,0.0,0.0,0.0,0.0,0.0,0.0,0.0,0.0,0.0,2.3708600571000682e-212,1.9472387642259683e-241
probe_all,0.18,20.0,8.0,0.0,1.0,2.5,0.0,0.0,0.0,0.0,0.0,0.0,0.0,0.0,0.0,5.001384289224946e-273,1.2241482173234227e-143
probe_all,0.18,20.0,8.0,0.0,1.0,4.0,0.0,0.0,0.0,0.0,0.0,0.0,0.0,0.0,0.0,0.0,1.2681922572851536e-227
probe_all,0.18,20.0,8.0,0.1,1.0,2.5,0.0,0.0,0.0,0.0,0.0,0.0,0.0,0.0,0.0,5.049493178427262e-273,1.54534567914911e-143
probe_all,0.18,20.0,8.0,0.1,1.0,4.0,0.0,0.0,0.0,0.0,0.0,0.0,0.0,0.0,0.0,0.0,1.8409126018824445e-227
probe_all,0.18,20.0,8.0,0.25,1.0,2.5,0.0,0.0,0.0,0.0,0.0,0.0,0.0,0.0,0.0,5.122525585854688e-273,2.1918614515258005e-143
probe_all,0.18,20.0,8.0,0.25,1.0,4.0,0.0,0.0,0.0,0.0,0.0,0.0,0.0,0.0,0.0,0.0,3.2196249235114877e-227
probe_all,0.18,20.0,18.0,0.0,1.0,2.5,0.0,0.0,0.0,0.0,0.0,0.0,0.0,0.0,0.0,7.276404102249747e-226,8.660473025208061e-144
probe_all,0.18,20.0,18.0,0.0,1.0,4.0,0.0,0.0,0.0,0.0,0.0,0.0,0.0,0.0,0.0,7.721279442173292e-259,6.048712824842261e-228
probe_all,0.18,20.0,18.0,0.1,1.0,2.5,0.0,0.0,0.0,0.0,0.0,0.0,0.0,0.0,0.0,7.333693959493126e-226,1.0936529786254518e-143
probe_all,0.18,20.0,18.0,0.1,1.0,4.0,0.0,0.0,0.0,0.0,0.0,0.0,0.0,0.0,0.0,7.791083327947001e-259,8.786251236221121e-228
probe_all,0.18,20.0,18.0,0.25,1.0,2.5,0.0,0.0,0.0,0.0,0.0,0.0,0.0,0.0,0.0,7.420475600061848e-226,1.5519811077419181e-143
probe_all,0.18,20.0,18.0,0.25,1.0,4.0,0.0,0.0,0.0,0.0,0.0,0.0,0.0,0.0,0.0,7.896974172954546e-259,1.5382063314134628e-227
probe_all,0.18,20.0,30.0,0.0,1.0,2.5,0.0,0.0,0.0,0.0,0.0,0.0,0.0,0.0,0.0,6.353239666719886e-203,8.65886655178909e-144
probe_all,0.18,20.0,30.0,0.0,1.0,4.0,0.0,0.0,0.0,0.0,0.0,0.0,0.0,0.0,0.0,3.0955825044406006e-212,6.046312683101903e-228
probe_all,0.18,20.0,30.0,0.1,1.0,2.5,0.0,0.0,0.0,0.0,0.0,0.0,0.0,0.0,0.0,6.397937805011981e-203,1.0934503091395994e-143
probe_all,0.18,20.0,30.0,0.1,1.0,4.0,0.0,0.0,0.0,0.0,0.0,0.0,0.0,0.0,0.0,3.1183766342335384e-212,8.782768006996519e-228
probe_all,0.18,20.0,30.0,0.25,1.0,2.5,0.0,0.0,0.0,0.0,0.0,0.0,0.0,0.0,0.0,6.465575340478297e-203,1.5516939240171723e-143
probe_all,0.18,20.0,30.0,0.25,1.0,4.0,0.0,0.0,0.0,0.0,0.0,0.0,0.0,0.0,0.0,3.1528829207150944e-212,1.5375973568850758e-227
probe_all,0.18,32.0,8.0,0.0,1.0,2.5,0.0,0.0,0.0,0.0,0.0,0.0,0.0,0.0,0.0,7.051558843151187e-271,1.1655526759071326e-130
probe_all,0.18,32.0,8.0,0.0,1.0,4.0,0.0,0.0,0.0,0.0,0.0,0.0,0.0,0.0,0.0,0.0,7.270973823097935e-207
probe_all,0.18,32.0,8.0,0.1,1.0,2.5,0.0,0.0,0.0,0.0,0.0,0.0,0.0,0.0,0.0,7.119388596569584e-271,1.4713755785815064e-130
probe_all,0.18,32.0,8.0,0.1,1.0,4.0,0.0,0.0,0.0,0.0,0.0,0.0,0.0,0.0,0.0,0.0,1.0554572669882411e-206
probe_all,0.18,32.0,8.0,0.25,1.0,2.5,0.0,0.0,0.0,0.0,0.0,0.0,0.0,0.0,0.0,7.222358552215862e-271,2.0869449825524057e-130
probe_all,0.18,32.0,8.0,0.25,1.0,4.0,0.0,0.0,0.0,0.0,0.0,0.0,0.0,0.0,0.0,0.0,1.845919528728207e-206
probe_all,0.18,32.0,18.0,0.0,1.0,2.5,0.0,0.0,0.0,0.0,0.0,0.0,0.0,0.0,0.0,3.693910192698077e-225,9.254419186254982e-131
probe_all,0.18,32.0,18.0,0.0,1.0,4.0,0.0,0.0,0.0,0.0,0.0,0.0,0.0,0.0,0.0,4.981693411360441e-258,4.2437619727245296e-207
probe_all,0.18,32.0,18.0,0.1,1.0,2.5,0.0,0.0,0.0,0.0,0.0,0.0,0.0,0.0,0.0,3.722993732401994e-225,1.1686570790113554e-130
probe_all,0.18,32.0,18.0,0.1,1.0,4.0,0.0,0.0,0.0,0.0,0.0,0.0,0.0,0.0,0.0,5.026730190620999e-258,6.164412158226645e-207
probe_all,0.18,32.0,18.0,0.25,1.0,2.5,0.0,0.0,0.0,0.0,0.0,0.0,0.0,0.0,0.0,3.7670489528283513e-225,1.6584179291808387e-130
probe_all,0.18,32.0,18.0,0.25,1.0,4.0,0.0,0.0,0.0,0.0,0.0,0.0,0.0,0.0,0.0,5.095049920381874e-258,1.079201761513085e-206
probe_all,0.18,32.0,30.0,0.0,1.0,2.5,0.0,0.0,0.0,0.0,0.0,0.0,0.0,0.0,0.0,9.559964323806358e-203,9.253275663104594e-131
probe_all,0.18,32.0,30.0,0.0,1.0,4.0,0.0,0.0,0.0,0.0,0.0,0.0,0.0,0.0,0.0,4.7472846100853e-212,4.242537879412059e-207
probe_all,0.18,32.0,30.0,0.1,1.0,2.5,0.0,0.0,0.0,0.0,0.0,0.0,0.0,0.0,0.0,9.627223333355673e-203,1.1685128848976773e-130
probe_all,0.18,32.0,30.0,0.1,1.0,4.0,0.0,0.0,0.0,0.0,0.0,0.0,0.0,0.0,0.0,4.782240945899666e-212,6.162636289040741e-207
probe_all,0.18,32.0,30.0,0.25,1.0,2.5,0.0,0.0,0.0,0.0,0.0,0.0,0.0,0.0,0.0,9.729000136991039e-203,1.6582137555553227e-130
probe_all,0.18,32.0,30.0,0.25,1.0,4.0,0.0,0.0,0.0,0.0,0.0,0.0,0.0,0.0,0.0,4.835158664141741e-212,1.0788914453762881e-206
probe_all,0.26,4.0,8.0,0.0,1.0,2.5,0.0,0.0,0.0,0.0,0.0,0.0,0.0,0.0,0.0,5.3776171435836885e-244,9.479312509096022e-161
probe_all,0.26,4.0,8.0,0.0,1.0,4.0,0.0,0.0,0.0,0.0,0.0,0.0,0.0,0.0,0.0,2.0977961510655867e-294,6.558771400290636e-255
probe_all,0.26,4.0,8.0,0.1,1.0,2.5,0.0,0.0,0.0,0.0,0.0,0.0,0.0,0.0,0.0,5.4232395932509605e-244,1.196293824588279e-160
probe_all,0.26,4.0,8.0,0.1,1.0,4.0,0.0,0.0,0.0,0.0,0.0,0.0,0.0,0.0,0.0,2.119325881962487e-294,9.515011809976103e-255
probe_all,0.26,4.0,8.0,0.25,1.0,2.5,0.0,0.0,0.0,0.0,0.0,0.0,0.0,0.0,0.0,5.492400011972912e-244,1.6960138344863283e-160
probe_all,0.26,4.0,8.0,0.25,1.0,4.0,0.0,0.0,0.0,0.0,0.0,0.0,0.0,0.0,0.0,2.1520354863097998e-294,1.662606935444255e-254
probe_all,0.26,4.0,18.0,0.0,1.0,2.5,0.0,0.0,0.0,0.0,0.0,0.0,0.0,0.0,0.0,1.886991271896415e-202,3.682758556203954e-161
probe_all,0.26,4.0,18.0,0.0,1.0,4.0,0.0,0.0,0.0,0.0,0.0,0.0,0.0,0.0,0.0,4.637116529270106e-211,9.719328588031556e-256
probe_all,0.26,4.0,18.0,0.1,1.0,2.5,0.0,0.0,0.0,0.0,0.0,0.0,0.0,0.0,0.0,1.9002197974672958e-202,4.650620709803455e-161
probe_all,0.26,4.0,18.0,0.1,1.0,4.0,0.0,0.0,0.0,0.0,0.0,0.0,0.0,0.0,0.0,4.671028721989428e-211,1.4118105108780664e-255
probe_all,0.26,4.0,18.0,0.25,1.0,2.5,0.0,0.0,0.0,0.0,0.0,0.0,0.0,0.0,0.0,1.9202366706633172e-202,6.599597241339079e-161
probe_all,0.26,4.0,18.0,0.25,1.0,4.0,0.0,0.0,0.0,0.0,0.0,0.0,0.0,0.0,0.0,4.722362590246099e-211,2.471648052180256e-255
probe_all,0.26,4.0,30.0,0.0,1.0,2.5,0.0,0.0,0.0,0.0,0.0,0.0,0.0,0.0,0.0,9.26111713841729e-195,3.678594464028589e-161
probe_all,0.26,4.0,30.0,0.0,1.0,4.0,0.0,0.0,0.0,0.0,0.0,0.0,0.0,0.0,0.0,1.244302118130621e-195,9.697148533410955e-256
probe_all,0.26,4.0,30.0,0.1,1.0,2.5,0.0,0.0,0.0,0.0,0.0,0.0,0.0,0.0,0.0,9.32352118874429e-195,4.645365798133033e-161
probe_all,0.26,4.0,30.0,0.1,1.0,4.0,0.0,0.0,0.0,0.0,0.0,0.0,0.0,0.0,0.0,1.2527247094841814e-195,1.4085908275929775e-255
probe_all,0.26,4.0,30.0,0.25,1.0,2.5,0.0,0.0,0.0,0.0,0.0,0.0,0.0,0.0,0.0,9.417916579499365e-195,6.592147646060413e-161
probe_all,0.26,4.0,30.0,0.25,1.0,4.0,0.0,0.0,0.0,0.0,0.0,0.0,0.0,0.0,0.0,1.2654656143477364e-195,2.466017012312392e-255
probe_all,0.26,8.0,8.0,0.0,1.0,2.5,0.0,0.0,0.0,0.0,0.0,0.0,0.0,0.0,0.0,1.3075997964668007e-243,1.9414270286213658e-156
probe_all,0.26,8.0,8.0,0.0,1.0,4.0,0.0,0.0,0.0,0.0,0.0,0.0,0.0,0.0,0.0,6.1399667050480056e-294,5.131527890463716e-248
probe_all,0.26,8.0,8.0,0.1,1.0,2.5,0.0,0.0,0.0,0.0,0.0,0.0,0.0,0.0,0.0,1.3186931681789206e-243,2.4500903024348074e-156
probe_all,0.26,8.0,8.0,0.1,1.0,4.0,0.0,0.0,0.0,0.0,0.0,0.0,0.0,0.0,0.0,6.202981326753963e-294,7.444465663008224e-248
probe_all,0.26,8.0,8.0,0.25,1.0,2.5,0.0,0.0,0.0,0.0,0.0,0.0,0.0,0.0,0.0,1.335509937954412e-243,3.4735505301971763e-156
probe_all,0.26,8.0,8.0,0.25,1.0,4.0,0.0,0.0,0.0,0.0,0.0,0.0,0.0,0.0,0.0,6.298717931821991e-294,1.3008097613727686e-247
probe_all,0.26,8.0,18.0,0.0,1.0,2.5,0.0,0.0,0.0,0.0,0.0,0.0,0.0,0.0,0.0,2.1389456588305256e-202,8.11110860483058e-157
probe_all,0.26,8.0,18.0,0.0,1.0,4.0,0.0,0.0,0.0,0.0,0.0,0.0,0.0,0.0,0.0,5.284702307956289e-211,8.635385663756334e-249
probe_all,0.26,8.0,18.0,0.1,1.0,2.5,0.0,0.0,0.0,0.0,0.0,0.0,0.0,0.0,0.0,2.153940480356185e-202,1.0242781078749883e-156
probe_all,0.26,8.0,18.0,0.1,1.0,4.0,0.0,0.0,0.0,0.0,0.0,0.0,0.0,0.0,0.0,5.32335042947759e-211,1.2543590984864616e-248
probe_all,0.26,8.0,18.0,0.25,1.0,2.5,0.0,0.0,0.0,0.0,0.0,0.0,0.0,0.0,0.0,2.1766300415977495e-202,1.45353134493341e-156
probe_all,0.26,8.0,18.0,0.25,1.0,4.0,0.0,0.0,0.0,0.0,0.0,0.0,0.0,0.0,0.0,5.3818532103199456e-211,2.195998824644259e-248
probe_all,0.26,8.0,30.0,0.0,1.0,2.5,0.0,0.0,0.0,0.0,0.0,0.0,0.0,0.0,0.0,9.374759415833163e-195,8.102643294872499e-157
probe_all,0.26,8.0,30.0,0.0,1.0,4.0,0.0,0.0,0.0,0.0,0.0,0.0,0.0,0.0,0.0,1.2596404556785697e-195,8.616992953301551e-249
probe_all,0.26,8.0,30.0,0.1,1.0,2.5,0.0,0.0,0.0,0.0,0.0,0.0,0.0,0.0,0.0,9.437929220257982e-195,1.0232098809622995e-156
probe_all,0.26,8.0,30.0,0.1,1.0,4.0,0.0,0.0,0.0,0.0,0.0,0.0,0.0,0.0,0.0,1.2681668711334692e-195,1.2516893181159134e-248
probe_all,0.26,8.0,30.0,0.25,1.0,2.5,0.0,0.0,0.0,0.0,0.0,0.0,0.0,0.0,0.0,9.533482927771464e-195,1.4520171072259253e-156
probe_all,0.26,8.0,30.0,0.25,1.0,4.0,0.0,0.0,0.0,0.0,0.0,0.0,0.0,0.0,0.0,1.2810648313428412e-195,2.1913298682188076e-248
probe_all,0.26,12.0,8.0,0.0,1.0,2.5,0.0,0.0,0.0,0.0,0.0,0.0,0.0,0.0,0.0,3.1795071721684205e-243,3.97617327611582e-152
probe_all,0.26,12.0,8.0,0.0,1.0,4.0,0.0,0.0,0.0,0.0,0.0,0.0,0.0,0.0,0.0,1.7970855328314085e-293,4.014864504874056e-241
probe_all,0.26,12.0,8.0,0.1,1.0,2.5,0.0,0.0,0.0,0.0,0.0,0.0,0.0,0.0,0.0,3.206481369485918e-243,5.017949910550964e-152
probe_all,0.26,12.0,8.0,0.1,1.0,4.0,0.0,0.0,0.0,0.0,0.0,0.0,0.0,0.0,0.0,1.815529063629632e-293,5.824487674267425e-241
probe_all,0.26,12.0,8.0,0.25,1.0,2.5,0.0,0.0,0.0,0.0,0.0,0.0,0.0,0.0,0.0,3.2473723517714427e-243,7.114065369335899e-152
probe_all,0.26,12.0,8.0,0.25,1.0,4.0,0.0,0.0,0.0,0.0,0.0,0.0,0.0,0.0,0.0,1.8435498781054985e-293,1.0177426782059793e-240
probe_all,0.26,12.0,18.0,0.0,1.0,2.5,0.0,0.0,0.0,0.0,0.0,0.0,0.0,0.0,0.0,2.424541437773453e-202,1.7864348638475653e-152
probe_all,0.26,12.0,18.0,0.0,1.0,4.0,0.0,0.0,0.0,0.0,0.0,0.0,0.0,0.0,0.0,6.0227251800627235e-211,7.672328894574336e-242
probe_all,0.26,12.0,18.0,0.1,1.0,2.5,0.0,0.0,0.0,0.0,0.0,0.0,0.0,0.0,0.0,2.4415383941902216e-202,2.255926053183351e-152
probe_all,0.26,12.0,18.0,0.1,1.0,4.0,0.0,0.0,0.0,0.0,0.0,0.0,0.0,0.0,0.0,6.066770615563986e-211,1.1144673706794915e-241
probe_all,0.26,12.0,18.0,0.25,1.0,2.5,0.0,0.0,0.0,0.0,0.0,0.0,0.0,0.0,0.0,2.467257505476644e-202,3.2013368292687556e-152
probe_all,0.26,12.0,18.0,0.25,1.0,4.0,0.0,0.0,0.0,0.0,0.0,0.0,0.0,0.0,0.0,6.1334434668904405e-211,1.9510912298317067e-241
probe_all,0.26,12.0,30.0,0.0,1.0,2.5,0.0,0.0,0.0,0.0,0.0,0.0,0.0,0.0,0.0,9.489796186701416e-195,1.7847259056667806e-152
probe_all,0.26,12.0,30.0,0.0,1.0,4.0,0.0,0.0,0.0,0.0,0.0,0.0,0.0,0.0,0.0,1.2751678667604348e-195,7.657154812203214e-242
probe_all,0.26,12.0,30.0,0.1,1.0,2.5,0.0,0.0,0.0,0.0,0.0,0.0,0.0,0.0,0.0,9.553741141718916e-195,2.2537696835837e-152
probe_all,0.26,12.0,30.0,0.1,1.0,4.0,0.0,0.0,0.0,0.0,0.0,0.0,0.0,0.0,0.0,1.2837993861417968e-195,1.1122649092944226e-241
probe_all,0.26,12.0,30.0,0.25,1.0,2.5,0.0,0.0,0.0,0.0,0.0,0.0,0.0,0.0,0.0,9.650467379584296e-195,3.1982804282861204e-152
probe_all,0.26,12.0,30.0,0.25,1.0,4.0,0.0,0.0,0.0,0.0,0.0,0.0,0.0,0.0,0.0,1.2968563376961879e-195,1.9472398476463143e-241
probe_all,0.26,20.0,8.0,0.0,1.0,2.5,0.0,0.0,0.0,0.0,0.0,0.0,0.0,0.0,0.0,1.879878315608831e-242,1.6678376102198264e-143
probe_all,0.26,20.0,8.0,0.0,1.0,4.0,0.0,0.0,0.0,0.0,0.0,0.0,0.0,0.0,0.0,1.5394805690111964e-292,2.4576458011302733e-227
probe_all,0.26,20.0,8.0,0.1,1.0,2.5,0.0,0.0,0.0,0.0,0.0,0.0,0.0,0.0,0.0,1.8958267648093825e-242,2.104819132830048e-143
probe_all,0.26,20.0,8.0,0.1,1.0,4.0,0.0,0.0,0.0,0.0,0.0,0.0,0.0,0.0,0.0,1.5552802940488186e-292,3.5653825076837556e-227
probe_all,0.26,20.0,8.0,0.25,1.0,2.5,0.0,0.0,0.0,0.0,0.0,0.0,0.0,0.0,0.0,1.9200034899243245e-242,2.984051488855486e-143
probe_all,0.26,20.0,8.0,0.25,1.0,4.0,0.0,0.0,0.0,0.0,0.0,0.0,0.0,0.0,0.0,1.5792844377722942e-292,6.229976171518311e-227
probe_all,0.26,20.0,18.0,0.0,1.0,2.5,0.0,0.0,0.0,0.0,0.0,0.0,0.0,0.0,0.0,3.1152243632652344e-202,8.665649604951537e-144
probe_all,0.26,20.0,18.0,0.0,1.0,4.0,0.0,0.0,0.0,0.0,0.0,0.0,0.0,0.0,0.0,7.822365119702738e-211,6.056450312730434e-228
probe_all,0.26,20.0,18.0,0.1,1.0,2.5,0.0,0.0,0.0,0.0,0.0,0.0,0.0,0.0,0.0,3.137063269338747e-202,1.0943060453636717e-143
probe_all,0.26,20.0,18.0,0.1,1.0,4.0,0.0,0.0,0.0,0.0,0.0,0.0,0.0,0.0,0.0,7.87957169447519e-211,8.797480332800758e-228
probe_all,0.26,20.0,18.0,0.25,1.0,2.5,0.0,0.0,0.0,0.0,0.0,0.0,0.0,0.0,0.0,3.170109024231916e-202,1.5529065062087126e-143
probe_all,0.26,20.0,18.0,0.25,1.0,4.0,0.0,0.0,0.0,0.0,0.0,0.0,0.0,0.0,0.0,7.966166943478692e-211,1.540169517163985e-227
probe_all,0.26,20.0,30.0,0.0,1.0,2.5,0.0,0.0,0.0,0.0,0.0,0.0,0.0,0.0,0.0,9.724121865553166e-195,8.658868460509748e-144
probe_all,0.26,20.0,30.0,0.0,1.0,4.0,0.0,0.0,0.0,0.0,0.0,0.0,0.0,0.0,0.0,1.3067992609874911e-195,6.046315534514125e-228
probe_all,0.26,20.0,30.0,0.1,1.0,2.5,0.0,0.0,0.0,0.0,0.0,0.0,0.0,0.0,0.0,9.789645773869433e-195,1.0934505499400494e-143
probe_all,0.26,20.0,30.0,0.1,1.0,4.0,0.0,0.0,0.0,0.0,0.0,0.0,0.0,0.0,0.0,1.3156448909965184e-195,8.782772145136738e-228
probe_all,0.26,20.0,30.0,0.25,1.0,2.5,0.0,0.0,0.0,0.0,0.0,0.0,0.0,0.0,0.0,9.8887604130139e-195,1.5516942652326156e-143
probe_all,0.26,20.0,30.0,0.25,1.0,4.0,0.0,0.0,0.0,0.0,0.0,0.0,0.0,0.0,0.0,1.3290257289918918e-195,1.5375980803581494e-227
probe_all,0.26,32.0,8.0,0.0,1.0,2.5,0.0,0.0,0.0,0.0,0.0,0.0,0.0,0.0,0.0,2.702617797162086e-241,1.4328029089195756e-130
probe_all,0.26,32.0,8.0,0.0,1.0,4.0,0.0,0.0,0.0,0.0,0.0,0.0,0.0,0.0,0.0,3.859956472426469e-291,1.1770418114724038e-206
probe_all,0.26,32.0,8.0,0.1,1.0,2.5,0.0,0.0,0.0,0.0,0.0,0.0,0.0,0.0,0.0,2.7255461762431463e-241,1.808204202728591e-130
probe_all,0.26,32.0,8.0,0.1,1.0,4.0,0.0,0.0,0.0,0.0,0.0,0.0,0.0,0.0,0.0,3.8995712958605174e-291,1.7075708320157804e-206
probe_all,0.26,32.0,8.0,0.25,1.0,2.5,0.0,0.0,0.0,0.0,0.0,0.0,0.0,0.0,0.0,2.7603039831874627e-241,2.5635335403152088e-130
probe_all,0.26,32.0,8.0,0.25,1.0,4.0,0.0,0.0,0.0,0.0,0.0,0.0,0.0,0.0,0.0,3.959757148021027e-291,2.983726310350091e-206
probe_all,0.26,32.0,18.0,0.0,1.0,2.5,0.0,0.0,0.0,0.0,0.0,0.0,0.0,0.0,0.0,4.53710583689504e-202,9.258103513874137e-131
probe_all,0.26,32.0,18.0,0.0,1.0,4.0,0.0,0.0,0.0,0.0,0.0,0.0,0.0,0.0,0.0,1.1578589010362877e-210,4.2477072615905326e-207
probe_all,0.26,32.0,18.0,0.1,1.0,2.5,0.0,0.0,0.0,0.0,0.0,0.0,0.0,0.0,0.0,4.5689126721862485e-202,1.1691216591594208e-130
probe_all,0.26,32.0,18.0,0.1,1.0,4.0,0.0,0.0,0.0,0.0,0.0,0.0,0.0,0.0,0.0,1.1663265627708755e-210,6.170135832665741e-207
probe_all,0.26,32.0,18.0,0.25,1.0,2.5,0.0,0.0,0.0,0.0,0.0,0.0,0.0,0.0,0.0,4.617041496927863e-202,1.6590757574174145e-130
probe_all,0.26,32.0,18.0,0.25,1.0,4.0,0.0,0.0,0.0,0.0,0.0,0.0,0.0,0.0,0.0,1.1791443075720755e-210,1.0802019176788102e-206
probe_all,0.26,32.0,30.0,0.0,1.0,2.5,0.0,0.0,0.0,0.0,0.0,0.0,0.0,0.0,0.0,1.0086503755650793e-194,9.253277021814891e-131
probe_all,0.26,32.0,30.0,0.0,1.0,4.0,0.0,0.0,0.0,0.0,0.0,0.0,0.0,0.0,0.0,1.3557236120981814e-195,4.242539333735408e-207
probe_all,0.26,32.0,30.0,0.1,1.0,2.5,0.0,0.0,0.0,0.0,0.0,0.0,0.0,0.0,0.0,1.0154469496563413e-194,1.1685130562262248e-130
probe_all,0.26,32.0,30.0,0.1,1.0,4.0,0.0,0.0,0.0,0.0,0.0,0.0,0.0,0.0,0.0,1.3649004075136156e-195,6.1626383989191844e-207
probe_all,0.26,32.0,30.0,0.25,1.0,2.5,0.0,0.0,0.0,0.0,0.0,0.0,0.0,0.0,0.0,1.0257277770029427e-194,1.6582139981502425e-130
probe_all,0.26,32.0,30.0,0.25,1.0,4.0,0.0,0.0,0.0,0.0,0.0,0.0,0.0,0.0,0.0,1.3787822014214878e-195,1.0788918140574204e-206
probe_all,0.34,4.0,8.0,0.0,1.0,2.5,0.0,0.0,0.0,0.0,0.0,0.0,0.0,0.0,0.0,1.0017999313473988e-222,2.1990497242333242e-160
probe_all,0.34,4.0,8.0,0.0,1.0,4.0,0.0,0.0,0.0,0.0,0.0,0.0,0.0,0.0,0.0,9.824624525308172e-252,3.587895023598841e-254
probe_all,0.34,4.0,8.0,0.1,1.0,2.5,0.0,0.0,0.0,0.0,0.0,0.0,0.0,0.0,0.0,1.0095425130453983e-222,2.7736387344425095e-160
probe_all,0.34,4.0,8.0,0.1,1.0,4.0,0.0,0.0,0.0,0.0,0.0,0.0,0.0,0.0,0.0,9.910597191357087e-252,5.1991723444153576e-254
probe_all,0.34,4.0,8.0,0.25,1.0,2.5,0.0,0.0,0.0,0.0,0.0,0.0,0.0,0.0,0.0,1.0212687297234101e-222,3.928910717948472e-160
probe_all,0.34,4.0,8.0,0.25,1.0,4.0,0.0,0.0,0.0,0.0,0.0,0.0,0.0,0.0,0.0,1.0040968852704344e-251,9.069345420272107e-254
probe_all,0.34,4.0,18.0,0.0,1.0,2.5,0.0,0.0,0.0,0.0,0.0,0.0,0.0,0.0,0.0,5.724731911873937e-196,3.696205764984394e-161
probe_all,0.34,4.0,18.0,0.0,1.0,4.0,0.0,0.0,0.0,0.0,0.0,0.0,0.0,0.0,0.0,4.674635677001359e-198,9.791129896806763e-256
probe_all,0.34,4.0,18.0,0.1,1.0,2.5,0.0,0.0,0.0,0.0,0.0,0.0,0.0,0.0,0.0,5.763551556678532e-196,4.667590502413339e-161
probe_all,0.34,4.0,18.0,0.1,1.0,4.0,0.0,0.0,0.0,0.0,0.0,0.0,0.0,0.0,0.0,4.706677708300736e-198,1.4222332412590166e-255
probe_all,0.34,4.0,18.0,0.25,1.0,2.5,0.0,0.0,0.0,0.0,0.0,0.0,0.0,0.0,0.0,5.822275151777555e-196,6.623654312064278e-161
probe_all,0.34,4.0,18.0,0.25,1.0,4.0,0.0,0.0,0.0,0.0,0.0,0.0,0.0,0.0,0.0,4.7551530321654185e-198,2.489876716795282e-255
probe_all,0.34,4.0,30.0,0.0,1.0,2.5,0.0,0.0,0.0,0.0,0.0,0.0,0.0,0.0,0.0,5.679418490392621e-194,3.6786073819333244e-161
probe_all,0.34,4.0,30.0,0.0,1.0,4.0,0.0,0.0,0.0,0.0,0.0,0.0,0.0,0.0,0.0,4.7315224178965924e-194,9.697217301127591e-256
probe_all,0.34,4.0,30.0,0.1,1.0,2.5,0.0,0.0,0.0,0.0,0.0,0.0,0.0,0.0,0.0,5.717529837371892e-194,4.645382099999251e-161
probe_all,0.34,4.0,30.0,0.1,1.0,4.0,0.0,0.0,0.0,0.0,0.0,0.0,0.0,0.0,0.0,4.7632861621769523e-194,1.4086008100047224e-255
probe_all,0.34,4.0,30.0,0.25,1.0,2.5,0.0,0.0,0.0,0.0,0.0,0.0,0.0,0.0,0.0,5.775176912885442e-194,6.592170756320827e-161
probe_all,0.34,4.0,30.0,0.25,1.0,4.0,0.0,0.0,0.0,0.0,0.0,0.0,0.0,0.0,0.0,4.811332044866669e-194,2.4660344709932017e-255
probe_all,0.34,8.0,8.0,0.0,1.0,2.5,0.0,0.0,0.0,0.0,0.0,0.0,0.0,0.0,0.0,1.5959504069355467e-222,4.222644150355596e-156
probe_all,0.34,8.0,8.0,0.0,1.0,4.0,0.0,0.0,0.0,0.0,0.0,0.0,0.0,0.0,0.0,1.6641128414213768e-251,2.507885725212038e-247
probe_all,0.34,8.0,8.0,0.1,1.0,2.5,0.0,0.0,0.0,0.0,0.0,0.0,0.0,0.0,0.0,1.6082849819589595e-222,5.325977511162157e-156
probe_all,0.34,8.0,8.0,0.1,1.0,4.0,0.0,0.0,0.0,0.0,0.0,0.0,0.0,0.0,0.0,1.6786750485789824e-251,3.634144817424944e-247
probe_all,0.34,8.0,8.0,0.25,1.0,2.5,0.0,0.0,0.0,0.0,0.0,0.0,0.0,0.0,0.0,1.6269658180156328e-222,7.544345940698813e-156
probe_all,0.34,8.0,8.0,0.25,1.0,4.0,0.0,0.0,0.0,0.0,0.0,0.0,0.0,0.0,0.0,1.7007576386307996e-251,6.339338739544086e-247
probe_all,0.34,8.0,18.0,0.0,1.0,2.5,0.0,0.0,0.0,0.0,0.0,0.0,0.0,0.0,0.0,5.895528751120718e-196,8.138440837789134e-157
probe_all,0.34,8.0,18.0,0.0,1.0,4.0,0.0,0.0,0.0,0.0,0.0,0.0,0.0,0.0,0.0,4.81563001409525e-198,8.694907445899802e-249
probe_all,0.34,8.0,18.0,0.1,1.0,2.5,0.0,0.0,0.0,0.0,0.0,0.0,0.0,0.0,0.0,5.935506576384309e-196,1.0277271227371138e-156
probe_all,0.34,8.0,18.0,0.1,1.0,4.0,0.0,0.0,0.0,0.0,0.0,0.0,0.0,0.0,0.0,4.8486384832679404e-198,1.2629989112147606e-248
probe_all,0.34,8.0,18.0,0.25,1.0,2.5,0.0,0.0,0.0,0.0,0.0,0.0,0.0,0.0,0.0,5.995982184431102e-196,1.4584203958388024e-156
probe_all,0.34,8.0,18.0,0.25,1.0,4.0,0.0,0.0,0.0,0.0,0.0,0.0,0.0,0.0,0.0,4.8985758988603984e-198,2.211108200218694e-248
probe_all,0.34,8.0,30.0,0.0,1.0,2.5,0.0,0.0,0.0,0.0,0.0,0.0,0.0,0.0,0.0,5.685697192068768e-194,8.102669557210585e-157
probe_all,0.34,8.0,30.0,0.0,1.0,4.0,0.0,0.0,0.0,0.0,0.0,0.0,0.0,0.0,0.0,4.7367553697458986e-194,8.617049982947596e-249
probe_all,0.34,8.0,30.0,0.1,1.0,2.5,0.0,0.0,0.0,0.0,0.0,0.0,0.0,0.0,0.0,5.7238506718436e-194,1.0232131949752373e-156
probe_all,0.34,8.0,30.0,0.1,1.0,4.0,0.0,0.0,0.0,0.0,0.0,0.0,0.0,0.0,0.0,4.7685542439759224e-194,1.2516975962186352e-248
probe_all,0.34,8.0,30.0,0.25,1.0,2.5,0.0,0.0,0.0,0.0,0.0,0.0,0.0,0.0,0.0,5.781561477260178e-194,1.4520218049228822e-156
probe_all,0.34,8.0,30.0,0.25,1.0,4.0,0.0,0.0,0.0,0.0,0.0,0.0,0.0,0.0,0.0,4.8166532642751584e-194,2.1913443451194207e-248
probe_all,0.34,12.0,8.0,0.0,1.0,2.5,0.0,0.0,0.0,0.0,0.0,0.0,0.0,0.0,0.0,2.542481409408909e-222,8.10837673384118e-152
probe_all,0.34,12.0,8.0,0.0,1.0,4.0,0.0,0.0,0.0,0.0,0.0,0.0,0.0,0.0,0.0,2.8187047167552325e-251,1.7529751482010593e-240
probe_all,0.34,12.0,8.0,0.1,1.0,2.5,0.0,0.0,0.0,0.0,0.0,0.0,0.0,0.0,0.0,2.562131410783452e-222,1.0227011938202143e-151
probe_all,0.34,12.0,8.0,0.1,1.0,4.0,0.0,0.0,0.0,0.0,0.0,0.0,0.0,0.0,0.0,2.8433704491381705e-251,2.5402136492367414e-240
probe_all,0.34,12.0,8.0,0.25,1.0,2.5,0.0,0.0,0.0,0.0,0.0,0.0,0.0,0.0,0.0,2.5918915325139928e-222,1.4486752120104642e-151
probe_all,0.34,12.0,8.0,0.25,1.0,4.0,0.0,0.0,0.0,0.0,0.0,0.0,0.0,0.0,0.0,2.8807743433861494e-251,4.431104318164039e-240
probe_all,0.34,12.0,18.0,0.0,1.0,2.5,0.0,0.0,0.0,0.0,0.0,0.0,0.0,0.0,0.0,6.071421298034476e-196,1.7919516250328014e-152
probe_all,0.34,12.0,18.0,0.0,1.0,4.0,0.0,0.0,0.0,0.0,0.0,0.0,0.0,0.0,0.0,4.960876961331367e-198,7.721418905638269e-242
probe_all,0.34,12.0,18.0,0.1,1.0,2.5,0.0,0.0,0.0,0.0,0.0,0.0,0.0,0.0,0.0,6.11259185796234e-196,2.262887111162376e-152
probe_all,0.34,12.0,18.0,0.1,1.0,4.0,0.0,0.0,0.0,0.0,0.0,0.0,0.0,0.0,0.0,4.994881017658019e-198,1.1215925795107749e-241
probe_all,0.34,12.0,18.0,0.25,1.0,2.5,0.0,0.0,0.0,0.0,0.0,0.0,0.0,0.0,0.0,6.174871750098748e-196,3.211203288680878e-152
probe_all,0.34,12.0,18.0,0.25,1.0,4.0,0.0,0.0,0.0,0.0,0.0,0.0,0.0,0.0,0.0,5.046324623955835e-198,1.9635508216515153e-241
probe_all,0.34,12.0,30.0,0.0,1.0,2.5,0.0,0.0,0.0,0.0,0.0,0.0,0.0,0.0,0.0,5.69198283496486e-194,1.7847312076790937e-152
probe_all,0.34,12.0,30.0,0.0,1.0,4.0,0.0,0.0,0.0,0.0,0.0,0.0,0.0,0.0,0.0,4.7419941091164115e-194,7.657201865526366e-242
probe_all,0.34,12.0,30.0,0.1,1.0,2.5,0.0,0.0,0.0,0.0,0.0,0.0,0.0,0.0,0.0,5.730178494113832e-194,2.253776373684442e-152
probe_all,0.34,12.0,30.0,0.1,1.0,4.0,0.0,0.0,0.0,0.0,0.0,0.0,0.0,0.0,0.0,4.7738281521489946e-194,1.1122717389139202e-241
probe_all,0.34,12.0,30.0,0.25,1.0,2.5,0.0,0.0,0.0,0.0,0.0,0.0,0.0,0.0,0.0,5.787953099888015e-194,3.1982899107248406e-152
probe_all,0.34,12.0,30.0,0.25,1.0,4.0,0.0,0.0,0.0,0.0,0.0,0.0,0.0,0.0,0.0,4.821980368826692e-194,1.9472517904229873e-241
probe_all,0.34,20.0,8.0,0.0,1.0,2.5,0.0,0.0,0.0,0.0,0.0,0.0,0.0,0.0,0.0,6.452597484704679e-222,2.9897356359604285e-143
probe_all,0.34,20.0,8.0,0.0,1.0,4.0,0.0,0.0,0.0,0.0,0.0,0.0,0.0,0.0,0.0,8.08692104191023e-251,8.564692807340212e-227
probe_all,0.34,20.0,8.0,0.1,1.0,2.5,0.0,0.0,0.0,0.0,0.0,0.0,0.0,0.0,0.0,6.502467485316914e-222,3.770922719145894e-143
probe_all,0.34,20.0,8.0,0.1,1.0,4.0,0.0,0.0,0.0,0.0,0.0,0.0,0.0,0.0,0.0,8.157687528742283e-251,1.2410985742183505e-226
probe_all,0.34,20.0,8.0,0.25,1.0,2.5,0.0,0.0,0.0,0.0,0.0,0.0,0.0,0.0,0.0,6.577996095245918e-222,5.341581981759272e-143
probe_all,0.34,20.0,8.0,0.25,1.0,4.0,0.0,0.0,0.0,0.0,0.0,0.0,0.0,0.0,0.0,8.265000060503884e-251,2.1649506737902065e-226
probe_all,0.34,20.0,18.0,0.0,1.0,2.5,0.0,0.0,0.0,0.0,0.0,0.0,0.0,0.0,0.0,6.43910617050329e-196,8.687532108947015e-144
probe_all,0.34,20.0,18.0,0.0,1.0,4.0,0.0,0.0,0.0,0.0,0.0,0.0,0.0,0.0,0.0,5.2646456164590585e-198,6.089216519923037e-228
probe_all,0.34,20.0,18.0,0.1,1.0,2.5,0.0,0.0,0.0,0.0,0.0,0.0,0.0,0.0,0.0,6.48277001681888e-196,1.097066693236523e-143
probe_all,0.34,20.0,18.0,0.1,1.0,4.0,0.0,0.0,0.0,0.0,0.0,0.0,0.0,0.0,0.0,5.300731838205203e-198,8.845032431530216e-228
probe_all,0.34,20.0,18.0,0.25,1.0,2.5,0.0,0.0,0.0,0.0,0.0,0.0,0.0,0.0,0.0,6.548821575106171e-196,1.556818347608057e-143
probe_all,0.34,20.0,18.0,0.25,1.0,4.0,0.0,0.0,0.0,0.0,0.0,0.0,0.0,0.0,0.0,5.3553254833412756e-198,1.5484830245614697e-227
probe_all,0.34,20.0,30.0,0.0,1.0,2.5,0.0,0.0,0.0,0.0,0.0,0.0,0.0,0.0,0.0,5.704574975121242e-194,8.658889500704562e-144
probe_all,0.34,20.0,30.0,0.0,1.0,4.0,0.0,0.0,0.0,0.0,0.0,0.0,0.0,0.0,0.0,4.752488976030505e-194,6.046346966217067e-228
probe_all,0.34,20.0,30.0,0.1,1.0,2.5,0.0,0.0,0.0,0.0,0.0,0.0,0.0,0.0,0.0,5.742855132960269e-194,1.093453204329371e-143
probe_all,0.34,20.0,30.0,0.1,1.0,4.0,0.0,0.0,0.0,0.0,0.0,0.0,0.0,0.0,0.0,4.784393473398811e-194,8.782817760712256e-228
probe_all,0.34,20.0,30.0,0.25,1.0,2.5,0.0,0.0,0.0,0.0,0.0,0.0,0.0,0.0,0.0,5.800757551125053e-194,1.551698026516728e-143
probe_all,0.34,20.0,30.0,0.25,1.0,4.0,0.0,0.0,0.0,0.0,0.0,0.0,0.0,0.0,0.0,4.832652259400303e-194,1.5376060553518448e-227
probe_all,0.34,32.0,8.0,0.0,1.0,2.5,0.0,0.0,0.0,0.0,0.0,0.0,0.0,0.0,0.0,2.6088538916171115e-221,2.116806165676779e-130
probe_all,0.34,32.0,8.0,0.0,1.0,4.0,0.0,0.0,0.0,0.0,0.0,0.0,0.0,0.0,0.0,3.929919312576873e-250,2.924932430001168e-206
probe_all,0.34,32.0,8.0,0.1,1.0,2.5,0.0,0.0,0.0,0.0,0.0,0.0,0.0,0.0,0.0,2.6290168640449715e-221,2.6699057823600572e-130
probe_all,0.34,32.0,8.0,0.1,1.0,4.0,0.0,0.0,0.0,0.0,0.0,0.0,0.0,0.0,0.0,3.964308987193854e-250,4.238481811569853e-206
probe_all,0.34,32.0,8.0,0.25,1.0,2.5,0.0,0.0,0.0,0.0,0.0,0.0,0.0,0.0,0.0,2.659553885517144e-221,3.781971067091923e-130
probe_all,0.34,32.0,8.0,0.25,1.0,4.0,0.0,0.0,0.0,0.0,0.0,0.0,0.0,0.0,0.0,4.0164585740224913e-250,7.393533635782995e-206
probe_all,0.34,32.0,18.0,0.0,1.0,2.5,0.0,0.0,0.0,0.0,0.0,0.0,0.0,0.0,0.0,7.032802319407587e-196,9.27366993853926e-131
probe_all,0.34,32.0,18.0,0.0,1.0,4.0,0.0,0.0,0.0,0.0,0.0,0.0,0.0,0.0,0.0,5.755528017264109e-198,4.2643993690801866e-207
probe_all,0.34,32.0,18.0,0.1,1.0,2.5,0.0,0.0,0.0,0.0,0.0,0.0,0.0,0.0,0.0,7.080492043961164e-196,1.171084525047462e-130
probe_all,0.34,32.0,18.0,0.1,1.0,4.0,0.0,0.0,0.0,0.0,0.0,0.0,0.0,0.0,0.0,5.794978965234435e-198,6.194352031513568e-207
probe_all,0.34,32.0,18.0,0.25,1.0,2.5,0.0,0.0,0.0,0.0,0.0,0.0,0.0,0.0,0.0,7.152633664245558e-196,1.661855096352551e-130
probe_all,0.34,32.0,18.0,0.25,1.0,4.0,0.0,0.0,0.0,0.0,0.0,0.0,0.0,0.0,0.0,5.8546629928094154e-198,1.0844334425235335e-206
probe_all,0.34,32.0,30.0,0.0,1.0,2.5,0.0,0.0,0.0,0.0,0.0,0.0,0.0,0.0,0.0,5.723515436624411e-194,9.253291999140494e-131
probe_all,0.34,32.0,30.0,0.0,1.0,4.0,0.0,0.0,0.0,0.0,0.0,0.0,0.0,0.0,0.0,4.768274843060578e-194,4.242555365030057e-207
probe_all,0.34,32.0,30.0,0.1,1.0,2.5,0.0,0.0,0.0,0.0,0.0,0.0,0.0,0.0,0.0,5.761922693127063e-194,1.1685149448126184e-130
probe_all,0.34,32.0,30.0,0.1,1.0,4.0,0.0,0.0,0.0,0.0,0.0,0.0,0.0,0.0,0.0,4.8002853144049755e-194,6.16266165653143e-207
probe_all,0.34,32.0,30.0,0.25,1.0,2.5,0.0,0.0,0.0,0.0,0.0,0.0,0.0,0.0,0.0,5.820017360237119e-194,1.6582166723205113e-130
probe_all,0.34,32.0,30.0,0.25,1.0,4.0,0.0,0.0,0.0,0.0,0.0,0.0,0.0,0.0,0.0,4.848704396786469e-194,1.0788958781035787e-206
probe_all,0.42,4.0,8.0,0.0,1.0,2.5,0.0,0.0,0.0,0.0,0.0,0.0,0.0,0.0,0.0,7.254598028242057e-210,1.0652361793252047e-159
probe_all,0.42,4.0,8.0,0.0,1.0,4.0,0.0,0.0,0.0,0.0,0.0,0.0,0.0,0.0,0.0,6.1749794691370125e-226,8.681058298552298e-253
probe_all,0.42,4.0,8.0,0.1,1.0,2.5,0.0,0.0,0.0,0.0,0.0,0.0,0.0,0.0,0.0,7.307360092235543e-210,1.342144706647961e-159
probe_all,0.42,4.0,8.0,0.1,1.0,4.0,0.0,0.0,0.0,0.0,0.0,0.0,0.0,0.0,0.0,6.223382049559893e-226,1.2552907828298178e-252
probe_all,0.42,4.0,8.0,0.25,1.0,2.5,0.0,0.0,0.0,0.0,0.0,0.0,0.0,0.0,0.0,7.387223560694782e-210,1.8981454789151153e-159
probe_all,0.42,4.0,8.0,0.25,1.0,4.0,0.0,0.0,0.0,0.0,0.0,0.0,0.0,0.0,0.0,6.2966982305031794e-226,2.182739163232762e-252
probe_all,0.42,4.0,18.0,0.0,1.0,2.5,0.0,0.0,0.0,0.0,0.0,0.0,0.0,0.0,0.0,2.1809530203032912e-194,3.75350030215065e-161
probe_all,0.42,4.0,18.0,0.0,1.0,4.0,0.0,0.0,0.0,0.0,0.0,0.0,0.0,0.0,0.0,6.936750252180695e-195,1.0100044015625061e-255
probe_all,0.42,4.0,18.0,0.1,1.0,2.5,0.0,0.0,0.0,0.0,0.0,0.0,0.0,0.0,0.0,2.1956202135012683e-194,4.739893252067412e-161
probe_all,0.42,4.0,18.0,0.1,1.0,4.0,0.0,0.0,0.0,0.0,0.0,0.0,0.0,0.0,0.0,6.983522102862487e-195,1.467074863058553e-255
probe_all,0.42,4.0,18.0,0.25,1.0,2.5,0.0,0.0,0.0,0.0,0.0,0.0,0.0,0.0,0.0,2.2178061581460542e-194,6.7261526541489035e-161
probe_all,0.42,4.0,18.0,0.25,1.0,4.0,0.0,0.0,0.0,0.0,0.0,0.0,0.0,0.0,0.0,7.054271851594242e-195,2.5683002272023216e-255
probe_all,0.42,4.0,30.0,0.0,1.0,2.5,0.0,0.0,0.0,0.0,0.0,0.0,0.0,0.0,0.0,6.698455465178641e-194,3.678749781251569e-161
probe_all,0.42,4.0,30.0,0.0,1.0,4.0,0.0,0.0,0.0,0.0,0.0,0.0,0.0,0.0,0.0,6.58838013810913e-194,9.697975371981722e-256
probe_all,0.42,4.0,30.0,0.1,1.0,2.5,0.0,0.0,0.0,0.0,0.0,0.0,0.0,0.0,0.0,6.743388012640068e-194,4.6455618021002745e-161
probe_all,0.42,4.0,30.0,0.1,1.0,4.0,0.0,0.0,0.0,0.0,0.0,0.0,0.0,0.0,0.0,6.632575978045535e-194,1.408710852558038e-255
probe_all,0.42,4.0,30.0,0.25,1.0,2.5,0.0,0.0,0.0,0.0,0.0,0.0,0.0,0.0,0.0,6.811352595524313e-194,6.592425510109685e-161
probe_all,0.42,4.0,30.0,0.25,1.0,4.0,0.0,0.0,0.0,0.0,0.0,0.0,0.0,0.0,0.0,6.699426244502302e-194,2.4662269292663763e-255
probe_all,0.42,8.0,8.0,0.0,1.0,2.5,0.0,0.0,0.0,0.0,0.0,0.0,0.0,0.0,0.0,9.247481980893347e-210,1.813654432577196e-155
probe_all,0.42,8.0,8.0,0.0,1.0,4.0,0.0,0.0,0.0,0.0,0.0,0.0,0.0,0.0,0.0,8.020678086818363e-226,4.917471729327845e-246
probe_all,0.42,8.0,8.0,0.1,1.0,2.5,0.0,0.0,0.0,0.0,0.0,0.0,0.0,0.0,0.0,9.314738117505612e-210,2.2851145535763528e-155
probe_all,0.42,8.0,8.0,0.1,1.0,4.0,0.0,0.0,0.0,0.0,0.0,0.0,0.0,0.0,0.0,8.083548177007912e-226,7.110719366647805e-246
probe_all,0.42,8.0,8.0,0.25,1.0,2.5,0.0,0.0,0.0,0.0,0.0,0.0,0.0,0.0,0.0,9.416540585765513e-210,3.231752758990531e-155
probe_all,0.42,8.0,8.0,0.25,1.0,4.0,0.0,0.0,0.0,0.0,0.0,0.0,0.0,0.0,0.0,8.178778531835832e-226,1.23643428699054e-245
probe_all,0.42,8.0,18.0,0.0,1.0,2.5,0.0,0.0,0.0,0.0,0.0,0.0,0.0,0.0,0.0,2.196156018982703e-194,8.254810227656018e-157
probe_all,0.42,8.0,18.0,0.0,1.0,4.0,0.0,0.0,0.0,0.0,0.0,0.0,0.0,0.0,0.0,6.985230735111489e-195,8.950662197491753e-249
probe_all,0.42,8.0,18.0,0.1,1.0,2.5,0.0,0.0,0.0,0.0,0.0,0.0,0.0,0.0,0.0,2.2109254543274587e-194,1.0424115131346918e-156
probe_all,0.42,8.0,18.0,0.1,1.0,4.0,0.0,0.0,0.0,0.0,0.0,0.0,0.0,0.0,0.0,7.032329471125197e-195,1.300122207126433e-248
probe_all,0.42,8.0,18.0,0.25,1.0,2.5,0.0,0.0,0.0,0.0,0.0,0.0,0.0,0.0,0.0,2.233266052870791e-194,1.47923562682094e-156
probe_all,0.42,8.0,18.0,0.25,1.0,4.0,0.0,0.0,0.0,0.0,0.0,0.0,0.0,0.0,0.0,7.103573685112447e-195,2.2760284727340013e-248
probe_all,0.42,8.0,30.0,0.0,1.0,2.5,0.0,0.0,0.0,0.0,0.0,0.0,0.0,0.0,0.0,6.699126834118812e-194,8.102959057179515e-157
probe_all,0.42,8.0,30.0,0.0,1.0,4.0,0.0,0.0,0.0,0.0,0.0,0.0,0.0,0.0,0.0,6.58904049930001e-194,8.617678655688654e-249
probe_all,0.42,8.0,30.0,0.1,1.0,2.5,0.0,0.0,0.0,0.0,0.0,0.0,0.0,0.0,0.0,6.744063885053751e-194,1.0232497266288365e-156
probe_all,0.42,8.0,30.0,0.1,1.0,4.0,0.0,0.0,0.0,0.0,0.0,0.0,0.0,0.0,0.0,6.633240769038111e-194,1.2517888508151234e-248
probe_all,0.42,8.0,30.0,0.25,1.0,2.5,0.0,0.0,0.0,0.0,0.0,0.0,0.0,0.0,0.0,6.812035279853103e-194,1.4520735894614406e-156
probe_all,0.42,8.0,30.0,0.25,1.0,4.0,0.0,0.0,0.0,0.0,0.0,0.0,0.0,0.0,0.0,6.700097735976733e-194,2.1915039328544367e-248
probe_all,0.42,12.0,8.0,0.0,1.0,2.5,0.0,0.0,0.0,0.0,0.0,0.0,0.0,0.0,0.0,1.1787823757297044e-209,3.087899627001777e-151
probe_all,0.42,12.0,8.0,0.0,1.0,4.0,0.0,0.0,0.0,0.0,0.0,0.0,0.0,0.0,0.0,1.0418055200654171e-225,2.7855507217102752e-239
probe_all,0.42,12.0,8.0,0.1,1.0,2.5,0.0,0.0,0.0,0.0,0.0,0.0,0.0,0.0,0.0,1.187355557992942e-209,3.890600243850154e-151
probe_all,0.42,12.0,8.0,0.1,1.0,4.0,0.0,0.0,0.0,0.0,0.0,0.0,0.0,0.0,0.0,1.049971713284682e-225,4.027937638261202e-239
probe_all,0.42,12.0,8.0,0.25,1.0,2.5,0.0,0.0,0.0,0.0,0.0,0.0,0.0,0.0,0.0,1.2003323829966025e-209,5.502331623818898e-151
probe_all,0.42,12.0,8.0,0.25,1.0,4.0,0.0,0.0,0.0,0.0,0.0,0.0,0.0,0.0,0.0,1.062341179838958e-225,7.003904872361311e-239
probe_all,0.42,12.0,18.0,0.0,1.0,2.5,0.0,0.0,0.0,0.0,0.0,0.0,0.0,0.0,0.0,2.2114649948045354e-194,1.815422576510012e-152
probe_all,0.42,12.0,18.0,0.0,1.0,4.0,0.0,0.0,0.0,0.0,0.0,0.0,0.0,0.0,0.0,7.034050044890954e-195,7.932079667144879e-242
probe_all,0.42,12.0,18.0,0.1,1.0,2.5,0.0,0.0,0.0,0.0,0.0,0.0,0.0,0.0,0.0,2.22633738500616e-194,2.2925026048673205e-152
probe_all,0.42,12.0,18.0,0.1,1.0,4.0,0.0,0.0,0.0,0.0,0.0,0.0,0.0,0.0,0.0,7.081477950816275e-195,1.1521687106950619e-241
probe_all,0.42,12.0,18.0,0.25,1.0,2.5,0.0,0.0,0.0,0.0,0.0,0.0,0.0,0.0,0.0,2.24883371551024e-194,3.2531792722644e-152
probe_all,0.42,12.0,18.0,0.25,1.0,4.0,0.0,0.0,0.0,0.0,0.0,0.0,0.0,0.0,0.0,7.153220085843578e-195,2.0170171515885566e-241
probe_all,0.42,12.0,30.0,0.0,1.0,2.5,0.0,0.0,0.0,0.0,0.0,0.0,0.0,0.0,0.0,6.699798270348943e-194,1.7847896537283212e-152
probe_all,0.42,12.0,30.0,0.0,1.0,4.0,0.0,0.0,0.0,0.0,0.0,0.0,0.0,0.0,0.0,6.589700926679682e-194,7.657720561681304e-242
probe_all,0.42,12.0,30.0,0.1,1.0,2.5,0.0,0.0,0.0,0.0,0.0,0.0,0.0,0.0,0.0,6.744739825208768e-194,2.2538501211471944e-152
probe_all,0.42,12.0,30.0,0.1,1.0,4.0,0.0,0.0,0.0,0.0,0.0,0.0,0.0,0.0,0.0,6.633905626663479e-194,1.1123470257785285e-241
probe_all,0.42,12.0,30.0,0.25,1.0,2.5,0.0,0.0,0.0,0.0,0.0,0.0,0.0,0.0,0.0,6.812718032605972e-194,3.1983944391606335e-152
probe_all,0.42,12.0,30.0,0.25,1.0,4.0,0.0,0.0,0.0,0.0,0.0,0.0,0.0,0.0,0.0,6.700769294755553e-194,1.947383442587161e-241
probe_all,0.42,20.0,8.0,0.0,1.0,2.5,0.0,0.0,0.0,0.0,0.0,0.0,0.0,0.0,0.0,1.9153754404054816e-209,8.951183119294657e-143
probe_all,0.42,20.0,8.0,0.0,1.0,4.0,0.0,0.0,0.0,0.0,0.0,0.0,0.0,0.0,0.0,1.7576718223331342e-225,8.938187668333731e-226
probe_all,0.42,20.0,8.0,0.1,1.0,2.5,0.0,0.0,0.0,0.0,0.0,0.0,0.0,0.0,0.0,1.9293058003185748e-209,1.1278046385364305e-142
probe_all,0.42,20.0,8.0,0.1,1.0,4.0,0.0,0.0,0.0,0.0,0.0,0.0,0.0,0.0,0.0,1.7714493340095255e-225,1.2924719785758822e-225
probe_all,0.42,20.0,8.0,0.25,1.0,2.5,0.0,0.0,0.0,0.0,0.0,0.0,0.0,0.0,0.0,1.950391534562832e-209,1.5950122703862272e-142
probe_all,0.42,20.0,8.0,0.25,1.0,4.0,0.0,0.0,0.0,0.0,0.0,0.0,0.0,0.0,0.0,1.7923183564911665e-225,2.247390997852152e-225
probe_all,0.42,20.0,18.0,0.0,1.0,2.5,0.0,0.0,0.0,0.0,0.0,0.0,0.0,0.0,0.0,2.242403838009057e-194,8.780495180495584e-144
probe_all,0.42,20.0,18.0,0.0,1.0,4.0,0.0,0.0,0.0,0.0,0.0,0.0,0.0,0.0,0.0,7.132714633696568e-195,6.22946669822403e-228
probe_all,0.42,20.0,18.0,0.1,1.0,2.5,0.0,0.0,0.0,0.0,0.0,0.0,0.0,0.0,0.0,2.2574842959619713e-194,1.1087946318265955e-143
probe_all,0.42,20.0,18.0,0.1,1.0,4.0,0.0,0.0,0.0,0.0,0.0,0.0,0.0,0.0,0.0,7.180807797162876e-195,9.048568490480226e-228
probe_all,0.42,20.0,18.0,0.25,1.0,2.5,0.0,0.0,0.0,0.0,0.0,0.0,0.0,0.0,0.0,2.2802953546863843e-194,1.5734366913249724e-143
probe_all,0.42,20.0,18.0,0.25,1.0,4.0,0.0,0.0,0.0,0.0,0.0,0.0,0.0,0.0,0.0,7.253556238401727e-195,1.5840664369033376e-227
probe_all,0.42,20.0,30.0,0.0,1.0,2.5,0.0,0.0,0.0,0.0,0.0,0.0,0.0,0.0,0.0,6.70114134470454e-194,8.65912143383645e-144
probe_all,0.42,20.0,30.0,0.0,1.0,4.0,0.0,0.0,0.0,0.0,0.0,0.0,0.0,0.0,0.0,6.591021980032304e-194,6.046693454205011e-228
probe_all,0.42,20.0,30.0,0.1,1.0,2.5,0.0,0.0,0.0,0.0,0.0,0.0,0.0,0.0,0.0,6.746091908768434e-194,1.0934824645532885e-143
probe_all,0.42,20.0,30.0,0.1,1.0,4.0,0.0,0.0,0.0,0.0,0.0,0.0,0.0,0.0,0.0,6.63523554183969e-194,8.783320604875529e-228
probe_all,0.42,20.0,30.0,0.25,1.0,2.5,0.0,0.0,0.0,0.0,0.0,0.0,0.0,0.0,0.0,6.814083743409835e-194,1.5517394884122798e-143
probe_all,0.42,20.0,30.0,0.25,1.0,4.0,0.0,0.0,0.0,0.0,0.0,0.0,0.0,0.0,0.0,6.702112614253732e-194,1.537693967842263e-227
probe_all,0.42,32.0,8.0,0.0,1.0,2.5,0.0,0.0,0.0,0.0,0.0,0.0,0.0,0.0,0.0,3.967202191135369e-209,4.4178029615757725e-130
probe_all,0.42,32.0,8.0,0.0,1.0,4.0,0.0,0.0,0.0,0.0,0.0,0.0,0.0,0.0,0.0,3.851806794366728e-225,1.6246397171513325e-205
probe_all,0.42,32.0,8.0,0.1,1.0,2.5,0.0,0.0,0.0,0.0,0.0,0.0,0.0,0.0,0.0,3.996055309539575e-209,5.566212427790733e-130
probe_all,0.42,32.0,8.0,0.1,1.0,4.0,0.0,0.0,0.0,0.0,0.0,0.0,0.0,0.0,0.0,3.881999184328437e-225,2.3492472832481847e-205
probe_all,0.42,32.0,8.0,0.25,1.0,2.5,0.0,0.0,0.0,0.0,0.0,0.0,0.0,0.0,0.0,4.039728925338787e-209,7.872087787672054e-130
probe_all,0.42,32.0,8.0,0.25,1.0,4.0,0.0,0.0,0.0,0.0,0.0,0.0,0.0,0.0,0.0,3.9277320916693967e-225,4.084945193100463e-205
probe_all,0.42,32.0,18.0,0.0,1.0,2.5,0.0,0.0,0.0,0.0,0.0,0.0,0.0,0.0,0.0,2.2896255681539716e-194,9.339656938012752e-131
probe_all,0.42,32.0,18.0,0.0,1.0,4.0,0.0,0.0,0.0,0.0,0.0,0.0,0.0,0.0,0.0,7.28331245953283e-195,4.33557366908056e-207
probe_all,0.42,32.0,18.0,0.1,1.0,2.5,0.0,0.0,0.0,0.0,0.0,0.0,0.0,0.0,0.0,2.305023598394198e-194,1.179405177395253e-130
probe_all,0.42,32.0,18.0,0.1,1.0,4.0,0.0,0.0,0.0,0.0,0.0,0.0,0.0,0.0,0.0,7.332421046470785e-195,6.297607353994276e-207
probe_all,0.42,32.0,18.0,0.25,1.0,2.5,0.0,0.0,0.0,0.0,0.0,0.0,0.0,0.0,0.0,2.3283150244998763e-194,1.6736366923018668e-130
probe_all,0.42,32.0,18.0,0.25,1.0,4.0,0.0,0.0,0.0,0.0,0.0,0.0,0.0,0.0,0.0,7.406705474728068e-195,1.1024758725928076e-206
probe_all,0.42,32.0,30.0,0.0,1.0,2.5,0.0,0.0,0.0,0.0,0.0,0.0,0.0,0.0,0.0,6.703156461078604e-194,9.253457098427578e-131
probe_all,0.42,32.0,30.0,0.0,1.0,4.0,0.0,0.0,0.0,0.0,0.0,0.0,0.0,0.0,0.0,6.593004056642468e-194,4.2427320848164124e-207
probe_all,0.42,32.0,30.0,0.1,1.0,2.5,0.0,0.0,0.0,0.0,0.0,0.0,0.0,0.0,0.0,6.74812054233502e-194,1.168535763234317e-130
probe_all,0.42,32.0,30.0,0.1,1.0,4.0,0.0,0.0,0.0,0.0,0.0,0.0,0.0,0.0,0.0,6.637230914516377e-194,6.1629180350823574e-207
probe_all,0.42,32.0,30.0,0.25,1.0,2.5,0.0,0.0,0.0,0.0,0.0,0.0,0.0,0.0,0.0,6.816132822964983e-194,1.6582461504523802e-130
probe_all,0.42,32.0,30.0,0.25,1.0,4.0,0.0,0.0,0.0,0.0,0.0,0.0,0.0,0.0,0.0,6.70412809845203e-194,1.0789406778106251e-206
probe_latent,0.1,4.0,8.0,0.0,1.0,2.5,0.0,0.0,0.0,0.0,0.0,0.0,0.0,0.0,0.0,0.0,4.752262977146114e-161
probe_latent,0.1,4.0,8.0,0.0,1.0,4.0,0.0,0.0,0.0,0.0,0.0,0.0,0.0,0.0,0.0,0.0,1.6264567337844869e-255
probe_latent,0.1,4.0,8.0,0.1,1.0,2.5,0.0,0.0,0.0,0.0,0.0,0.0,0.0,0.0,0.0,0.0,6.005898835767047e-161
probe_latent,0.1,4.0,8.0,0.1,1.0,4.0,0.0,0.0,0.0,0.0,0.0,0.0,0.0,0.0,0.0,0.0,2.3653558725228956e-255
probe_latent,0.1,4.0,8.0,0.25,1.0,2.5,0.0,0.0,0.0,0.0,0.0,0.0,0.0,0.0,0.0,0.0,8.532854369242383e-161
probe_latent,0.1,4.0,8.0,0.25,1.0,4.0,0.0,0.0,0.0,0.0,0.0,0.0,0.0,0.0,0.0,0.0,4.1483697034013123e-255
probe_latent,0.1,4.0,18.0,0.0,1.0,2.5,0.0,0.0,0.0,0.0,0.0,0.0,0.0,0.0,0.0,0.0,3.6788113431334765e-161
probe_latent,0.1,4.0,18.0,0.0,1.0,4.0,0.0,0.0,0.0,0.0,0.0,0.0,0.0,0.0,0.0,0.0,9.69830310941536e-256
probe_latent,0.1,4.0,18.0,0.1,1.0,2.5,0.0,0.0,0.0,0.0,0.0,0.0,0.0,0.0,0.0,0.0,4.650078634752846e-161
probe_latent,0.1,4.0,18.0,0.1,1.0,4.0,0.0,0.0,0.0,0.0,0.0,0.0,0.0,0.0,0.0,0.0,1.410912868774728e-255
probe_latent,0.1,4.0,18.0,0.25,1.0,2.5,0.0,0.0,0.0,0.0,0.0,0.0,0.0,0.0,0.0,0.0,6.608295688450184e-161
probe_latent,0.1,4.0,18.0,0.25,1.0,4.0,0.0,0.0,0.0,0.0,0.0,0.0,0.0,0.0,0.0,0.0,2.4757503922418434e-255
probe_latent,0.1,4.0,30.0,0.0,1.0,2.5,0.0,0.0,0.0,0.0,0.0,0.0,0.0,0.0,0.0,0.0,3.678593184685638e-161
probe_latent,0.1,4.0,30.0,0.0,1.0,4.0,0.0,0.0,0.0,0.0,0.0,0.0,0.0,0.0,0.0,0.0,9.69714172291413e-256
probe_latent,0.1,4.0,30.0,0.1,1.0,2.5,0.0,0.0,0.0,0.0,0.0,0.0,0.0,0.0,0.0,0.0,4.6498030654283e-161
probe_latent,0.1,4.0,30.0,0.1,1.0,4.0,0.0,0.0,0.0,0.0,0.0,0.0,0.0,0.0,0.0,0.0,1.4107440230339405e-255
probe_latent,0.1,4.0,30.0,0.25,1.0,2.5,0.0,0.0,0.0,0.0,0.0,0.0,0.0,0.0,0.0,0.0,6.607904470518427e-161
probe_latent,0.1,4.0,30.0,0.25,1.0,4.0,0.0,0.0,0.0,0.0,0.0,0.0,0.0,0.0,0.0,0.0,2.475454414026049e-255
probe_latent,0.1,8.0,8.0,0.0,1.0,2.5,0.0,0.0,0.0,0.0,0.0,0.0,0.0,0.0,0.0,0.0,1.0263240178151168e-156
probe_latent,0.1,8.0,8.0,0.0,1.0,4.0,0.0,0.0,0.0,0.0,0.0,0.0,0.0,0.0,0.0,0.0,1.3962842169197704e-248
probe_latent,0.1,8.0,8.0,0.1,1.0,2.5,0.0,0.0,0.0,0.0,0.0,0.0,0.0,0.0,0.0,0.0,1.2970658933140303e-156
probe_latent,0.1,8.0,8.0,0.1,1.0,4.0,0.0,0.0,0.0,0.0,0.0,0.0,0.0,0.0,0.0,0.0,2.0306160032412126e-248
probe_latent,0.1,8.0,8.0,0.25,1.0,2.5,0.0,0.0,0.0,0.0,0.0,0.0,0.0,0.0,0.0,0.0,1.8428006660799863e-156
probe_latent,0.1,8.0,8.0,0.25,1.0,4.0,0.0,0.0,0.0,0.0,0.0,0.0,0.0,0.0,0.0,0.0,3.5613017072576546e-248
probe_latent,0.1,8.0,18.0,0.0,1.0,2.5,0.0,0.0,0.0,0.0,0.0,0.0,0.0,0.0,0.0,0.0,8.10308421315146e-157
probe_latent,0.1,8.0,18.0,0.0,1.0,4.0,0.0,0.0,0.0,0.0,0.0,0.0,0.0,0.0,0.0,0.0,8.617950449309883e-249
probe_latent,0.1,8.0,18.0,0.1,1.0,2.5,0.0,0.0,0.0,0.0,0.0,0.0,0.0,0.0,0.0,0.0,1.024243301997766e-156
probe_latent,0.1,8.0,18.0,0.1,1.0,4.0,0.0,0.0,0.0,0.0,0.0,0.0,0.0,0.0,0.0,0.0,1.2537427480060739e-248
probe_latent,0.1,8.0,18.0,0.25,1.0,2.5,0.0,0.0,0.0,0.0,0.0,0.0,0.0,0.0,0.0,0.0,1.4555673415779915e-156
probe_latent,0.1,8.0,18.0,0.25,1.0,4.0,0.0,0.0,0.0,0.0,0.0,0.0,0.0,0.0,0.0,0.0,2.1999615772460525e-248
probe_latent,0.1,8.0,30.0,0.0,1.0,2.5,0.0,0.0,0.0,0.0,0.0,0.0,0.0,0.0,0.0,0.0,8.102640693944065e-157
probe_latent,0.1,8.0,30.0,0.0,1.0,4.0,0.0,0.0,0.0,0.0,0.0,0.0,0.0,0.0,0.0,0.0,8.6169873052983735e-249
probe_latent,0.1,8.0,30.0,0.1,1.0,2.5,0.0,0.0,0.0,0.0,0.0,0.0,0.0,0.0,0.0,0.0,1.0241872815296642e-156
probe_latent,0.1,8.0,30.0,0.1,1.0,4.0,0.0,0.0,0.0,0.0,0.0,0.0,0.0,0.0,0.0,0.0,1.2536027300481546e-248
probe_latent,0.1,8.0,30.0,0.25,1.0,2.5,0.0,0.0,0.0,0.0,0.0,0.0,0.0,0.0,0.0,0.0,1.4554878176639968e-156
probe_latent,0.1,8.0,30.0,0.25,1.0,4.0,0.0,0.0,0.0,0.0,0.0,0.0,0.0,0.0,0.0,0.0,2.1997161503892126e-248
probe_latent,0.1,12.0,8.0,0.0,1.0,2.5,0.0,0.0,0.0,0.0,0.0,0.0,0.0,0.0,0.0,0.0,2.2165039994833566e-152
probe_latent,0.1,12.0,8.0,0.0,1.0,4.0,0.0,0.0,0.0,0.0,0.0,0.0,0.0,0.0,0.0,0.0,1.1986851995030139e-241
probe_latent,0.1,12.0,8.0,0.1,1.0,2.5,0.0,0.0,0.0,0.0,0.0,0.0,0.0,0.0,0.0,0.0,2.8012125705140238e-152
probe_latent,0.1,12.0,8.0,0.1,1.0,4.0,0.0,0.0,0.0,0.0,0.0,0.0,0.0,0.0,0.0,0.0,1.7432477710940604e-241
probe_latent,0.1,12.0,8.0,0.25,1.0,2.5,0.0,0.0,0.0,0.0,0.0,0.0,0.0,0.0,0.0,0.0,3.979810445547503e-152
probe_latent,0.1,12.0,8.0,0.25,1.0,4.0,0.0,0.0,0.0,0.0,0.0,0.0,0.0,0.0,0.0,0.0,3.0573142600378276e-241
probe_latent,0.1,12.0,18.0,0.0,1.0,2.5,0.0,0.0,0.0,0.0,0.0,0.0,0.0,0.0,0.0,0.0,1.7848149209384016e-152
probe_latent,0.1,12.0,18.0,0.0,1.0,4.0,0.0,0.0,0.0,0.0,0.0,0.0,0.0,0.0,0.0,0.0,7.657944808371487e-242
probe_latent,0.1,12.0,18.0,0.1,1.0,2.5,0.0,0.0,0.0,0.0,0.0,0.0,0.0,0.0,0.0,0.0,2.2560357019489113e-152
probe_latent,0.1,12.0,18.0,0.1,1.0,4.0,0.0,0.0,0.0,0.0,0.0,0.0,0.0,0.0,0.0,0.0,1.1140807579017076e-241
probe_latent,0.1,12.0,18.0,0.25,1.0,2.5,0.0,0.0,0.0,0.0,0.0,0.0,0.0,0.0,0.0,0.0,3.2060857833151617e-152
probe_latent,0.1,12.0,18.0,0.25,1.0,4.0,0.0,0.0,0.0,0.0,0.0,0.0,0.0,0.0,0.0,0.0,1.9548945469322424e-241
probe_latent,0.1,12.0,30.0,0.0,1.0,2.5,0.0,0.0,0.0,0.0,0.0,0.0,0.0,0.0,0.0,0.0,1.7847253805743293e-152
probe_latent,0.1,12.0,30.0,0.0,1.0,4.0,0.0,0.0,0.0,0.0,0.0,0.0,0.0,0.0,0.0,0.0,7.65715015221613e-242
probe_latent,0.1,12.0,30.0,0.1,1.0,2.5,0.0,0.0,0.0,0.0,0.0,0.0,0.0,0.0,0.0,0.0,2.255922611962154e-152
probe_latent,0.1,12.0,30.0,0.1,1.0,4.0,0.0,0.0,0.0,0.0,0.0,0.0,0.0,0.0,0.0,0.0,1.1139652404158217e-241
probe_latent,0.1,12.0,30.0,0.25,1.0,2.5,0.0,0.0,0.0,0.0,0.0,0.0,0.0,0.0,0.0,0.0,3.2059252624186623e-152
probe_latent,0.1,12.0,30.0,0.25,1.0,4.0,0.0,0.0,0.0,0.0,0.0,0.0,0.0,0.0,0.0,0.0,1.954692081933131e-241
probe_latent,0.1,20.0,8.0,0.0,1.0,2.5,0.0,0.0,0.0,0.0,0.0,0.0,0.0,0.0,0.0,0.0,1.033800108148969e-143
probe_latent,0.1,20.0,8.0,0.0,1.0,4.0,0.0,0.0,0.0,0.0,0.0,0.0,0.0,0.0,0.0,0.0,8.834211065450753e-228
probe_latent,0.1,20.0,8.0,0.1,1.0,2.5,0.0,0.0,0.0,0.0,0.0,0.0,0.0,0.0,0.0,0.0,1.306514158792699e-143
probe_latent,0.1,20.0,8.0,0.1,1.0,4.0,0.0,0.0,0.0,0.0,0.0,0.0,0.0,0.0,0.0,0.0,1.2847592308311293e-227
probe_latent,0.1,20.0,8.0,0.25,1.0,2.5,0.0,0.0,0.0,0.0,0.0,0.0,0.0,0.0,0.0,0.0,1.85622424772453e-143
probe_latent,0.1,20.0,8.0,0.25,1.0,4.0,0.0,0.0,0.0,0.0,0.0,0.0,0.0,0.0,0.0,0.0,2.2532153961511095e-227
probe_latent,0.1,20.0,18.0,0.0,1.0,2.5,0.0,0.0,0.0,0.0,0.0,0.0,0.0,0.0,0.0,0.0,8.65922170200499e-144
probe_latent,0.1,20.0,18.0,0.0,1.0,4.0,0.0,0.0,0.0,0.0,0.0,0.0,0.0,0.0,0.0,0.0,6.046843249426863e-228
probe_latent,0.1,20.0,18.0,0.1,1.0,2.5,0.0,0.0,0.0,0.0,0.0,0.0,0.0,0.0,0.0,0.0,1.0945400042119154e-143
probe_latent,0.1,20.0,18.0,0.1,1.0,4.0,0.0,0.0,0.0,0.0,0.0,0.0,0.0,0.0,0.0,0.0,8.796970830698506e-228
probe_latent,0.1,20.0,18.0,0.25,1.0,2.5,0.0,0.0,0.0,0.0,0.0,0.0,0.0,0.0,0.0,0.0,1.5554670272913111e-143
probe_latent,0.1,20.0,18.0,0.25,1.0,4.0,0.0,0.0,0.0,0.0,0.0,0.0,0.0,0.0,0.0,0.0,1.5436179275588716e-227
probe_latent,0.1,20.0,30.0,0.0,1.0,2.5,0.0,0.0,0.0,0.0,0.0,0.0,0.0,0.0,0.0,0.0,8.658866376762904e-144
probe_latent,0.1,20.0,30.0,0.0,1.0,4.0,0.0,0.0,0.0,0.0,0.0,0.0,0.0,0.0,0.0,0.0,6.046312421632878e-228
probe_latent,0.1,20.0,30.0,0.1,1.0,2.5,0.0,0.0,0.0,0.0,0.0,0.0,0.0,0.0,0.0,0.0,1.0944951344285943e-143
probe_latent,0.1,20.0,30.0,0.1,1.0,4.0,0.0,0.0,0.0,0.0,0.0,0.0,0.0,0.0,0.0,0.0,8.79619928628941e-228
probe_latent,0.1,20.0,30.0,0.25,1.0,2.5,0.0,0.0,0.0,0.0,0.0,0.0,0.0,0.0,0.0,0.0,1.555403355794639e-143
probe_latent,0.1,20.0,30.0,0.25,1.0,4.0,0.0,0.0,0.0,0.0,0.0,0.0,0.0,0.0,0.0,0.0,1.5434827292813585e-227
probe_latent,0.1,32.0,8.0,0.0,1.0,2.5,0.0,0.0,0.0,0.0,0.0,0.0,0.0,0.0,0.0,0.0,1.0413306568465642e-130
probe_latent,0.1,32.0,8.0,0.0,1.0,4.0,0.0,0.0,0.0,0.0,0.0,0.0,0.0,0.0,0.0,0.0,5.589355247536426e-207
probe_latent,0.1,32.0,8.0,0.1,1.0,2.5,0.0,0.0,0.0,0.0,0.0,0.0,0.0,0.0,0.0,0.0,1.3160312486240223e-130
probe_latent,0.1,32.0,8.0,0.1,1.0,4.0,0.0,0.0,0.0,0.0,0.0,0.0,0.0,0.0,0.0,0.0,8.128598802388288e-207
probe_latent,0.1,32.0,8.0,0.25,1.0,2.5,0.0,0.0,0.0,0.0,0.0,0.0,0.0,0.0,0.0,0.0,1.8697456112656643e-130
probe_latent,0.1,32.0,8.0,0.25,1.0,4.0,0.0,0.0,0.0,0.0,0.0,0.0,0.0,0.0,0.0,0.0,1.425596604495942e-206
probe_latent,0.1,32.0,18.0,0.0,1.0,2.5,0.0,0.0,0.0,0.0,0.0,0.0,0.0,0.0,0.0,0.0,9.253528472871696e-131
probe_latent,0.1,32.0,18.0,0.0,1.0,4.0,0.0,0.0,0.0,0.0,0.0,0.0,0.0,0.0,0.0,0.0,4.242808484245732e-207
probe_latent,0.1,32.0,18.0,0.1,1.0,2.5,0.0,0.0,0.0,0.0,0.0,0.0,0.0,0.0,0.0,0.0,1.1696613670633824e-130
probe_latent,0.1,32.0,18.0,0.1,1.0,4.0,0.0,0.0,0.0,0.0,0.0,0.0,0.0,0.0,0.0,0.0,6.172454111438646e-207
probe_latent,0.1,32.0,18.0,0.25,1.0,2.5,0.0,0.0,0.0,0.0,0.0,0.0,0.0,0.0,0.0,0.0,1.662223109765223e-130
probe_latent,0.1,32.0,18.0,0.25,1.0,4.0,0.0,0.0,0.0,0.0,0.0,0.0,0.0,0.0,0.0,0.0,1.0830899643547656e-206
probe_latent,0.1,32.0,30.0,0.0,1.0,2.5,0.0,0.0,0.0,0.0,0.0,0.0,0.0,0.0,0.0,0.0,9.253275538512785e-131
probe_latent,0.1,32.0,30.0,0.0,1.0,4.0,0.0,0.0,0.0,0.0,0.0,0.0,0.0,0.0,0.0,0.0,4.2425377460530004e-207
probe_latent,0.1,32.0,30.0,0.1,1.0,2.5,0.0,0.0,0.0,0.0,0.0,0.0,0.0,0.0,0.0,0.0,1.1696294426725614e-130
probe_latent,0.1,32.0,30.0,0.1,1.0,4.0,0.0,0.0,0.0,0.0,0.0,0.0,0.0,0.0,0.0,0.0,6.1720607357912655e-207
probe_latent,0.1,32.0,30.0,0.25,1.0,2.5,0.0,0.0,0.0,0.0,0.0,0.0,0.0,0.0,0.0,0.0,1.6621778415843691e-130
probe_latent,0.1,32.0,30.0,0.25,1.0,4.0,0.0,0.0,0.0,0.0,0.0,0.0,0.0,0.0,0.0,0.0,1.0830210684992401e-206
probe_latent,0.18,4.0,8.0,0.0,1.0,2.5,0.0,0.0,0.0,0.0,0.0,0.0,0.0,0.0,0.0,0.0,5.9755759863766635e-161
probe_latent,0.18,4.0,8.0,0.0,1.0,4.0,0.0,0.0,0.0,0.0,0.0,0.0,0.0,0.0,0.0,0.0,2.5830587799728002e-255
probe_latent,0.18,4.0,8.0,0.1,1.0,2.5,0.0,0.0,0.0,0.0,0.0,0.0,0.0,0.0,0.0,0.0,7.550748720422933e-161
probe_latent,0.18,4.0,8.0,0.1,1.0,4.0,0.0,0.0,0.0,0.0,0.0,0.0,0.0,0.0,0.0,0.0,3.7553780095728437e-255
probe_latent,0.18,4.0,8.0,0.25,1.0,2.5,0.0,0.0,0.0,0.0,0.0,0.0,0.0,0.0,0.0,0.0,1.0725199624872875e-160
probe_latent,0.18,4.0,8.0,0.25,1.0,4.0,0.0,0.0,0.0,0.0,0.0,0.0,0.0,0.0,0.0,0.0,6.583134276237809e-255
probe_latent,0.18,4.0,18.0,0.0,1.0,2.5,0.0,0.0,0.0,0.0,0.0,0.0,0.0,0.0,0.0,0.0,3.6795140827206575e-161
probe_latent,0.18,4.0,18.0,0.0,1.0,4.0,0.0,0.0,0.0,0.0,0.0,0.0,0.0,0.0,0.0,0.0,9.702044685401068e-256
probe_latent,0.18,4.0,18.0,0.1,1.0,2.5,0.0,0.0,0.0,0.0,0.0,0.0,0.0,0.0,0.0,0.0,4.650966308179316e-161
probe_latent,0.18,4.0,18.0,0.1,1.0,4.0,0.0,0.0,0.0,0.0,0.0,0.0,0.0,0.0,0.0,0.0,1.41145682986067e-255
probe_latent,0.18,4.0,18.0,0.25,1.0,2.5,0.0,0.0,0.0,0.0,0.0,0.0,0.0,0.0,0.0,0.0,6.609555893006006e-161
probe_latent,0.18,4.0,18.0,0.25,1.0,4.0,0.0,0.0,0.0,0.0,0.0,0.0,0.0,0.0,0.0,0.0,2.476703928825258e-255
probe_latent,0.18,4.0,30.0,0.0,1.0,2.5,0.0,0.0,0.0,0.0,0.0,0.0,0.0,0.0,0.0,0.0,3.678593279484485e-161
probe_latent,0.18,4.0,30.0,0.0,1.0,4.0,0.0,0.0,0.0,0.0,0.0,0.0,0.0,0.0,0.0,0.0,9.697142227570132e-256
probe_latent,0.18,4.0,30.0,0.1,1.0,2.5,0.0,0.0,0.0,0.0,0.0,0.0,0.0,0.0,0.0,0.0,4.649803185174478e-161
probe_latent,0.18,4.0,30.0,0.1,1.0,4.0,0.0,0.0,0.0,0.0,0.0,0.0,0.0,0.0,0.0,0.0,1.410744096402098e-255
probe_latent,0.18,4.0,30.0,0.25,1.0,2.5,0.0,0.0,0.0,0.0,0.0,0.0,0.0,0.0,0.0,0.0,6.607904640518351e-161
probe_latent,0.18,4.0,30.0,0.25,1.0,4.0,0.0,0.0,0.0,0.0,0.0,0.0,0.0,0.0,0.0,0.0,2.4754545426368366e-255
probe_latent,0.18,8.0,8.0,0.0,1.0,2.5,0.0,0.0,0.0,0.0,0.0,0.0,0.0,0.0,0.0,0.0,1.267984197614751e-156
probe_latent,0.18,8.0,8.0,0.0,1.0,4.0,0.0,0.0,0.0,0.0,0.0,0.0,0.0,0.0,0.0,0.0,2.1502093032190123e-248
probe_latent,0.18,8.0,8.0,0.1,1.0,2.5,0.0,0.0,0.0,0.0,0.0,0.0,0.0,0.0,0.0,0.0,1.6022271458824656e-156
probe_latent,0.18,8.0,8.0,0.1,1.0,4.0,0.0,0.0,0.0,0.0,0.0,0.0,0.0,0.0,0.0,0.0,3.1260801325522506e-248
probe_latent,0.18,8.0,8.0,0.25,1.0,2.5,0.0,0.0,0.0,0.0,0.0,0.0,0.0,0.0,0.0,0.0,2.275828082783456e-156
probe_latent,0.18,8.0,8.0,0.25,1.0,4.0,0.0,0.0,0.0,0.0,0.0,0.0,0.0,0.0,0.0,0.0,5.47998236619902e-248
probe_latent,0.18,8.0,18.0,0.0,1.0,2.5,0.0,0.0,0.0,0.0,0.0,0.0,0.0,0.0,0.0,0.0,8.10451287894842e-157
probe_latent,0.18,8.0,18.0,0.0,1.0,4.0,0.0,0.0,0.0,0.0,0.0,0.0,0.0,0.0,0.0,0.0,8.621053305988443e-249
probe_latent,0.18,8.0,18.0,0.1,1.0,2.5,0.0,0.0,0.0,0.0,0.0,0.0,0.0,0.0,0.0,0.0,1.0244237553324811e-156
probe_latent,0.18,8.0,18.0,0.1,1.0,4.0,0.0,0.0,0.0,0.0,0.0,0.0,0.0,0.0,0.0,0.0,1.2541938286101887e-248
probe_latent,0.18,8.0,18.0,0.25,1.0,2.5,0.0,0.0,0.0,0.0,0.0,0.0,0.0,0.0,0.0,0.0,1.4558235042652326e-156
probe_latent,0.18,8.0,18.0,0.25,1.0,4.0,0.0,0.0,0.0,0.0,0.0,0.0,0.0,0.0,0.0,0.0,2.200752242017828e-248
probe_latent,0.18,8.0,30.0,0.0,1.0,2.5,0.0,0.0,0.0,0.0,0.0,0.0,0.0,0.0,0.0,0.0,8.102640886672127e-157
probe_latent,0.18,8.0,30.0,0.0,1.0,4.0,0.0,0.0,0.0,0.0,0.0,0.0,0.0,0.0,0.0,0.0,8.616987723814307e-249
probe_latent,0.18,8.0,30.0,0.1,1.0,2.5,0.0,0.0,0.0,0.0,0.0,0.0,0.0,0.0,0.0,0.0,1.0241873058728813e-156
probe_latent,0.18,8.0,30.0,0.1,1.0,4.0,0.0,0.0,0.0,0.0,0.0,0.0,0.0,0.0,0.0,0.0,1.2536027908901237e-248
probe_latent,0.18,8.0,30.0,0.25,1.0,2.5,0.0,0.0,0.0,0.0,0.0,0.0,0.0,0.0,0.0,0.0,1.4554878522204484e-156
probe_latent,0.18,8.0,30.0,0.25,1.0,4.0,0.0,0.0,0.0,0.0,0.0,0.0,0.0,0.0,0.0,0.0,2.1997162570345225e-248
probe_latent,0.18,12.0,8.0,0.0,1.0,2.5,0.0,0.0,0.0,0.0,0.0,0.0,0.0,0.0,0.0,0.0,2.690592386518402e-152
probe_latent,0.18,12.0,8.0,0.0,1.0,4.0,0.0,0.0,0.0,0.0,0.0,0.0,0.0,0.0,0.0,0.0,1.789893471839151e-241
probe_latent,0.18,12.0,8.0,0.1,1.0,2.5,0.0,0.0,0.0,0.0,0.0,0.0,0.0,0.0,0.0,0.0,3.3998374493104336e-152
probe_latent,0.18,12.0,8.0,0.1,1.0,4.0,0.0,0.0,0.0,0.0,0.0,0.0,0.0,0.0,0.0,0.0,2.60223523976234e-241
probe_latent,0.18,12.0,8.0,0.25,1.0,2.5,0.0,0.0,0.0,0.0,0.0,0.0,0.0,0.0,0.0,0.0,4.8291814078446235e-152
probe_latent,0.18,12.0,8.0,0.25,1.0,4.0,0.0,0.0,0.0,0.0,0.0,0.0,0.0,0.0,0.0,0.0,4.5616883195366876e-241
probe_latent,0.18,12.0,18.0,0.0,1.0,2.5,0.0,0.0,0.0,0.0,0.0,0.0,0.0,0.0,0.0,0.0,1.7851033459417555e-152
probe_latent,0.18,12.0,18.0,0.0,1.0,4.0,0.0,0.0,0.0,0.0,0.0,0.0,0.0,0.0,0.0,0.0,7.660504822918515e-242
probe_latent,0.18,12.0,18.0,0.1,1.0,2.5,0.0,0.0,0.0,0.0,0.0,0.0,0.0,0.0,0.0,0.0,2.2563999843300987e-152
probe_latent,0.18,12.0,18.0,0.1,1.0,4.0,0.0,0.0,0.0,0.0,0.0,0.0,0.0,0.0,0.0,0.0,1.1144529017433577e-241
probe_latent,0.18,12.0,18.0,0.25,1.0,2.5,0.0,0.0,0.0,0.0,0.0,0.0,0.0,0.0,0.0,0.0,3.2066028487843153e-152
probe_latent,0.18,12.0,18.0,0.25,1.0,4.0,0.0,0.0,0.0,0.0,0.0,0.0,0.0,0.0,0.0,0.0,1.9555467952292592e-241
probe_latent,0.18,12.0,30.0,0.0,1.0,2.5,0.0,0.0,0.0,0.0,0.0,0.0,0.0,0.0,0.0,0.0,1.7847254194835896e-152
probe_latent,0.18,12.0,30.0,0.0,1.0,4.0,0.0,0.0,0.0,0.0,0.0,0.0,0.0,0.0,0.0,0.0,7.657150497520583e-242
probe_latent,0.18,12.0,30.0,0.1,1.0,2.5,0.0,0.0,0.0,0.0,0.0,0.0,0.0,0.0,0.0,0.0,2.25592266110474e-152
probe_latent,0.18,12.0,30.0,0.1,1.0,4.0,0.0,0.0,0.0,0.0,0.0,0.0,0.0,0.0,0.0,0.0,1.1139652906118448e-241
probe_latent,0.18,12.0,30.0,0.25,1.0,2.5,0.0,0.0,0.0,0.0,0.0,0.0,0.0,0.0,0.0,0.0,3.2059253321719156e-152
probe_latent,0.18,12.0,30.0,0.25,1.0,4.0,0.0,0.0,0.0,0.0,0.0,0.0,0.0,0.0,0.0,0.0,1.9546921699106485e-241
probe_latent,0.18,20.0,8.0,0.0,1.0,2.5,0.0,0.0,0.0,0.0,0.0,0.0,0.0,0.0,0.0,0.0,1.2114794300826555e-143
probe_latent,0.18,20.0,8.0,0.0,1.0,4.0,0.0,0.0,0.0,0.0,0.0,0.0,0.0,0.0,0.0,0.0,1.2402809666475263e-227
probe_latent,0.18,20.0,8.0,0.1,1.0,2.5,0.0,0.0,0.0,0.0,0.0,0.0,0.0,0.0,0.0,0.0,1.5308276185208414e-143
probe_latent,0.18,20.0,8.0,0.1,1.0,4.0,0.0,0.0,0.0,0.0,0.0,0.0,0.0,0.0,0.0,0.0,1.8031815241497973e-227
probe_latent,0.18,20.0,8.0,0.25,1.0,2.5,0.0,0.0,0.0,0.0,0.0,0.0,0.0,0.0,0.0,0.0,2.1744110958819197e-143
probe_latent,0.18,20.0,8.0,0.25,1.0,4.0,0.0,0.0,0.0,0.0,0.0,0.0,0.0,0.0,0.0,0.0,3.1609563851228625e-227
probe_latent,0.18,20.0,18.0,0.0,1.0,2.5,0.0,0.0,0.0,0.0,0.0,0.0,0.0,0.0,0.0,0.0,8.660366244165701e-144
probe_latent,0.18,20.0,18.0,0.0,1.0,4.0,0.0,0.0,0.0,0.0,0.0,0.0,0.0,0.0,0.0,0.0,6.048553273543831e-228
probe_latent,0.18,20.0,18.0,0.1,1.0,2.5,0.0,0.0,0.0,0.0,0.0,0.0,0.0,0.0,0.0,0.0,1.0946845347667624e-143
probe_latent,0.18,20.0,18.0,0.1,1.0,4.0,0.0,0.0,0.0,0.0,0.0,0.0,0.0,0.0,0.0,0.0,8.799456305912321e-228
probe_latent,0.18,20.0,18.0,0.25,1.0,2.5,0.0,0.0,0.0,0.0,0.0,0.0,0.0,0.0,0.0,0.0,1.5556721202271143e-143
probe_latent,0.18,20.0,18.0,0.25,1.0,4.0,0.0,0.0,0.0,0.0,0.0,0.0,0.0,0.0,0.0,0.0,1.5440534590441963e-227
probe_latent,0.18,20.0,30.0,0.0,1.0,2.5,0.0,0.0,0.0,0.0,0.0,0.0,0.0,0.0,0.0,0.0,8.658866531167783e-144
probe_latent,0.18,20.0,30.0,0.0,1.0,4.0,0.0,0.0,0.0,0.0,0.0,0.0,0.0,0.0,0.0,0.0,6.046312652296202e-228
probe_latent,0.18,20.0,30.0,0.1,1.0,2.5,0.0,0.0,0.0,0.0,0.0,0.0,0.0,0.0,0.0,0.0,1.0944951539265284e-143
probe_latent,0.18,20.0,30.0,0.1,1.0,4.0,0.0,0.0,0.0,0.0,0.0,0.0,0.0,0.0,0.0,0.0,8.796199621551327e-228
probe_latent,0.18,20.0,30.0,0.25,1.0,2.5,0.0,0.0,0.0,0.0,0.0,0.0,0.0,0.0,0.0,0.0,1.5554033834626852e-143
probe_latent,0.18,20.0,30.0,0.25,1.0,4.0,0.0,0.0,0.0,0.0,0.0,0.0,0.0,0.0,0.0,0.0,1.5434827880295688e-227
probe_latent,0.18,32.0,8.0,0.0,1.0,2.5,0.0,0.0,0.0,0.0,0.0,0.0,0.0,0.0,0.0,0.0,1.1574926661343418e-130
probe_latent,0.18,32.0,8.0,0.0,1.0,4.0,0.0,0.0,0.0,0.0,0.0,0.0,0.0,0.0,0.0,0.0,7.154172730651663e-207
probe_latent,0.18,32.0,8.0,0.1,1.0,2.5,0.0,0.0,0.0,0.0,0.0,0.0,0.0,0.0,0.0,0.0,1.462609845082455e-130
probe_latent,0.18,32.0,8.0,0.1,1.0,4.0,0.0,0.0,0.0,0.0,0.0,0.0,0.0,0.0,0.0,0.0,1.0401088491551039e-206
probe_latent,0.18,32.0,8.0,0.25,1.0,2.5,0.0,0.0,0.0,0.0,0.0,0.0,0.0,0.0,0.0,0.0,2.077513521193574e-130
probe_latent,0.18,32.0,8.0,0.25,1.0,4.0,0.0,0.0,0.0,0.0,0.0,0.0,0.0,0.0,0.0,0.0,1.823298799331804e-206
probe_latent,0.18,32.0,18.0,0.0,1.0,2.5,0.0,0.0,0.0,0.0,0.0,0.0,0.0,0.0,0.0,0.0,9.254343179329017e-131
probe_latent,0.18,32.0,18.0,0.0,1.0,4.0,0.0,0.0,0.0,0.0,0.0,0.0,0.0,0.0,0.0,0.0,4.2436806042585204e-207
probe_latent,0.18,32.0,18.0,0.1,1.0,2.5,0.0,0.0,0.0,0.0,0.0,0.0,0.0,0.0,0.0,0.0,1.1697641961343723e-130
probe_latent,0.18,32.0,18.0,0.1,1.0,4.0,0.0,0.0,0.0,0.0,0.0,0.0,0.0,0.0,0.0,0.0,6.173721279227788e-207
probe_latent,0.18,32.0,18.0,0.25,1.0,2.5,0.0,0.0,0.0,0.0,0.0,0.0,0.0,0.0,0.0,0.0,1.6623689194201071e-130
probe_latent,0.18,32.0,18.0,0.25,1.0,4.0,0.0,0.0,0.0,0.0,0.0,0.0,0.0,0.0,0.0,0.0,1.0833118962090352e-206
probe_latent,0.18,32.0,30.0,0.0,1.0,2.5,0.0,0.0,0.0,0.0,0.0,0.0,0.0,0.0,0.0,0.0,9.253275648425203e-131
probe_latent,0.18,32.0,30.0,0.0,1.0,4.0,0.0,0.0,0.0,0.0,0.0,0.0,0.0,0.0,0.0,0.0,4.242537863700117e-207
probe_latent,0.18,32.0,30.0,0.1,1.0,2.5,0.0,0.0,0.0,0.0,0.0,0.0,0.0,0.0,0.0,0.0,1.1696294565452627e-130
probe_latent,0.18,32.0,30.0,0.1,1.0,4.0,0.0,0.0,0.0,0.0,0.0,0.0,0.0,0.0,0.0,0.0,6.17206090672864e-207
probe_latent,0.18,32.0,30.0,0.25,1.0,2.5,0.0,0.0,0.0,0.0,0.0,0.0,0.0,0.0,0.0,0.0,1.6621778612555157e-130
probe_latent,0.18,32.0,30.0,0.25,1.0,4.0,0.0,0.0,0.0,0.0,0.0,0.0,0.0,0.0,0.0,0.0,1.0830210984372487e-206
probe_latent,0.26,4.0,8.0,0.0,1.0,2.5,0.0,0.0,0.0,0.0,0.0,0.0,0.0,0.0,0.0,0.0,9.214159130465829e-161
probe_latent,0.26,4.0,8.0,0.0,1.0,4.0,0.0,0.0,0.0,0.0,0.0,0.0,0.0,0.0,0.0,0.0,6.193566643188905e-255
probe_latent,0.26,4.0,8.0,0.1,1.0,2.5,0.0,0.0,0.0,0.0,0.0,0.0,0.0,0.0,0.0,0.0,1.1639617834000933e-160
probe_latent,0.26,4.0,8.0,0.1,1.0,4.0,0.0,0.0,0.0,0.0,0.0,0.0,0.0,0.0,0.0,0.0,8.99923767267477e-255
probe_latent,0.26,4.0,8.0,0.25,1.0,2.5,0.0,0.0,0.0,0.0,0.0,0.0,0.0,0.0,0.0,0.0,1.652582846920411e-160
probe_latent,0.26,4.0,8.0,0.25,1.0,4.0,0.0,0.0,0.0,0.0,0.0,0.0,0.0,0.0,0.0,0.0,1.5761700905417719e-254
probe_latent,0.26,4.0,18.0,0.0,1.0,2.5,0.0,0.0,0.0,0.0,0.0,0.0,0.0,0.0,0.0,3.27477e-319,3.682481598205041e-161
probe_latent,0.26,4.0,18.0,0.0,1.0,4.0,0.0,0.0,0.0,0.0,0.0,0.0,0.0,0.0,0.0,0.0,9.718347088061439e-256
probe_latent,0.26,4.0,18.0,0.1,1.0,2.5,0.0,0.0,0.0,0.0,0.0,0.0,0.0,0.0,0.0,3.4118e-319,4.654714757530572e-161
probe_latent,0.26,4.0,18.0,0.1,1.0,4.0,0.0,0.0,0.0,0.0,0.0,0.0,0.0,0.0,0.0,0.0,1.413805242176947e-255
probe_latent,0.26,4.0,18.0,0.25,1.0,2.5,0.0,0.0,0.0,0.0,0.0,0.0,0.0,0.0,0.0,3.62817e-319,6.61487745656523e-161
probe_latent,0.26,4.0,18.0,0.25,1.0,4.0,0.0,0.0,0.0,0.0,0.0,0.0,0.0,0.0,0.0,0.0,2.4807839343866993e-255
probe_latent,0.26,4.0,30.0,0.0,1.0,2.5,0.0,0.0,0.0,0.0,0.0,0.0,0.0,0.0,0.0,2.9947852477363935e-308,3.678594324467971e-161
probe_latent,0.26,4.0,30.0,0.0,1.0,4.0,0.0,0.0,0.0,0.0,0.0,0.0,0.0,0.0,0.0,0.0,5.843092138250024e-221
probe_latent,0.26,4.0,30.0,0.1,1.0,2.5,0.0,0.0,0.0,0.0,0.0,0.0,0.0,0.0,0.0,3.115629300205906e-308,4.649804505157378e-161
probe_latent,0.26,4.0,30.0,0.1,1.0,4.0,0.0,0.0,0.0,0.0,0.0,0.0,0.0,0.0,0.0,0.0,5.919706252186295e-221
probe_latent,0.26,4.0,30.0,0.25,1.0,2.5,0.0,0.0,0.0,0.0,0.0,0.0,0.0,0.0,0.0,3.3060995069113807e-308,6.607906514460611e-161
probe_latent,0.26,4.0,30.0,0.25,1.0,4.0,0.0,0.0,0.0,0.0,0.0,0.0,0.0,0.0,0.0,0.0,6.036515092517032e-221
probe_latent,0.26,8.0,8.0,0.0,1.0,2.5,0.0,0.0,0.0,0.0,0.0,0.0,0.0,0.0,0.0,0.0,1.8912344203788134e-156
probe_latent,0.26,8.0,8.0,0.0,1.0,4.0,0.0,0.0,0.0,0.0,0.0,0.0,0.0,0.0,0.0,0.0,4.8642816047871206e-248
probe_latent,0.26,8.0,8.0,0.1,1.0,2.5,0.0,0.0,0.0,0.0,0.0,0.0,0.0,0.0,0.0,0.0,2.389067257904494e-156
probe_latent,0.26,8.0,8.0,0.1,1.0,4.0,0.0,0.0,0.0,0.0,0.0,0.0,0.0,0.0,0.0,0.0,7.067789658231664e-248
probe_latent,0.26,8.0,8.0,0.25,1.0,2.5,0.0,0.0,0.0,0.0,0.0,0.0,0.0,0.0,0.0,0.0,3.391976976270742e-156
probe_latent,0.26,8.0,8.0,0.25,1.0,4.0,0.0,0.0,0.0,0.0,0.0,0.0,0.0,0.0,0.0,0.0,1.2378869267305544e-247
probe_latent,0.26,8.0,18.0,0.0,1.0,2.5,0.0,0.0,0.0,0.0,0.0,0.0,0.0,0.0,0.0,6.12335e-318,8.11054559126506e-157
probe_latent,0.26,8.0,18.0,0.0,1.0,4.0,0.0,0.0,0.0,0.0,0.0,0.0,0.0,0.0,0.0,0.0,8.6341617743239e-249
probe_latent,0.26,8.0,18.0,0.1,1.0,2.5,0.0,0.0,0.0,0.0,0.0,0.0,0.0,0.0,0.0,6.379563e-318,1.0251857408788587e-156
probe_latent,0.26,8.0,18.0,0.1,1.0,4.0,0.0,0.0,0.0,0.0,0.0,0.0,0.0,0.0,0.0,0.0,1.2560994827957877e-248
probe_latent,0.26,8.0,18.0,0.25,1.0,2.5,0.0,0.0,0.0,0.0,0.0,0.0,0.0,0.0,0.0,6.784134e-318,1.4569051809588027e-156
probe_latent,0.26,8.0,18.0,0.25,1.0,4.0,0.0,0.0,0.0,0.0,0.0,0.0,0.0,0.0,0.0,0.0,2.204092514444743e-248
probe_latent,0.26,8.0,30.0,0.0,1.0,2.5,0.0,0.0,0.0,0.0,0.0,0.0,0.0,0.0,0.0,3.944450360419557e-307,8.102643011143242e-157
probe_latent,0.26,8.0,30.0,0.0,1.0,4.0,0.0,0.0,0.0,0.0,0.0,0.0,0.0,0.0,0.0,0.0,6.266573809746381e-221
probe_latent,0.26,8.0,30.0,0.1,1.0,2.5,0.0,0.0,0.0,0.0,0.0,0.0,0.0,0.0,0.0,4.1036148169288226e-307,1.0241875742127331e-156
probe_latent,0.26,8.0,30.0,0.1,1.0,4.0,0.0,0.0,0.0,0.0,0.0,0.0,0.0,0.0,0.0,0.0,6.348740899975732e-221
probe_latent,0.26,8.0,30.0,0.25,1.0,2.5,0.0,0.0,0.0,0.0,0.0,0.0,0.0,0.0,0.0,4.354484316188065e-307,1.4554882331425818e-156
probe_latent,0.26,8.0,30.0,0.25,1.0,4.0,0.0,0.0,0.0,0.0,0.0,0.0,0.0,0.0,0.0,0.0,6.474016035748633e-221
probe_latent,0.26,12.0,8.0,0.0,1.0,2.5,0.0,0.0,0.0,0.0,0.0,0.0,0.0,0.0,0.0,0.0,3.88181664998547e-152
probe_latent,0.26,12.0,8.0,0.0,1.0,4.0,0.0,0.0,0.0,0.0,0.0,0.0,0.0,0.0,0.0,0.0,3.8202923927029065e-241
probe_latent,0.26,12.0,8.0,0.1,1.0,2.5,0.0,0.0,0.0,0.0,0.0,0.0,0.0,0.0,0.0,0.0,4.903633817013141e-152
probe_latent,0.26,12.0,8.0,0.1,1.0,4.0,0.0,0.0,0.0,0.0,0.0,0.0,0.0,0.0,0.0,0.0,5.550875804146287e-241
probe_latent,0.26,12.0,8.0,0.25,1.0,2.5,0.0,0.0,0.0,0.0,0.0,0.0,0.0,0.0,0.0,0.0,6.962136772139428e-152
probe_latent,0.26,12.0,8.0,0.25,1.0,4.0,0.0,0.0,0.0,0.0,0.0,0.0,0.0,0.0,0.0,0.0,9.722072843317798e-241
probe_latent,0.26,12.0,18.0,0.0,1.0,2.5,0.0,0.0,0.0,0.0,0.0,0.0,0.0,0.0,0.0,1.14497614e-316,1.786321208503774e-152
probe_latent,0.26,12.0,18.0,0.0,1.0,4.0,0.0,0.0,0.0,0.0,0.0,0.0,0.0,0.0,0.0,0.0,7.671319250962397e-242
probe_latent,0.26,12.0,18.0,0.1,1.0,2.5,0.0,0.0,0.0,0.0,0.0,0.0,0.0,0.0,0.0,1.19288484e-316,2.257938150991784e-152
probe_latent,0.26,12.0,18.0,0.1,1.0,4.0,0.0,0.0,0.0,0.0,0.0,0.0,0.0,0.0,0.0,0.0,1.1160249709676666e-241
probe_latent,0.26,12.0,18.0,0.25,1.0,2.5,0.0,0.0,0.0,0.0,0.0,0.0,0.0,0.0,0.0,1.26853267e-316,3.208786134349079e-152
probe_latent,0.26,12.0,18.0,0.25,1.0,4.0,0.0,0.0,0.0,0.0,0.0,0.0,0.0,0.0,0.0,0.0,1.9583021234706124e-241
probe_latent,0.26,12.0,30.0,0.0,1.0,2.5,0.0,0.0,0.0,0.0,0.0,0.0,0.0,0.0,0.0,5.1952602135909416e-306,1.7847258483856787e-152
probe_latent,0.26,12.0,30.0,0.0,1.0,4.0,0.0,0.0,0.0,0.0,0.0,0.0,0.0,0.0,0.0,0.0,6.720761006737018e-221
probe_latent,0.26,12.0,30.0,0.1,1.0,2.5,0.0,0.0,0.0,0.0,0.0,0.0,0.0,0.0,0.0,5.4048967136767115e-306,2.255923202810565e-152
probe_latent,0.26,12.0,30.0,0.1,1.0,4.0,0.0,0.0,0.0,0.0,0.0,0.0,0.0,0.0,0.0,0.0,6.808883841726778e-221
probe_latent,0.26,12.0,30.0,0.25,1.0,2.5,0.0,0.0,0.0,0.0,0.0,0.0,0.0,0.0,0.0,5.735318498517324e-306,3.2059261010738426e-152
probe_latent,0.26,12.0,30.0,0.25,1.0,4.0,0.0,0.0,0.0,0.0,0.0,0.0,0.0,0.0,0.0,0.0,6.943239355841751e-221
probe_latent,0.26,20.0,8.0,0.0,1.0,2.5,0.0,0.0,0.0,0.0,0.0,0.0,0.0,0.0,0.0,7e-323,1.6353636062438792e-143
probe_latent,0.26,20.0,8.0,0.0,1.0,4.0,0.0,0.0,0.0,0.0,0.0,0.0,0.0,0.0,0.0,0.0,2.3564183299445877e-227
probe_latent,0.26,20.0,8.0,0.1,1.0,2.5,0.0,0.0,0.0,0.0,0.0,0.0,0.0,0.0,0.0,7.4e-323,2.065843136285189e-143
probe_latent,0.26,20.0,8.0,0.1,1.0,4.0,0.0,0.0,0.0,0.0,0.0,0.0,0.0,0.0,0.0,0.0,3.4238702558789776e-227
probe_latent,0.26,20.0,8.0,0.25,1.0,2.5,0.0,0.0,0.0,0.0,0.0,0.0,0.0,0.0,0.0,8e-323,2.9330661711937557e-143
probe_latent,0.26,20.0,8.0,0.25,1.0,4.0,0.0,0.0,0.0,0.0,0.0,0.0,0.0,0.0,0.0,0.0,5.996732264998685e-227
probe_latent,0.26,20.0,18.0,0.0,1.0,2.5,0.0,0.0,0.0,0.0,0.0,0.0,0.0,0.0,0.0,4.003236476e-314,8.665198657084753e-144
probe_latent,0.26,20.0,18.0,0.0,1.0,4.0,0.0,0.0,0.0,0.0,0.0,0.0,0.0,0.0,0.0,0.0,6.055776066804259e-228
probe_latent,0.26,20.0,18.0,0.1,1.0,2.5,0.0,0.0,0.0,0.0,0.0,0.0,0.0,0.0,0.0,4.1707420926e-314,1.0952947622528945e-143
probe_latent,0.26,20.0,18.0,0.1,1.0,4.0,0.0,0.0,0.0,0.0,0.0,0.0,0.0,0.0,0.0,0.0,8.809954439445401e-228
probe_latent,0.26,20.0,18.0,0.25,1.0,2.5,0.0,0.0,0.0,0.0,0.0,0.0,0.0,0.0,0.0,4.4352333066e-314,1.5565380498126172e-143
probe_latent,0.26,20.0,18.0,0.25,1.0,4.0,0.0,0.0,0.0,0.0,0.0,0.0,0.0,0.0,0.0,0.0,1.5458930521497373e-227
probe_latent,0.26,20.0,30.0,0.0,1.0,2.5,0.0,0.0,0.0,0.0,0.0,0.0,0.0,0.0,0.0,9.012575678779922e-304,8.658868233198443e-144
probe_latent,0.26,20.0,30.0,0.0,1.0,4.0,0.0,0.0,0.0,0.0,0.0,0.0,0.0,0.0,0.0,0.0,7.73034566624115e-221
probe_latent,0.26,20.0,30.0,0.1,1.0,2.5,0.0,0.0,0.0,0.0,0.0,0.0,0.0,0.0,0.0,9.376246552688206e-304,1.0944953688556907e-143
probe_latent,0.26,20.0,30.0,0.1,1.0,4.0,0.0,0.0,0.0,0.0,0.0,0.0,0.0,0.0,0.0,0.0,7.831708108693316e-221
probe_latent,0.26,20.0,30.0,0.25,1.0,2.5,0.0,0.0,0.0,0.0,0.0,0.0,0.0,0.0,0.0,9.949451978280393e-304,1.5554036884532853e-143
probe_latent,0.26,20.0,30.0,0.25,1.0,4.0,0.0,0.0,0.0,0.0,0.0,0.0,0.0,0.0,0.0,0.0,7.986249556232527e-221
probe_latent,0.26,32.0,8.0,0.0,1.0,2.5,0.0,0.0,0.0,0.0,0.0,0.0,0.0,0.0,0.0,1.179503e-318,1.4141103269954771e-130
probe_latent,0.26,32.0,8.0,0.0,1.0,4.0,0.0,0.0,0.0,0.0,0.0,0.0,0.0,0.0,0.0,0.0,1.1415267036008381e-206
probe_latent,0.26,32.0,8.0,0.1,1.0,2.5,0.0,0.0,0.0,0.0,0.0,0.0,0.0,0.0,0.0,1.23035e-318,1.7863489818532486e-130
probe_latent,0.26,32.0,8.0,0.1,1.0,4.0,0.0,0.0,0.0,0.0,0.0,0.0,0.0,0.0,0.0,0.0,1.6586355983924116e-206
probe_latent,0.26,32.0,8.0,0.25,1.0,2.5,0.0,0.0,0.0,0.0,0.0,0.0,0.0,0.0,0.0,1.31076e-318,2.5362427943303748e-130
probe_latent,0.26,32.0,8.0,0.25,1.0,4.0,0.0,0.0,0.0,0.0,0.0,0.0,0.0,0.0,0.0,0.0,2.905014753896314e-206
probe_latent,0.26,32.0,18.0,0.0,1.0,2.5,0.0,0.0,0.0,0.0,0.0,0.0,0.0,0.0,0.0,2.6171792455153e-310,9.257782589571974e-131
probe_latent,0.26,32.0,18.0,0.0,1.0,4.0,0.0,0.0,0.0,0.0,0.0,0.0,0.0,0.0,0.0,0.0,4.247363522959564e-207
probe_latent,0.26,32.0,18.0,0.1,1.0,2.5,0.0,0.0,0.0,0.0,0.0,0.0,0.0,0.0,0.0,2.7266886950891e-310,1.1701983049336848e-130
probe_latent,0.26,32.0,18.0,0.1,1.0,4.0,0.0,0.0,0.0,0.0,0.0,0.0,0.0,0.0,0.0,0.0,6.179072461109479e-207
probe_latent,0.26,32.0,18.0,0.25,1.0,2.5,0.0,0.0,0.0,0.0,0.0,0.0,0.0,0.0,0.0,2.8996040148665e-310,1.662984477081749e-130
probe_latent,0.26,32.0,18.0,0.25,1.0,4.0,0.0,0.0,0.0,0.0,0.0,0.0,0.0,0.0,0.0,0.0,1.0842491016287532e-206
probe_latent,0.26,32.0,30.0,0.0,1.0,2.5,0.0,0.0,0.0,0.0,0.0,0.0,0.0,0.0,0.0,2.0592608080661673e-300,9.253276860005018e-131
probe_latent,0.26,32.0,30.0,0.0,1.0,4.0,0.0,0.0,0.0,0.0,0.0,0.0,0.0,0.0,0.0,0.0,4.242539160538492e-207
probe_latent,0.26,32.0,30.0,0.1,1.0,2.5,0.0,0.0,0.0,0.0,0.0,0.0,0.0,0.0,0.0,2.1423550537475396e-300,1.1696296094661814e-130
probe_latent,0.26,32.0,30.0,0.1,1.0,4.0,0.0,0.0,0.0,0.0,0.0,0.0,0.0,0.0,0.0,0.0,6.172062791001822e-207
probe_latent,0.26,32.0,30.0,0.25,1.0,2.5,0.0,0.0,0.0,0.0,0.0,0.0,0.0,0.0,0.0,2.273325323508722e-300,1.662178078094492e-130
probe_latent,0.26,32.0,30.0,0.25,1.0,4.0,0.0,0.0,0.0,0.0,0.0,0.0,0.0,0.0,0.0,0.0,1.0830214284490874e-206
probe_latent,0.34,4.0,8.0,0.0,1.0,2.5,0.0,0.0,0.0,0.0,0.0,0.0,0.0,0.0,0.0,1.799758649856852e-285,2.0847299800617036e-160
probe_latent,0.34,4.0,8.0,0.0,1.0,4.0,0.0,0.0,0.0,0.0,0.0,0.0,0.0,0.0,0.0,0.0,3.2212081680117052e-254
probe_latent,0.34,4.0,8.0,0.1,1.0,2.5,0.0,0.0,0.0,0.0,0.0,0.0,0.0,0.0,0.0,1.8668231747318747e-285,2.6320430414981384e-160
probe_latent,0.34,4.0,8.0,0.1,1.0,4.0,0.0,0.0,0.0,0.0,0.0,0.0,0.0,0.0,0.0,0.0,4.675241213418544e-254
probe_latent,0.34,4.0,8.0,0.25,1.0,2.5,0.0,0.0,0.0,0.0,0.0,0.0,0.0,0.0,0.0,1.9721346093349716e-285,3.733857586978321e-160
probe_latent,0.34,4.0,8.0,0.25,1.0,4.0,0.0,0.0,0.0,0.0,0.0,0.0,0.0,0.0,0.0,0.0,8.17488908981437e-254
probe_latent,0.34,4.0,18.0,0.0,1.0,2.5,0.0,0.0,0.0,0.0,0.0,0.0,0.0,0.0,0.0,9.561837893535793e-239,3.695032721912905e-161
probe_latent,0.34,4.0,18.0,0.0,1.0,4.0,0.0,0.0,0.0,0.0,0.0,0.0,0.0,0.0,0.0,7.141644452065816e-284,1.1151088845832835e-212
probe_latent,0.34,4.0,18.0,0.1,1.0,2.5,0.0,0.0,0.0,0.0,0.0,0.0,0.0,0.0,0.0,9.857974156490786e-239,4.6705688229157e-161
probe_latent,0.34,4.0,18.0,0.1,1.0,4.0,0.0,0.0,0.0,0.0,0.0,0.0,0.0,0.0,0.0,7.40583123626711e-284,1.1377404388825633e-212
probe_latent,0.34,4.0,18.0,0.25,1.0,2.5,0.0,0.0,0.0,0.0,0.0,0.0,0.0,0.0,0.0,1.0319463594861035e-238,6.6373849599349334e-161
probe_latent,0.34,4.0,18.0,0.25,1.0,4.0,0.0,0.0,0.0,0.0,0.0,0.0,0.0,0.0,0.0,7.820548080509692e-284,1.172551893435154e-212
probe_latent,0.34,4.0,30.0,0.0,1.0,2.5,0.0,0.0,0.0,0.0,0.0,0.0,0.0,0.0,0.0,2.690361777783748e-210,3.6786058435241846e-161
probe_latent,0.34,4.0,30.0,0.0,1.0,4.0,0.0,0.0,0.0,0.0,0.0,0.0,0.0,0.0,0.0,8.441054450342075e-227,8.284789320155233e-190
probe_latent,0.34,4.0,30.0,0.1,1.0,2.5,0.0,0.0,0.0,0.0,0.0,0.0,0.0,0.0,0.0,2.7634516053045936e-210,4.649819055584368e-161
probe_latent,0.34,4.0,30.0,0.1,1.0,4.0,0.0,0.0,0.0,0.0,0.0,0.0,0.0,0.0,0.0,8.68884497970386e-227,8.434344634665325e-190
probe_latent,0.34,4.0,30.0,0.25,1.0,2.5,0.0,0.0,0.0,0.0,0.0,0.0,0.0,0.0,0.0,2.876826245491979e-210,6.607927171288609e-161
probe_latent,0.34,4.0,30.0,0.25,1.0,4.0,0.0,0.0,0.0,0.0,0.0,0.0,0.0,0.0,0.0,9.074235990847927e-227,8.663754817884313e-190
probe_latent,0.34,8.0,8.0,0.0,1.0,2.5,0.0,0.0,0.0,0.0,0.0,0.0,0.0,0.0,0.0,1.2128984355027489e-284,4.0195047742831255e-156
probe_latent,0.34,8.0,8.0,0.0,1.0,4.0,0.0,0.0,0.0,0.0,0.0,0.0,0.0,0.0,0.0,0.0,2.267708616386529e-247
probe_latent,0.34,8.0,8.0,0.1,1.0,2.5,0.0,0.0,0.0,0.0,0.0,0.0,0.0,0.0,0.0,1.258094749633602e-284,5.074762522054447e-156
probe_latent,0.34,8.0,8.0,0.1,1.0,4.0,0.0,0.0,0.0,0.0,0.0,0.0,0.0,0.0,0.0,0.0,3.291337979531696e-247
probe_latent,0.34,8.0,8.0,0.25,1.0,2.5,0.0,0.0,0.0,0.0,0.0,0.0,0.0,0.0,0.0,1.3290665292557228e-284,7.199137797648221e-156
probe_latent,0.34,8.0,8.0,0.25,1.0,4.0,0.0,0.0,0.0,0.0,0.0,0.0,0.0,0.0,0.0,0.0,5.755066254665263e-247
probe_latent,0.34,8.0,18.0,0.0,1.0,2.5,0.0,0.0,0.0,0.0,0.0,0.0,0.0,0.0,0.0,2.081476621535857e-238,8.136056863579453e-157
probe_latent,0.34,8.0,18.0,0.0,1.0,4.0,0.0,0.0,0.0,0.0,0.0,0.0,0.0,0.0,0.0,1.8035769546787397e-283,1.395917176782846e-212
probe_latent,0.34,8.0,18.0,0.1,1.0,2.5,0.0,0.0,0.0,0.0,0.0,0.0,0.0,0.0,0.0,2.1459412898342532e-238,1.0284080382603766e-156
probe_latent,0.34,8.0,18.0,0.1,1.0,4.0,0.0,0.0,0.0,0.0,0.0,0.0,0.0,0.0,0.0,1.87029564935953e-283,1.424247841008088e-212
probe_latent,0.34,8.0,18.0,0.25,1.0,2.5,0.0,0.0,0.0,0.0,0.0,0.0,0.0,0.0,0.0,2.2464010014240904e-238,1.4614793839103257e-156
probe_latent,0.34,8.0,18.0,0.25,1.0,4.0,0.0,0.0,0.0,0.0,0.0,0.0,0.0,0.0,0.0,1.9750297547904794e-283,1.4678255651484547e-212
probe_latent,0.34,8.0,30.0,0.0,1.0,2.5,0.0,0.0,0.0,0.0,0.0,0.0,0.0,0.0,0.0,3.453756048021144e-210,8.102666429597223e-157
probe_latent,0.34,8.0,30.0,0.0,1.0,4.0,0.0,0.0,0.0,0.0,0.0,0.0,0.0,0.0,0.0,1.1053243702446282e-226,8.527667929421576e-190
probe_latent,0.34,8.0,30.0,0.1,1.0,2.5,0.0,0.0,0.0,0.0,0.0,0.0,0.0,0.0,0.0,3.547585225915907e-210,1.0241905321742911e-156
probe_latent,0.34,8.0,30.0,0.1,1.0,4.0,0.0,0.0,0.0,0.0,0.0,0.0,0.0,0.0,0.0,1.1377716092040091e-226,8.681607638681242e-190
probe_latent,0.34,8.0,30.0,0.25,1.0,2.5,0.0,0.0,0.0,0.0,0.0,0.0,0.0,0.0,0.0,3.693130093700182e-210,1.4554924321201346e-156
probe_latent,0.34,8.0,30.0,0.25,1.0,4.0,0.0,0.0,0.0,0.0,0.0,0.0,0.0,0.0,0.0,1.188237114336901e-226,8.917743258613052e-190
probe_latent,0.34,12.0,8.0,0.0,1.0,2.5,0.0,0.0,0.0,0.0,0.0,0.0,0.0,0.0,0.0,8.173999413543728e-284,7.749885493567643e-152
probe_latent,0.34,12.0,8.0,0.0,1.0,4.0,0.0,0.0,0.0,0.0,0.0,0.0,0.0,0.0,0.0,0.0,1.5964514246244768e-240
probe_latent,0.34,12.0,8.0,0.1,1.0,2.5,0.0,0.0,0.0,0.0,0.0,0.0,0.0,0.0,0.0,8.478587691000612e-284,9.784496016672792e-152
probe_latent,0.34,12.0,8.0,0.1,1.0,4.0,0.0,0.0,0.0,0.0,0.0,0.0,0.0,0.0,0.0,0.0,2.317079526168015e-240
probe_latent,0.34,12.0,8.0,0.25,1.0,2.5,0.0,0.0,0.0,0.0,0.0,0.0,0.0,0.0,0.0,8.956882713921395e-284,1.3880439685294065e-151
probe_latent,0.34,12.0,8.0,0.25,1.0,4.0,0.0,0.0,0.0,0.0,0.0,0.0,0.0,0.0,0.0,0.0,4.051527455810742e-240
probe_latent,0.34,12.0,18.0,0.0,1.0,2.5,0.0,0.0,0.0,0.0,0.0,0.0,0.0,0.0,0.0,4.5310796671514546e-238,1.7914705029493076e-152
probe_latent,0.34,12.0,18.0,0.0,1.0,4.0,0.0,0.0,0.0,0.0,0.0,0.0,0.0,0.0,0.0,4.554819066226303e-283,1.7474390092110573e-212
probe_latent,0.34,12.0,18.0,0.1,1.0,2.5,0.0,0.0,0.0,0.0,0.0,0.0,0.0,0.0,0.0,4.67141011561981e-238,2.264441727031982e-152
probe_latent,0.34,12.0,18.0,0.1,1.0,4.0,0.0,0.0,0.0,0.0,0.0,0.0,0.0,0.0,0.0,4.723312892795475e-283,1.7829039412625559e-212
probe_latent,0.34,12.0,18.0,0.25,1.0,2.5,0.0,0.0,0.0,0.0,0.0,0.0,0.0,0.0,0.0,4.890096672962329e-238,3.218017340395038e-152
probe_latent,0.34,12.0,18.0,0.25,1.0,4.0,0.0,0.0,0.0,0.0,0.0,0.0,0.0,0.0,0.0,4.987812225115905e-283,1.837455469363337e-212
probe_latent,0.34,12.0,30.0,0.0,1.0,2.5,0.0,0.0,0.0,0.0,0.0,0.0,0.0,0.0,0.0,4.433764610300718e-210,1.7847305762561559e-152
probe_latent,0.34,12.0,30.0,0.0,1.0,4.0,0.0,0.0,0.0,0.0,0.0,0.0,0.0,0.0,0.0,1.4473807397455078e-226,8.777666818583454e-190
probe_latent,0.34,12.0,30.0,0.1,1.0,2.5,0.0,0.0,0.0,0.0,0.0,0.0,0.0,0.0,0.0,4.5542179609656475e-210,2.255929174137785e-152
probe_latent,0.34,12.0,30.0,0.1,1.0,4.0,0.0,0.0,0.0,0.0,0.0,0.0,0.0,0.0,0.0,1.4898691802359083e-226,8.936119456422342e-190
probe_latent,0.34,12.0,30.0,0.25,1.0,2.5,0.0,0.0,0.0,0.0,0.0,0.0,0.0,0.0,0.0,4.741061407642361e-210,3.205934576827162e-152
probe_latent,0.34,12.0,30.0,0.25,1.0,4.0,0.0,0.0,0.0,0.0,0.0,0.0,0.0,0.0,0.0,1.5559518633985986e-226,9.179177677370408e-190
probe_latent,0.34,20.0,8.0,0.0,1.0,2.5,0.0,0.0,0.0,0.0,0.0,0.0,0.0,0.0,0.0,3.712401461047426e-282,2.8809834241281028e-143
probe_latent,0.34,20.0,8.0,0.0,1.0,4.0,0.0,0.0,0.0,0.0,0.0,0.0,0.0,0.0,0.0,0.0,7.912115635664377e-227
probe_latent,0.34,20.0,8.0,0.1,1.0,2.5,0.0,0.0,0.0,0.0,0.0,0.0,0.0,0.0,0.0,3.850736920721583e-282,3.637340301463606e-143
probe_latent,0.34,20.0,8.0,0.1,1.0,4.0,0.0,0.0,0.0,0.0,0.0,0.0,0.0,0.0,0.0,0.0,1.1483594718446383e-226
probe_latent,0.34,20.0,8.0,0.25,1.0,2.5,0.0,0.0,0.0,0.0,0.0,0.0,0.0,0.0,0.0,4.06796511613358e-282,5.159988065131154e-143
probe_latent,0.34,20.0,8.0,0.25,1.0,4.0,0.0,0.0,0.0,0.0,0.0,0.0,0.0,0.0,0.0,0.0,2.0079629882248184e-226
probe_latent,0.34,20.0,18.0,0.0,1.0,2.5,0.0,0.0,0.0,0.0,0.0,0.0,0.0,0.0,0.0,2.1471481924989497e-237,8.685624200036766e-144
probe_latent,0.34,20.0,18.0,0.0,1.0,4.0,0.0,0.0,0.0,0.0,0.0,0.0,0.0,0.0,0.0,2.9049859406060858e-282,2.7383362585803333e-212
probe_latent,0.34,20.0,18.0,0.1,1.0,2.5,0.0,0.0,0.0,0.0,0.0,0.0,0.0,0.0,0.0,2.2136467515434475e-237,1.0978740555036968e-143
probe_latent,0.34,20.0,18.0,0.1,1.0,4.0,0.0,0.0,0.0,0.0,0.0,0.0,0.0,0.0,0.0,3.0124484303659476e-282,2.793911823068156e-212
probe_latent,0.34,20.0,18.0,0.25,1.0,2.5,0.0,0.0,0.0,0.0,0.0,0.0,0.0,0.0,0.0,2.3172760145038582e-237,1.560198130075715e-143
probe_latent,0.34,20.0,18.0,0.25,1.0,4.0,0.0,0.0,0.0,0.0,0.0,0.0,0.0,0.0,0.0,3.1811415947965478e-282,2.879397168520728e-212
probe_latent,0.34,20.0,30.0,0.0,1.0,2.5,0.0,0.0,0.0,0.0,0.0,0.0,0.0,0.0,0.0,7.306923842692331e-210,8.658886995003246e-144
probe_latent,0.34,20.0,30.0,0.0,1.0,4.0,0.0,0.0,0.0,0.0,0.0,0.0,0.0,0.0,0.0,2.48181197990182e-226,9.299866514483356e-190
probe_latent,0.34,20.0,30.0,0.1,1.0,2.5,0.0,0.0,0.0,0.0,0.0,0.0,0.0,0.0,0.0,7.505433131584431e-210,1.094497738060132e-143
probe_latent,0.34,20.0,30.0,0.1,1.0,4.0,0.0,0.0,0.0,0.0,0.0,0.0,0.0,0.0,0.0,2.5546665631643845e-226,9.46774579393489e-190
probe_latent,0.34,20.0,30.0,0.25,1.0,2.5,0.0,0.0,0.0,0.0,0.0,0.0,0.0,0.0,0.0,7.81335449308411e-210,1.5554070504217798e-143
probe_latent,0.34,20.0,30.0,0.25,1.0,4.0,0.0,0.0,0.0,0.0,0.0,0.0,0.0,0.0,0.0,2.6679780023963704e-226,9.725263999715863e-190
probe_latent,0.34,32.0,8.0,0.0,1.0,2.5,0.0,0.0,0.0,0.0,0.0,0.0,0.0,0.0,0.0,1.1362801867475403e-279,2.064947289826567e-130
probe_latent,0.34,32.0,8.0,0.0,1.0,4.0,0.0,0.0,0.0,0.0,0.0,0.0,0.0,0.0,0.0,0.0,2.7605651528493334e-206
probe_latent,0.34,32.0,8.0,0.1,1.0,2.5,0.0,0.0,0.0,0.0,0.0,0.0,0.0,0.0,0.0,1.1786214700386011e-279,2.607066717142712e-130
probe_latent,0.34,32.0,8.0,0.1,1.0,4.0,0.0,0.0,0.0,0.0,0.0,0.0,0.0,0.0,0.0,0.0,4.006666847270135e-206
probe_latent,0.34,32.0,8.0,0.25,1.0,2.5,0.0,0.0,0.0,0.0,0.0,0.0,0.0,0.0,0.0,1.2451099942565436e-279,3.698425781069759e-130
probe_latent,0.34,32.0,8.0,0.25,1.0,4.0,0.0,0.0,0.0,0.0,0.0,0.0,0.0,0.0,0.0,0.0,7.005853944447017e-206
probe_latent,0.34,32.0,18.0,0.0,1.0,2.5,0.0,0.0,0.0,0.0,0.0,0.0,0.0,0.0,0.0,2.2148917325575098e-236,9.272313235907558e-131
probe_latent,0.34,32.0,18.0,0.0,1.0,4.0,0.0,0.0,0.0,0.0,0.0,0.0,0.0,0.0,0.0,4.67900373933485e-281,4.2629967868859424e-207
probe_latent,0.34,32.0,18.0,0.1,1.0,2.5,0.0,0.0,0.0,0.0,0.0,0.0,0.0,0.0,0.0,2.283488352562218e-236,1.1720323032354252e-130
probe_latent,0.34,32.0,18.0,0.1,1.0,4.0,0.0,0.0,0.0,0.0,0.0,0.0,0.0,0.0,0.0,4.85209145876103e-281,6.201763866886748e-207
probe_latent,0.34,32.0,18.0,0.25,1.0,2.5,0.0,0.0,0.0,0.0,0.0,0.0,0.0,0.0,0.0,2.3903871677366405e-236,1.6655850447775576e-130
probe_latent,0.34,32.0,18.0,0.25,1.0,4.0,0.0,0.0,0.0,0.0,0.0,0.0,0.0,0.0,0.0,5.123802222017368e-281,1.0882193045876968e-206
probe_latent,0.34,32.0,30.0,0.0,1.0,2.5,0.0,0.0,0.0,0.0,0.0,0.0,0.0,0.0,0.0,1.5458861396274207e-209,9.25329021547387e-131
probe_latent,0.34,32.0,30.0,0.0,1.0,4.0,0.0,0.0,0.0,0.0,0.0,0.0,0.0,0.0,0.0,5.572473447066953e-226,1.0141989334366597e-189
probe_latent,0.34,32.0,30.0,0.1,1.0,2.5,0.0,0.0,0.0,0.0,0.0,0.0,0.0,0.0,0.0,1.5878836703109376e-209,1.1696312951414989e-130
probe_latent,0.34,32.0,30.0,0.1,1.0,4.0,0.0,0.0,0.0,0.0,0.0,0.0,0.0,0.0,0.0,5.736055633798048e-226,1.0325070441929483e-189
probe_latent,0.34,32.0,30.0,0.25,1.0,2.5,0.0,0.0,0.0,0.0,0.0,0.0,0.0,0.0,0.0,1.6530289181724737e-209,1.6621804683502188e-130
probe_latent,0.34,32.0,30.0,0.25,1.0,4.0,0.0,0.0,0.0,0.0,0.0,0.0,0.0,0.0,0.0,5.990476593758989e-226,1.060590747247916e-189
probe_latent,0.42,4.0,8.0,0.0,1.0,2.5,0.0,0.0,0.0,0.0,0.0,0.0,0.0,0.0,0.0,6.61847572325822e-251,9.640900884165495e-160
probe_latent,0.42,4.0,8.0,0.0,1.0,4.0,0.0,0.0,0.0,0.0,0.0,0.0,0.0,0.0,0.0,2.882743196036354e-308,9.177698032011056e-253
probe_latent,0.42,4.0,8.0,0.1,1.0,2.5,0.0,0.0,0.0,0.0,0.0,0.0,0.0,0.0,0.0,6.834255776882208e-251,1.215937086944383e-159
probe_latent,0.42,4.0,8.0,0.1,1.0,4.0,0.0,0.0,0.0,0.0,0.0,0.0,0.0,0.0,0.0,2.9988548202528223e-308,1.2410504035386185e-252
probe_latent,0.42,4.0,8.0,0.25,1.0,2.5,0.0,0.0,0.0,0.0,0.0,0.0,0.0,0.0,0.0,7.171187883611271e-251,1.7222703911868976e-159
probe_latent,0.42,4.0,8.0,0.25,1.0,4.0,0.0,0.0,0.0,0.0,0.0,0.0,0.0,0.0,0.0,3.1818497621062636e-308,2.0127441992326966e-252
probe_latent,0.42,4.0,18.0,0.0,1.0,2.5,0.0,0.0,0.0,0.0,0.0,0.0,0.0,0.0,0.0,5.544132488800128e-206,3.748475765449761e-161
probe_latent,0.42,4.0,18.0,0.0,1.0,4.0,0.0,0.0,0.0,0.0,0.0,0.0,0.0,0.0,0.0,3.808960729543878e-218,1.5851508686138263e-192
probe_latent,0.42,4.0,18.0,0.1,1.0,2.5,0.0,0.0,0.0,0.0,0.0,0.0,0.0,0.0,0.0,5.691564125467993e-206,4.738075480242906e-161
probe_latent,0.42,4.0,18.0,0.1,1.0,4.0,0.0,0.0,0.0,0.0,0.0,0.0,0.0,0.0,0.0,3.916386549248117e-218,1.614187809224176e-192
probe_latent,0.42,4.0,18.0,0.25,1.0,2.5,0.0,0.0,0.0,0.0,0.0,0.0,0.0,0.0,0.0,5.920095097704283e-206,6.733221110701757e-161
probe_latent,0.42,4.0,18.0,0.25,1.0,4.0,0.0,0.0,0.0,0.0,0.0,0.0,0.0,0.0,0.0,4.0832327230350107e-218,1.6587435730943295e-192
probe_latent,0.42,4.0,30.0,0.0,1.0,2.5,0.0,0.0,0.0,0.0,0.0,0.0,0.0,0.0,0.0,1.829118077153107e-195,3.678732822479307e-161
probe_latent,0.42,4.0,30.0,0.0,1.0,4.0,0.0,0.0,0.0,0.0,0.0,0.0,0.0,0.0,0.0,4.8061076656336965e-197,2.6893458121886093e-186
probe_latent,0.42,4.0,30.0,0.1,1.0,2.5,0.0,0.0,0.0,0.0,0.0,0.0,0.0,0.0,0.0,1.8751983662964804e-195,4.649979450496567e-161
probe_latent,0.42,4.0,30.0,0.1,1.0,4.0,0.0,0.0,0.0,0.0,0.0,0.0,0.0,0.0,0.0,4.928189880172699e-197,2.7369685656465053e-186
probe_latent,0.42,4.0,30.0,0.25,1.0,2.5,0.0,0.0,0.0,0.0,0.0,0.0,0.0,0.0,0.0,1.946504567345708e-195,6.608154879385744e-161
probe_latent,0.42,4.0,30.0,0.25,1.0,4.0,0.0,0.0,0.0,0.0,0.0,0.0,0.0,0.0,0.0,5.1171522432292314e-197,2.8099885405772495e-186
probe_latent,0.42,8.0,8.0,0.0,1.0,2.5,0.0,0.0,0.0,0.0,0.0,0.0,0.0,0.0,0.0,1.8733559282736338e-250,1.6539411771770741e-155
probe_latent,0.42,8.0,8.0,0.0,1.0,4.0,0.0,0.0,0.0,0.0,0.0,0.0,0.0,0.0,0.0,1.0374626725576978e-307,4.073783099477279e-246
probe_latent,0.42,8.0,8.0,0.1,1.0,2.5,0.0,0.0,0.0,0.0,0.0,0.0,0.0,0.0,0.0,1.93443235426084e-250,2.0859963618722883e-155
probe_latent,0.42,8.0,8.0,0.1,1.0,4.0,0.0,0.0,0.0,0.0,0.0,0.0,0.0,0.0,0.0,1.0792497717832764e-307,5.900431110597083e-246
probe_latent,0.42,8.0,8.0,0.25,1.0,2.5,0.0,0.0,0.0,0.0,0.0,0.0,0.0,0.0,0.0,2.029800802519782e-250,2.954634584922863e-155
probe_latent,0.42,8.0,8.0,0.25,1.0,4.0,0.0,0.0,0.0,0.0,0.0,0.0,0.0,0.0,0.0,1.1451073277739895e-307,1.0285194620101924e-245
probe_latent,0.42,8.0,18.0,0.0,1.0,2.5,0.0,0.0,0.0,0.0,0.0,0.0,0.0,0.0,0.0,6.63901816414261e-206,8.244610504944262e-157
probe_latent,0.42,8.0,18.0,0.0,1.0,4.0,0.0,0.0,0.0,0.0,0.0,0.0,0.0,0.0,0.0,4.610556282228792e-218,1.6663267372524316e-192
probe_latent,0.42,8.0,18.0,0.1,1.0,2.5,0.0,0.0,0.0,0.0,0.0,0.0,0.0,0.0,0.0,6.815565408600518e-206,1.0421192325073023e-156
probe_latent,0.42,8.0,18.0,0.1,1.0,4.0,0.0,0.0,0.0,0.0,0.0,0.0,0.0,0.0,0.0,4.740589859122683e-218,1.6968506649523533e-192
probe_latent,0.42,8.0,18.0,0.25,1.0,2.5,0.0,0.0,0.0,0.0,0.0,0.0,0.0,0.0,0.0,7.08922792997981e-206,1.480942894524498e-156
probe_latent,0.42,8.0,18.0,0.25,1.0,4.0,0.0,0.0,0.0,0.0,0.0,0.0,0.0,0.0,0.0,4.942548799983468e-218,1.7436881377163607e-192
probe_latent,0.42,8.0,30.0,0.0,1.0,2.5,0.0,0.0,0.0,0.0,0.0,0.0,0.0,0.0,0.0,1.870166495138969e-195,8.102924579784162e-157
probe_latent,0.42,8.0,30.0,0.0,1.0,4.0,0.0,0.0,0.0,0.0,0.0,0.0,0.0,0.0,0.0,4.914857552216463e-197,2.6963159884364576e-186
probe_latent,0.42,8.0,30.0,0.1,1.0,2.5,0.0,0.0,0.0,0.0,0.0,0.0,0.0,0.0,0.0,1.917280901758569e-195,1.0242231388667754e-156
probe_latent,0.42,8.0,30.0,0.1,1.0,4.0,0.0,0.0,0.0,0.0,0.0,0.0,0.0,0.0,0.0,5.0397021740731e-197,2.7440621693031695e-186
probe_latent,0.42,8.0,30.0,0.25,1.0,2.5,0.0,0.0,0.0,0.0,0.0,0.0,0.0,0.0,0.0,1.9901873312360277e-195,1.4555387189849824e-156
probe_latent,0.42,8.0,30.0,0.25,1.0,4.0,0.0,0.0,0.0,0.0,0.0,0.0,0.0,0.0,0.0,5.232940270629686e-197,2.8172713954981332e-186
probe_latent,0.42,12.0,8.0,0.0,1.0,2.5,0.0,0.0,0.0,0.0,0.0,0.0,0.0,0.0,0.0,5.30252369388565e-250,2.8374126551333328e-151
probe_latent,0.42,12.0,8.0,0.0,1.0,4.0,0.0,0.0,0.0,0.0,0.0,0.0,0.0,0.0,0.0,3.733696426482207e-307,2.3384131808378878e-239
probe_latent,0.42,12.0,8.0,0.1,1.0,2.5,0.0,0.0,0.0,0.0,0.0,0.0,0.0,0.0,0.0,5.4754001831032983e-250,3.578623325553034e-151
probe_latent,0.42,12.0,8.0,0.1,1.0,4.0,0.0,0.0,0.0,0.0,0.0,0.0,0.0,0.0,0.0,3.884082890668872e-307,3.386936896534851e-239
probe_latent,0.42,12.0,8.0,0.25,1.0,2.5,0.0,0.0,0.0,0.0,0.0,0.0,0.0,0.0,0.0,5.745340053530464e-250,5.068812408953765e-151
probe_latent,0.42,12.0,8.0,0.25,1.0,4.0,0.0,0.0,0.0,0.0,0.0,0.0,0.0,0.0,0.0,4.1210958724016715e-307,5.903857785714892e-239
probe_latent,0.42,12.0,18.0,0.0,1.0,2.5,0.0,0.0,0.0,0.0,0.0,0.0,0.0,0.0,0.0,7.950127864522703e-206,1.8133664623033147e-152
probe_latent,0.42,12.0,18.0,0.0,1.0,4.0,0.0,0.0,0.0,0.0,0.0,0.0,0.0,0.0,0.0,5.580847569973485e-218,1.7516596371109333e-192
probe_latent,0.42,12.0,18.0,0.1,1.0,2.5,0.0,0.0,0.0,0.0,0.0,0.0,0.0,0.0,0.0,8.161540626601023e-206,2.292096230400268e-152
probe_latent,0.42,12.0,18.0,0.1,1.0,4.0,0.0,0.0,0.0,0.0,0.0,0.0,0.0,0.0,0.0,5.738246705175544e-218,1.783746700783816e-192
probe_latent,0.42,12.0,18.0,0.25,1.0,2.5,0.0,0.0,0.0,0.0,0.0,0.0,0.0,0.0,0.0,8.489247522847182e-206,3.257269917004317e-152
probe_latent,0.42,12.0,18.0,0.25,1.0,4.0,0.0,0.0,0.0,0.0,0.0,0.0,0.0,0.0,0.0,5.982707892794421e-218,1.8329827291753865e-192
probe_latent,0.42,12.0,30.0,0.0,1.0,2.5,0.0,0.0,0.0,0.0,0.0,0.0,0.0,0.0,0.0,1.912136107136408e-195,1.78478269322696e-152
probe_latent,0.42,12.0,30.0,0.0,1.0,4.0,0.0,0.0,0.0,0.0,0.0,0.0,0.0,0.0,0.0,5.0260681697390925e-197,2.7033042298050895e-186
probe_latent,0.42,12.0,30.0,0.1,1.0,2.5,0.0,0.0,0.0,0.0,0.0,0.0,0.0,0.0,0.0,1.9603078385292055e-195,2.2559949981673243e-152
probe_latent,0.42,12.0,30.0,0.1,1.0,4.0,0.0,0.0,0.0,0.0,0.0,0.0,0.0,0.0,0.0,5.1537377051041165e-197,2.751174157976553e-186
probe_latent,0.42,12.0,30.0,0.25,1.0,2.5,0.0,0.0,0.0,0.0,0.0,0.0,0.0,0.0,0.0,2.0348504081927073e-195,3.2060280080199557e-152
probe_latent,0.42,12.0,30.0,0.25,1.0,4.0,0.0,0.0,0.0,0.0,0.0,0.0,0.0,0.0,0.0,5.351348284040637e-197,2.824573125932221e-186
probe_latent,0.42,20.0,8.0,0.0,1.0,2.5,0.0,0.0,0.0,0.0,0.0,0.0,0.0,0.0,0.0,4.248222506190153e-249,8.350786583371944e-143
probe_latent,0.42,20.0,8.0,0.0,1.0,4.0,0.0,0.0,0.0,0.0,0.0,0.0,0.0,0.0,0.0,4.8358414389091506e-306,7.704918231204819e-226
probe_latent,0.42,20.0,8.0,0.1,1.0,2.5,0.0,0.0,0.0,0.0,0.0,0.0,0.0,0.0,0.0,4.3867259499621086e-249,1.0532243027782602e-142
probe_latent,0.42,20.0,8.0,0.1,1.0,4.0,0.0,0.0,0.0,0.0,0.0,0.0,0.0,0.0,0.0,5.030620288685669e-306,1.115973518106039e-225
probe_latent,0.42,20.0,8.0,0.25,1.0,2.5,0.0,0.0,0.0,0.0,0.0,0.0,0.0,0.0,0.0,4.602993655505617e-249,1.4918017152613028e-142
probe_latent,0.42,20.0,8.0,0.25,1.0,4.0,0.0,0.0,0.0,0.0,0.0,0.0,0.0,0.0,0.0,5.337596825528212e-306,1.945282461643362e-225
probe_latent,0.42,20.0,18.0,0.0,1.0,2.5,0.0,0.0,0.0,0.0,0.0,0.0,0.0,0.0,0.0,1.1400256611821909e-205,8.77236010677984e-144
probe_latent,0.42,20.0,18.0,0.0,1.0,4.0,0.0,0.0,0.0,0.0,0.0,0.0,0.0,0.0,0.0,8.176996774395378e-218,1.9356589615769135e-192
probe_latent,0.42,20.0,18.0,0.1,1.0,2.5,0.0,0.0,0.0,0.0,0.0,0.0,0.0,0.0,0.0,1.1703416482930674e-205,1.1088268119243809e-143
probe_latent,0.42,20.0,18.0,0.1,1.0,4.0,0.0,0.0,0.0,0.0,0.0,0.0,0.0,0.0,0.0,8.40761626448225e-218,1.9711165419385542e-192
probe_latent,0.42,20.0,18.0,0.25,1.0,2.5,0.0,0.0,0.0,0.0,0.0,0.0,0.0,0.0,0.0,1.217333882560663e-205,1.5757402196932942e-143
probe_latent,0.42,20.0,18.0,0.25,1.0,4.0,0.0,0.0,0.0,0.0,0.0,0.0,0.0,0.0,0.0,8.765798120833135e-218,2.0255244631861934e-192
probe_latent,0.42,20.0,30.0,0.0,1.0,2.5,0.0,0.0,0.0,0.0,0.0,0.0,0.0,0.0,0.0,1.9989220695393783e-195,8.659093812351957e-144
probe_latent,0.42,20.0,30.0,0.0,1.0,4.0,0.0,0.0,0.0,0.0,0.0,0.0,0.0,0.0,0.0,5.256095577612013e-197,2.7173350953088855e-186
probe_latent,0.42,20.0,30.0,0.1,1.0,2.5,0.0,0.0,0.0,0.0,0.0,0.0,0.0,0.0,0.0,2.0492801672969645e-195,1.0945238545544046e-143
probe_latent,0.42,20.0,30.0,0.1,1.0,4.0,0.0,0.0,0.0,0.0,0.0,0.0,0.0,0.0,0.0,5.389608147988215e-197,2.765453481096197e-186
probe_latent,0.42,20.0,30.0,0.25,1.0,2.5,0.0,0.0,0.0,0.0,0.0,0.0,0.0,0.0,0.0,2.1272059943677673e-195,1.5554441104692195e-143
probe_latent,0.42,20.0,30.0,0.25,1.0,4.0,0.0,0.0,0.0,0.0,0.0,0.0,0.0,0.0,0.0,5.596262744575494e-197,2.839233409151046e-186
probe_latent,0.42,32.0,8.0,0.0,1.0,2.5,0.0,0.0,0.0,0.0,0.0,0.0,0.0,0.0,0.0,9.633724264417752e-248,4.216331120073374e-130
probe_latent,0.42,32.0,8.0,0.0,1.0,4.0,0.0,0.0,0.0,0.0,0.0,0.0,0.0,0.0,0.0,2.2540919341816324e-304,1.457263911030175e-205
probe_latent,0.42,32.0,8.0,0.1,1.0,2.5,0.0,0.0,0.0,0.0,0.0,0.0,0.0,0.0,0.0,9.94780950478053e-248,5.317753435423618e-130
probe_latent,0.42,32.0,8.0,0.1,1.0,4.0,0.0,0.0,0.0,0.0,0.0,0.0,0.0,0.0,0.0,2.3448826351954907e-304,2.110688114787443e-205
probe_latent,0.42,32.0,8.0,0.25,1.0,2.5,0.0,0.0,0.0,0.0,0.0,0.0,0.0,0.0,0.0,1.0438241312311469e-247,7.532140756128954e-130
probe_latent,0.42,32.0,8.0,0.25,1.0,4.0,0.0,0.0,0.0,0.0,0.0,0.0,0.0,0.0,0.0,2.4879711430428185e-304,3.6791953438674393e-205
probe_latent,0.42,32.0,18.0,0.0,1.0,2.5,0.0,0.0,0.0,0.0,0.0,0.0,0.0,0.0,0.0,1.957606495450312e-205,9.333891734106493e-131
probe_latent,0.42,32.0,18.0,0.0,1.0,4.0,0.0,0.0,0.0,0.0,0.0,0.0,0.0,0.0,0.0,1.4502214517191876e-217,2.248523972982031e-192
probe_latent,0.42,32.0,18.0,0.1,1.0,2.5,0.0,0.0,0.0,0.0,0.0,0.0,0.0,0.0,0.0,2.0096638967045063e-205,1.1798044412674926e-130
probe_latent,0.42,32.0,18.0,0.1,1.0,4.0,0.0,0.0,0.0,0.0,0.0,0.0,0.0,0.0,0.0,1.4911226946737874e-217,2.2897126436361525e-192
probe_latent,0.42,32.0,18.0,0.25,1.0,2.5,0.0,0.0,0.0,0.0,0.0,0.0,0.0,0.0,0.0,2.0903570829811848e-205,1.676605660582409e-130
probe_latent,0.42,32.0,18.0,0.25,1.0,4.0,0.0,0.0,0.0,0.0,0.0,0.0,0.0,0.0,0.0,1.5546476080409033e-217,2.352914642373461e-192
probe_latent,0.42,32.0,30.0,0.0,1.0,2.5,0.0,0.0,0.0,0.0,0.0,0.0,0.0,0.0,0.0,2.1365420942345978e-195,9.253437436425564e-131
probe_latent,0.42,32.0,30.0,0.0,1.0,4.0,0.0,0.0,0.0,0.0,0.0,0.0,0.0,0.0,0.0,5.621025722003634e-197,2.738518056438608e-186
probe_latent,0.42,32.0,30.0,0.1,1.0,2.5,0.0,0.0,0.0,0.0,0.0,0.0,0.0,0.0,0.0,2.190367201918489e-195,1.1696498767973934e-130
probe_latent,0.42,32.0,30.0,0.1,1.0,4.0,0.0,0.0,0.0,0.0,0.0,0.0,0.0,0.0,0.0,5.76380805562254e-197,2.7870115486666064e-186
probe_latent,0.42,32.0,30.0,0.25,1.0,2.5,0.0,0.0,0.0,0.0,0.0,0.0,0.0,0.0,0.0,2.273657997643798e-195,1.6622068167863051e-130
probe_latent,0.42,32.0,30.0,0.25,1.0,4.0,0.0,0.0,0.0,0.0,0.0,0.0,0.0,0.0,0.0,5.984810658378696e-197,2.861366627482523e-186
